file,row,listing id,seller,price,currency,title,why it was held,listing url
hipcomic.csv,2,17956340,Princecringer,1999.99,USD,Amazing Spider-Man Annual #1 CGC Graded 5.0,no publication year in the title,https://www.hipcomic.com/listing/amazing-spider-man-annual-1-cgc-graded-50/17956340
hipcomic.csv,4,21840521,Mark,8.50,USD,Wolverine #65 (1993) Wolverine CGC 9.6,"auction listing (current bid, not a fixed price)",https://www.hipcomic.com/listing/wolverine-65-1993-wolverine-cgc-96/21840521
hipcomic.csv,5,21794674,HipComic,5.50,USD,Wonder Woman #750 Torpedo Comics Cover D (2020) Wonder Woman CGC 9.8,"auction listing (current bid, not a fixed price)",https://www.hipcomic.com/listing/wonder-woman-750-torpedo-comics-cover-d-2020-wonder-woman-cgc-98/21794674
hipcomic.csv,7,17759897,Princecringer,1400.00,USD,Fantastic Four #48 CGC Graded 5.0 VG/FN,no publication year in the title,https://www.hipcomic.com/listing/fantastic-four-48-cgc-graded-50-vg-fn/17759897
hipcomic.csv,8,21840523,Mark,5.50,USD,Thor #344 (1984) Thor [Key Issue] CGC 7.0,"auction listing (current bid, not a fixed price)",https://www.hipcomic.com/listing/thor-344-1984-thor-key-issue-cgc-70/21840523
hipcomic.csv,12,11403675,Killenenterprises,6000.00,USD,CGC 9.6 Wizard #1 Newsstand Magazine Comic 1991 Signed by Gareb Shamus Editor,signed or conserved book without a stated label type; publisher not stated and not determinable from the series,https://www.hipcomic.com/listing/cgc-96-wizard-1-newsstand-magazine-comic-1991-signed-by-gareb-shamus-editor/11403675
hipcomic.csv,13,12374076,rkornblow,99.95,USD,Miracleman #1 (1985) CGC 9.0,publisher not stated and not determinable from the series,https://www.hipcomic.com/listing/miracleman-1-1985-cgc-90/12374076
hipcomic.csv,18,13594619,Killenenterprises,250.00,USD,CGC 9.8 Faro's Lounge American Safari Sketchbook Comic Amazon Virgin Wonder,no issue number in the title; publisher not stated and not determinable from the series; no publication year in the title,https://www.hipcomic.com/listing/cgc-98-faros-lounge-american-safari-sketchbook-comic-amazon-virgin-wonder/13594619
hipcomic.csv,19,19422449,shauk786,249.99,USD,GUN HONEY: COLLISION COURSE #1 DAVID SANCHEZ VARIANT  CGC 9.8 SIGNATURE SERIES.,publisher not stated and not determinable from the series; no publication year in the title,https://www.hipcomic.com/listing/gun-honey-collision-course-1-david-sanchez-variant-cgc-98-signature-series/19422449
hipcomic.csv,27,17956339,Princecringer,2599.99,USD,Avengers #1 1st Appearance of Avengers Lee Kirby CGC Graded 1.8 GD,no publication year in the title,https://www.hipcomic.com/listing/avengers-1-1st-appearance-of-avengers-lee-kirby-cgc-graded-18-gd/17956339
hipcomic.csv,29,21509828,wsandefur,89.95,USD,Amazing Spider-Man #365 *KEY* 1st Appearance of Spider-Man 2099 - CGC 9.6,no publication year in the title,https://www.hipcomic.com/listing/amazing-spider-man-365-key-1st-appearance-of-spider-man-2099-cgc-96/21509828
hipcomic.csv,30,12651274,dtacollectibles,12000.00,USD,X-MEN #1 cgc 3.5-First issue-Marvel Key comic book 4216268001,no publication year in the title,https://www.hipcomic.com/listing/x-men-1-cgc-35-first-issue-marvel-key-comic-book-4216268001/12651274
hipcomic.csv,32,18281721,rdbeard,5045.00,USD,BATMAN #17 - CGC-7.5 - OW - Classic cover - Penguin - Golden Age,no publication year in the title,https://www.hipcomic.com/listing/batman-17-cgc-75-ow-classic-cover-penguin-golden-age/18281721
hipcomic.csv,36,20184920,comicage,3500.00,CAD,Incredible Hulk (1988) # 340 ( CGC 9.8 WP)  Signed Full Todd McFarlane • Wiacek,signed or conserved book without a stated label type,https://www.hipcomic.com/listing/incredible-hulk-1988-340-cgc-98-wp-signed-full-todd-mcfarlane-o-wiacek/20184920
hipcomic.csv,37,13894659,AtlantaClassicComics,2499.99,USD,Venom # 1 CGC 9.8 SIGNED McFarlane 3X & SKETCHED Eric Lovato Original Art JH6,signed or conserved book without a stated label type; no publication year in the title,https://www.hipcomic.com/listing/venom-1-cgc-98-signed-mcfarlane-3x-sketched-eric-lovato-original-art-jh6/13894659
hipcomic.csv,39,12246338,EEGABEEVA,500.00,USD,BATMAN THE ADVENTURES CONTINUE CGC SIGNATURE 9.8 HARLEY QUINN KRS 2020,no issue number in the title; signed or conserved book without a stated label type; publisher not stated and not determinable from the series,https://www.hipcomic.com/listing/batman-the-adventures-continue-cgc-signature-98-harley-quinn-krs-2020/12246338
hipcomic.csv,40,16843748,bbop,3400.00,USD,Batman #40; CGC 7.5,no publication year in the title,https://www.hipcomic.com/listing/batman-40-cgc-75/16843748
hipcomic.csv,42,17349343,Princecringer,1099.99,USD,Batman #251 CGC JSA 5.0 Neal Adams Authenticated Autograph DC Comics 1973,signed or conserved book without a stated label type,https://www.hipcomic.com/listing/batman-251-cgc-jsa-50-neal-adams-authenticated-autograph-dc-comics-1973/17349343
hipcomic.csv,44,17956341,Princecringer,1699.99,USD,Something Is Killing The Children #8 Dekal Virgin Variant BOOM! CGC 9.8,no publication year in the title,https://www.hipcomic.com/listing/something-is-killing-the-children-8-dekal-virgin-variant-boom-cgc-98/17956341
hipcomic.csv,46,21690651,AtlantaClassicComics,15000.00,USD,Spectacular Spider-Man # 189 CGC Grade 9.4 Marvel Comic Book Error Version JM1,no publication year in the title,https://www.hipcomic.com/listing/spectacular-spider-man-189-cgc-grade-94-marvel-comic-book-error-version-jm1/21690651
hipcomic.csv,47,16437187,rdbeard,5335.00,USD,"BATMAN #49 - CGC-6.5, OW-W - Joker - 1st Vicki Vale & Mad Hatter - Golden Age",no publication year in the title,https://www.hipcomic.com/listing/batman-49-cgc-65-ow-w-joker-1st-vicki-vale-mad-hatter-golden-age/16437187
hipcomic.csv,48,21269055,edgardoe1971,8000.00,USD,"1977 Brabantia Nostra Dutch/Netherlands Edition Superman #1, CGC 8.0",publisher not stated and not determinable from the series,https://www.hipcomic.com/listing/1977-brabantia-nostra-dutch-netherlands-edition-superman-1-cgc-80/21269055
hipcomic.csv,49,18266708,bbop,7500.00,USD,Amazing Spider-Man #1; CGC 3.0. Off-white pages. 2nd app of Spider-man!,no publication year in the title,https://www.hipcomic.com/listing/amazing-spider-man-1-cgc-30-off-white-pages-2nd-app-of-spider-man/18266708
hipcomic (1).csv,2,17378178,Princecringer,1099.99,USD,New Mutants #87 CGC 9.8 JSA Authenicated Rob Liefeld Signature Marvel 1st Cable,signed or conserved book without a stated label type; no publication year in the title,https://www.hipcomic.com/listing/new-mutants-87-cgc-98-jsa-authenicated-rob-liefeld-signature-marvel-1st-cable/17378178
hipcomic (1).csv,4,16473688,Krypto-Knight,1200.00,USD,The Amazing Spider-Man #300 Direct Edition (1988) Signed CGC 8.5,signed or conserved book without a stated label type,https://www.hipcomic.com/listing/the-amazing-spider-man-300-direct-edition-1988-signed-cgc-85/16473688
hipcomic (1).csv,5,10972212,bbop,15999.00,USD,"Journey Into Mystery #85 (Thor, first appearance of Loki) CGC 7.5",publisher not stated and not determinable from the series; no publication year in the title,https://www.hipcomic.com/listing/journey-into-mystery-85-thor-first-appearance-of-loki-cgc-75/10972212
hipcomic (1).csv,6,13595766,Killenenterprises,325.00,USD,CGC 9.6 Faro's Lounge Rubi Rojo Comic Jose Varese Kissing Spider Girls 2021,no issue number in the title; publisher not stated and not determinable from the series,https://www.hipcomic.com/listing/cgc-96-faros-lounge-rubi-rojo-comic-jose-varese-kissing-spider-girls-2021/13595766
hipcomic (1).csv,8,18972283,vintageexplosion,715.00,USD,NEW MUTANTS #98--CGC 9.6--1991-- First DEADPOOL --4253098010,no publication year in the title,https://www.hipcomic.com/listing/new-mutants-98-cgc-96-1991-first-deadpool-4253098010/18972283
hipcomic (1).csv,9,17394530,AtlantaClassicComics,2849.99,USD,Swamp Thing # 37 CGC Graded 9.8 DC Comic Book 1st Constantine Appearance JH10,no publication year in the title,https://www.hipcomic.com/listing/swamp-thing-37-cgc-graded-98-dc-comic-book-1st-constantine-appearance-jh10/17394530
hipcomic (1).csv,11,17759903,Princecringer,999.99,USD,Amazing Spider-Man #101 1st App Morbius Thomas Romita CGC Graded 8.0 Marvel VF,no publication year in the title,https://www.hipcomic.com/listing/amazing-spider-man-101-1st-app-morbius-thomas-romita-cgc-graded-80-marvel-vf/17759903
hipcomic (1).csv,14,15485531,rdbeard,2450.00,USD,"SUPERMAN #19 - CGC-6.5, WP - Golden Age",no publication year in the title,https://www.hipcomic.com/listing/superman-19-cgc-65-wp-golden-age/15485531
hipcomic (1).csv,15,21838955,modigity2099,12000.00,USD,Graphic Fantasy #1 CGC 9.8 WP Signed 31/200 1st Dragon Savage Dragon Ajax 1982,signed or conserved book without a stated label type; publisher not stated and not determinable from the series,https://www.hipcomic.com/listing/graphic-fantasy-1-cgc-98-wp-signed-31-200-1st-dragon-savage-dragon-ajax-1982/21838955
hipcomic (1).csv,17,21838957,modigity2099,3500.00,USD,Graphic Fantasy #2 CGC 9.8 WP 2nd Dragon Signed 120/400 (Ajax 1982),signed or conserved book without a stated label type; publisher not stated and not determinable from the series,https://www.hipcomic.com/listing/graphic-fantasy-2-cgc-98-wp-2nd-dragon-signed-120-400-ajax-1982/21838957
hipcomic (1).csv,18,10991776,Princecringer,374.99,USD,Invincible Iron Man #9 2nd Print CGC Graded 9.2  {product.Pubilcation_Year} {pro,no publication year in the title,https://www.hipcomic.com/listing/invincible-iron-man-9-2nd-print-cgc-graded-92-productpubilcation_year-pro/10991776
hipcomic (1).csv,20,14380022,vintageexplosion,412.50,USD,ACTION #1--1976-- CGC 9.4--1st SUPERMAN--SLEEPING BAG REPRINT--comic book,publisher not stated and not determinable from the series; no publication year in the title,https://www.hipcomic.com/listing/action-1-1976-cgc-94-1st-superman-sleeping-bag-reprint-comic-book/14380022
hipcomic (1).csv,21,21838954,modigity2099,25000.00,USD,Graphic Fantasy #1 CGC 9.8 Signed #1/300 Firstcopy Of The 1st Dragon (Ajax 82),signed or conserved book without a stated label type; publisher not stated and not determinable from the series; no publication year in the title,https://www.hipcomic.com/listing/graphic-fantasy-1-cgc-98-signed-1-300-firstcopy-of-the-1st-dragon-ajax-82/21838954
hipcomic (1).csv,22,21802228,EEGABEEVA,450.00,USD,STRANGE WORLDS 1 CGC 5.0 ATLAS FLYING SAUCER CVR 1958,publisher not stated and not determinable from the series,https://www.hipcomic.com/listing/strange-worlds-1-cgc-50-atlas-flying-saucer-cvr-1958/21802228
hipcomic (1).csv,24,16780814,vintageexplosion,275.00,USD,WOLVERINE LIMITED SERIES #1--CGC 9.4--1982--COMIC BOOK--4253098005,no publication year in the title,https://www.hipcomic.com/listing/wolverine-limited-series-1-cgc-94-1982-comic-book-4253098005/16780814
hipcomic (1).csv,25,15810676,legacycomics,5999.99,USD,World's Finest Comics #71 CGC 7.5 White 3rd Highest Graded Copy,no publication year in the title,https://www.hipcomic.com/listing/worlds-finest-comics-71-cgc-75-white-3rd-highest-graded-copy/15810676
hipcomic (1).csv,27,17888887,Princecringer,209.99,USD,Venom #1 Quinones Virgin Variant Signature Series CGC 9.8 Donny Cates Signature,no publication year in the title,https://www.hipcomic.com/listing/venom-1-quinones-virgin-variant-signature-series-cgc-98-donny-cates-signature/17888887
hipcomic (1).csv,30,12665200,legacycomics,12000.00,USD,Star Wars: The High Republic Adventures #1 (2021) CGC 9.9 One of One!,publisher not stated and not determinable from the series,https://www.hipcomic.com/listing/star-wars-the-high-republic-adventures-1-2021-cgc-99-one-of-one/12665200
hipcomic (1).csv,31,18387455,legacycomics,10499.99,USD,Giant-Size X-Men #1 CGC 9.6 OW 1st Appearance of the New X-Men,no publication year in the title,https://www.hipcomic.com/listing/giant-size-x-men-1-cgc-96-ow-1st-appearance-of-the-new-x-men/18387455
hipcomic (1).csv,34,20540527,EEGABEEVA,550.00,USD,BLACK CAT MYSTERY COMICS 34 CGC 6.0 FILE COPY 1952 BONDAGE CVR HARVEY,publisher not stated and not determinable from the series,https://www.hipcomic.com/listing/black-cat-mystery-comics-34-cgc-60-file-copy-1952-bondage-cvr-harvey/20540527
hipcomic (1).csv,37,12651283,dtacollectibles,36000.00,USD,FANTASTIC FOUR #1-CGC 3.0-First issue-Marvel Key-comic book 20235170001,no publication year in the title,https://www.hipcomic.com/listing/fantastic-four-1-cgc-30-first-issue-marvel-key-comic-book-20235170001/12651283
hipcomic (1).csv,46,12651280,dtacollectibles,12500.00,USD,AVENGERS #1 CGC 5.5 White Pages-1st appearance! Silver-Age Marvel 1485370001,no publication year in the title,https://www.hipcomic.com/listing/avengers-1-cgc-55-white-pages-1st-appearance-silver-age-marvel-1485370001/12651280
hipcomic (1).csv,49,6749684,dtacollectibles,2380.00,USD,Avengers #57 CGC 8.0 - first appearance of THE VISION! Marvel 1293942001,no publication year in the title,https://www.hipcomic.com/listing/avengers-57-cgc-80-first-appearance-of-the-vision-marvel-1293942001/6749684
hipcomic (2).csv,5,12651275,dtacollectibles,12000.00,USD,JOURNEY INTO MYSTERY #83 CGC 2.5-1st THOR Jack Kirby 3747673001,publisher not stated and not determinable from the series; no publication year in the title,https://www.hipcomic.com/listing/journey-into-mystery-83-cgc-25-1st-thor-jack-kirby-3747673001/12651275
hipcomic (2).csv,6,21802236,EEGABEEVA,375.00,USD,ARCHIE GINGER 6 CGC 5.0 1953,publisher not stated and not determinable from the series,https://www.hipcomic.com/listing/archie-ginger-6-cgc-50-1953/21802236
hipcomic (2).csv,7,11481532,Killenenterprises,300.00,USD,CGC 9.2 Voltron #1 Comic Book 1985 Modern Pub. Special First Edition!,publisher not stated and not determinable from the series,https://www.hipcomic.com/listing/cgc-92-voltron-1-comic-book-1985-modern-pub-special-first-edition/11481532
hipcomic (2).csv,9,6749693,dtacollectibles,1890.00,USD,Detective #359 CGC 5.5 First BATGIRL / BARBARA GORDON - 3745763022,publisher not stated and not determinable from the series; no publication year in the title,https://www.hipcomic.com/listing/detective-359-cgc-55-first-batgirl-barbara-gordon-3745763022/6749693
hipcomic (2).csv,12,12339783,EEGABEEVA,800.00,USD,STARTLING TERROR TALES 11 CGC 6.5 LAST ISSUE L B COLE 1954,publisher not stated and not determinable from the series,https://www.hipcomic.com/listing/startling-terror-tales-11-cgc-65-last-issue-l-b-cole-1954/12339783
hipcomic (2).csv,13,13589099,Killenenterprises,200.00,USD,CGC 9.4 Detective Comics Special Replica Edition #38 Comic Book 1995 1st Robin,publisher not stated and not determinable from the series,https://www.hipcomic.com/listing/cgc-94-detective-comics-special-replica-edition-38-comic-book-1995-1st-robin/13589099
hipcomic (2).csv,16,15669856,dtacollectibles,4900.00,USD,AMAZING SPIDER-MAN #129-1st appearance PUNISHER-CGC 8.0 MARVEL KEY 3745763011,no publication year in the title,https://www.hipcomic.com/listing/amazing-spider-man-129-1st-appearance-punisher-cgc-80-marvel-key-3745763011/15669856
hipcomic (2).csv,19,13594639,Killenenterprises,250.00,USD,CGC 9.8 Faro's Lounge American Safari Sketchbook Comic Captain America Virgin,no issue number in the title; publisher not stated and not determinable from the series; no publication year in the title,https://www.hipcomic.com/listing/cgc-98-faros-lounge-american-safari-sketchbook-comic-captain-america-virgin/13594639
hipcomic (2).csv,22,10991747,Princecringer,524.99,USD,Strange Academy #1 CGC Graded 9.8  {product.Pubilcation_Year} {product.Publisher,no publication year in the title,https://www.hipcomic.com/listing/strange-academy-1-cgc-graded-98-productpubilcation_year-productpublisher/10991747
hipcomic (2).csv,23,12653130,Killenenterprises,150.00,USD,CGC 9.0 Lady Death Necrotic Genesis #1 Comic Book 2022 - Coffin Comics Homage,publisher not stated and not determinable from the series,https://www.hipcomic.com/listing/cgc-90-lady-death-necrotic-genesis-1-comic-book-2022-coffin-comics-homage/12653130
hipcomic (2).csv,30,6749685,dtacollectibles,6300.00,USD,Ghost Rider #1 CGC 9.2 ME 1950-Origin issue-Golden-Age comic book 3726491001,publisher not stated and not determinable from the series,https://www.hipcomic.com/listing/ghost-rider-1-cgc-92-me-1950-origin-issue-golden-age-comic-book-3726491001/6749685
hipcomic (2).csv,32,6749680,dtacollectibles,2590.00,USD,THE ETERNALS #1 CGC 9.0 30 cent variant-unpressed- 0139812003,no publication year in the title,https://www.hipcomic.com/listing/the-eternals-1-cgc-90-30-cent-variant-unpressed-0139812003/6749680
hipcomic (2).csv,37,12099949,legacycomics,450.00,USD,The New Mutants #87 CGC 9.4 Signature Series Signed by Rob Liefeld,no publication year in the title,https://www.hipcomic.com/listing/the-new-mutants-87-cgc-94-signature-series-signed-by-rob-liefeld/12099949
hipcomic (2).csv,39,19016912,EEGABEEVA,385.00,USD,THRILLING CRIME CASES 45 CGC 4.0 L B COLE STAR 1951,publisher not stated and not determinable from the series,https://www.hipcomic.com/listing/thrilling-crime-cases-45-cgc-40-l-b-cole-star-1951/19016912
hipcomic (2).csv,40,10240550,comicage,3000.00,CAD,Transformers (1984)  # 1 (CGC 9.6 WP) Signed By Bill Sienkiewicz! | Canadian Cpv,signed or conserved book without a stated label type,https://www.hipcomic.com/listing/transformers-1984-1-cgc-96-wp-signed-by-bill-sienkiewicz-canadian-cpv/10240550
hipcomic (2).csv,41,8035577,dtacollectibles,1820.00,USD,FANTASTIC FOUR #67-1967 CGC 8.0- HIM/WARLOCK ORIGIN 0238489002,lot or multi-issue set; no publication year in the title,https://www.hipcomic.com/listing/fantastic-four-67-1967-cgc-80-him-warlock-origin-0238489002/8035577
hipcomic (2).csv,42,16369567,EEGABEEVA,450.00,USD,HEROIC COMICS 6 CGC 6.0 MAN O METAL EVERETT 1941,publisher not stated and not determinable from the series,https://www.hipcomic.com/listing/heroic-comics-6-cgc-60-man-o-metal-everett-1941/16369567
hipcomic (2).csv,46,12099928,legacycomics,675.00,USD,The New Mutants #87 Newsstand Mark Jewelers Insert CGC 8.5 SS Signed Rob Liefeld,no publication year in the title,https://www.hipcomic.com/listing/the-new-mutants-87-newsstand-mark-jewelers-insert-cgc-85-ss-signed-rob-liefeld/12099928
hipcomic (2).csv,47,19466181,comicage,15000.00,CAD,Incredible Hulk (1974) # 180 (CGC 8.5) Signed Stan Lee * Hugh Jackman * Thomas,signed or conserved book without a stated label type,https://www.hipcomic.com/listing/incredible-hulk-1974-180-cgc-85-signed-stan-lee-hugh-jackman-thomas/19466181
hipcomic (3).csv,6,18119580,EEGABEEVA,1300.00,USD,STARTLING TERROR TALES 8 CGC 5.5 3RD HIGHEST GRADED L B COLE HORROR 1954 GA,publisher not stated and not determinable from the series,https://www.hipcomic.com/listing/startling-terror-tales-8-cgc-55-3rd-highest-graded-l-b-cole-horror-1954-ga/18119580
hipcomic (3).csv,7,15684173,EEGABEEVA,550.00,USD,CAPTAIN TOOTSIE 1 CGC 7.5 WHITE PAGES TOBY PRESS 1950,publisher not stated and not determinable from the series,https://www.hipcomic.com/listing/captain-tootsie-1-cgc-75-white-pages-toby-press-1950/15684173
hipcomic (3).csv,11,14243858,Killenenterprises,400.00,USD,CGC 9.8 White Widow #5 St. Patricks Naughty Metal Variant Comic Book 2020 Virgin,adult-variant wording (needs a manual look before Merchant Center); publisher not stated and not determinable from the series,https://www.hipcomic.com/listing/cgc-98-white-widow-5-st-patricks-naughty-metal-variant-comic-book-2020-virgin/14243858
hipcomic (3).csv,12,10999677,Princecringer,399.99,USD,Fantastic Four Vol. 1 #67 CGC 6.0 1st App and Origin Adam Warlock Marvel FN,no publication year in the title,https://www.hipcomic.com/listing/fantastic-four-vol-1-67-cgc-60-1st-app-and-origin-adam-warlock-marvel-fn/10999677
hipcomic (3).csv,15,5710177,dtacollectibles,2240.00,USD,Sunny #11 CGC 5.0-1st issue-GGA Peek-A-Boo cover 0999942003,publisher not stated and not determinable from the series; no publication year in the title,https://www.hipcomic.com/listing/sunny-11-cgc-50-1st-issue-gga-peek-a-boo-cover-0999942003/5710177
hipcomic (3).csv,19,8714808,EEGABEEVA,525.00,USD,BLACKHAWK 133 CGC 4.5 FIRST LADY BLACKHAWK SPIELBERG MOVIE 1959,publisher not stated and not determinable from the series,https://www.hipcomic.com/listing/blackhawk-133-cgc-45-first-lady-blackhawk-spielberg-movie-1959/8714808
hipcomic (3).csv,20,12041680,legacycomics,350.00,USD,Incredible Hulk #1 CGC 9.4 Signature Series Sketch Edition,no publication year in the title,https://www.hipcomic.com/listing/incredible-hulk-1-cgc-94-signature-series-sketch-edition/12041680
hipcomic (3).csv,21,3531188,dtacollectibles,763.00,USD,MARVEL TALES-#106 cgc 6.0-Russ Heath- Krigstein - 0245670002,publisher not stated and not determinable from the series; no publication year in the title,https://www.hipcomic.com/listing/marvel-tales-106-cgc-60-russ-heath-krigstein-0245670002/3531188
hipcomic (3).csv,27,20540533,EEGABEEVA,400.00,USD,TARZAN 2 CGC 6.5 DELL JESSE MARSH 1948,publisher not stated and not determinable from the series,https://www.hipcomic.com/listing/tarzan-2-cgc-65-dell-jesse-marsh-1948/20540533
hipcomic (3).csv,29,19016907,EEGABEEVA,350.00,USD,WAR AGAINST CRIME 8 EC CGC 4.0 1949,publisher not stated and not determinable from the series,https://www.hipcomic.com/listing/war-against-crime-8-ec-cgc-40-1949/19016907
hipcomic (3).csv,30,19015513,legacycomics,2999.99,USD,The Outer Limits #1 (1964) CGC 9.2 OW-W Pgs 2nd Highest Graded,publisher not stated and not determinable from the series,https://www.hipcomic.com/listing/the-outer-limits-1-1964-cgc-92-ow-w-pgs-2nd-highest-graded/19015513
hipcomic (3).csv,31,12041555,legacycomics,250.00,USD,Hellboy Premiere Edition (2004) CGC 9.6 Signature Series,no issue number in the title; publisher not stated and not determinable from the series,https://www.hipcomic.com/listing/hellboy-premiere-edition-2004-cgc-96-signature-series/12041555
hipcomic (3).csv,34,20540530,EEGABEEVA,995.00,USD,ATOMIC COMICS 1 CGC 5.5 CANADA DANIELS PUBLICATION ROCKETMAN YANKEE BOY 1946,publisher not stated and not determinable from the series,https://www.hipcomic.com/listing/atomic-comics-1-cgc-55-canada-daniels-publication-rocketman-yankee-boy-1946/20540530
hipcomic (3).csv,35,15471128,EEGABEEVA,300.00,USD,MODERN COMICS 54 CGC 7.0 QUALITY BLACKHAWK 1946,publisher not stated and not determinable from the series,https://www.hipcomic.com/listing/modern-comics-54-cgc-70-quality-blackhawk-1946/15471128
hipcomic (3).csv,36,21867991,legacycomics,299.99,USD,Supergirl Woman of Tomorrow #1 (2026) 9.8 CGC SS Signed Negative Space Exclusive,publisher not stated and not determinable from the series,https://www.hipcomic.com/listing/supergirl-woman-of-tomorrow-1-2026-98-cgc-ss-signed-negative-space-exclusive/21867991
hipcomic (3).csv,42,15467622,EEGABEEVA,400.00,USD,DELL GIANT CGC 9.0 LIFESTORIES OF AMERICAN PRESIDENTS 1957,no issue number in the title; publisher not stated and not determinable from the series,https://www.hipcomic.com/listing/dell-giant-cgc-90-lifestories-of-american-presidents-1957/15467622
hipcomic (3).csv,43,15797128,EEGABEEVA,450.00,USD,THUNDER AGENTS 1 CGC 9.0 WOOD FIRST ISSUE TOWER COMICS 1965,publisher not stated and not determinable from the series,https://www.hipcomic.com/listing/thunder-agents-1-cgc-90-wood-first-issue-tower-comics-1965/15797128
hipcomic (3).csv,46,21076352,rdbeard,2385.00,USD,"MARVEL MYSTERY COMICS #88 - CGC-7.0, OWW - Captain America - Golden Age",publisher not stated and not determinable from the series; no publication year in the title,https://www.hipcomic.com/listing/marvel-mystery-comics-88-cgc-70-oww-captain-america-golden-age/21076352
hipcomic (3).csv,48,19096566,papercinema,8060.00,USD,FANTASTIC FOUR #52 // CGC 8.0 // 1st Black Panther // 3794698003,no publication year in the title,https://www.hipcomic.com/listing/fantastic-four-52-cgc-80-1st-black-panther-3794698003/19096566
hipcomic (4).csv,7,21386841,Princecringer,279.99,USD,Fantastic Four #51 CGC Graded 6.5  {product.Pubilcation_Year} {product.Publisher,no publication year in the title,https://www.hipcomic.com/listing/fantastic-four-51-cgc-graded-65-productpubilcation_year-productpublisher/21386841
hipcomic (4).csv,9,15486481,rdbeard,1065.00,USD,"WONDER WOMAN #42 - CGC-7.0, OW-W - Golden Age",no publication year in the title,https://www.hipcomic.com/listing/wonder-woman-42-cgc-70-ow-w-golden-age/15486481
hipcomic (4).csv,13,19016918,EEGABEEVA,375.00,USD,GREAT GRAPE APE 1 CGC 9.2 HANNA BARBERA CHARLTON,no publication year in the title,https://www.hipcomic.com/listing/great-grape-ape-1-cgc-92-hanna-barbera-charlton/19016918
hipcomic (4).csv,15,19410132,AtlantaClassicComics,999.99,USD,Amazing Spider-Man # 12 CGC Graded 4.0 Marvel Comic Book Doctor Octopus JH18,no publication year in the title,https://www.hipcomic.com/listing/amazing-spider-man-12-cgc-graded-40-marvel-comic-book-doctor-octopus-jh18/19410132
hipcomic (4).csv,16,4350474,dtacollectibles,910.00,USD,UNCANNY X-MEN #423-CGC 9.4-PRICE ERROR VARIANT-SUPER RARE-HTF- 1280482001,no publication year in the title,https://www.hipcomic.com/listing/uncanny-x-men-423-cgc-94-price-error-variant-super-rare-htf-1280482001/4350474
hipcomic (4).csv,18,20540532,EEGABEEVA,350.00,USD,SPORT THRILLS 15 CGC 7.0 L B COLE 1951,publisher not stated and not determinable from the series,https://www.hipcomic.com/listing/sport-thrills-15-cgc-70-l-b-cole-1951/20540532
hipcomic (4).csv,21,12098893,legacycomics,120.00,USD,Latest Comics #2 (1945) CGC 6.5,publisher not stated and not determinable from the series,https://www.hipcomic.com/listing/latest-comics-2-1945-cgc-65/12098893
hipcomic (4).csv,23,21552932,EEGABEEVA,400.00,USD,MAN IN SPACE DELL GIANT 27 CGC 9.4 FILE COPY 1959,publisher not stated and not determinable from the series,https://www.hipcomic.com/listing/man-in-space-dell-giant-27-cgc-94-file-copy-1959/21552932
hipcomic (4).csv,28,15684176,EEGABEEVA,560.00,USD,THE BARKER 1 CGC 6.0 QUALITY COMICS GREAT CLOWN CVR 1946,publisher not stated and not determinable from the series,https://www.hipcomic.com/listing/the-barker-1-cgc-60-quality-comics-great-clown-cvr-1946/15684176
hipcomic (4).csv,31,14275312,dtacollectibles,2800.00,USD,MYSTIC COMICS #1-TIMELY-cgc 4.0-Rare comic book-1944 4254338001,no publication year in the title,https://www.hipcomic.com/listing/mystic-comics-1-timely-cgc-40-rare-comic-book-1944-4254338001/14275312
hipcomic (4).csv,39,19656908,EEGABEEVA,475.00,USD,JOHN WICK 1 CGC 9.8 WHITE PAGES VARIANT CVR B FIRST APPEARANCE 2017,publisher not stated and not determinable from the series,https://www.hipcomic.com/listing/john-wick-1-cgc-98-white-pages-variant-cvr-b-first-appearance-2017/19656908
hipcomic (4).csv,40,5848657,dtacollectibles,4130.00,USD,Wilbur Comics #5 CGC 6.5 1st KATY KEENE-Golden-Age Archie 1139258005,publisher not stated and not determinable from the series; no publication year in the title,https://www.hipcomic.com/listing/wilbur-comics-5-cgc-65-1st-katy-keene-golden-age-archie-1139258005/5848657
hipcomic (4).csv,41,16547080,rdbeard,2725.00,USD,"BATMAN #66 - CGC-6.0, OW - Joker - Golden Age",no publication year in the title,https://www.hipcomic.com/listing/batman-66-cgc-60-ow-joker-golden-age/16547080
hipcomic (4).csv,44,13578142,Killenenterprises,225.00,USD,CGC 9.2 Web of Spider-man #100 Holo Foil Comic Book Newstand 1st Spider Armor 93,no publication year in the title,https://www.hipcomic.com/listing/cgc-92-web-of-spider-man-100-holo-foil-comic-book-newstand-1st-spider-armor-93/13578142
hipcomic (4).csv,46,16976115,legacycomics,249.99,USD,Superman #218 CGC 9.2 OW-White Pages - Curt Swan & Neal Adams Cover,no publication year in the title,https://www.hipcomic.com/listing/superman-218-cgc-92-ow-white-pages-curt-swan-neal-adams-cover/16976115
hipcomic (4).csv,47,15669831,dtacollectibles,11900.00,USD,Funny Pages Vol.3 #1 CGC 7.5 CENTAUR Bruce Wayne-Highest-2109540001,no publication year in the title,https://www.hipcomic.com/listing/funny-pages-vol3-1-cgc-75-centaur-bruce-wayne-highest-2109540001/15669831
hipcomic (4).csv,48,20723421,rdbeard,4000.00,USD,BATMAN #50 - CGC-7.5 - OW-W - Two-Face - Golden Age,no publication year in the title,https://www.hipcomic.com/listing/batman-50-cgc-75-ow-w-two-face-golden-age/20723421
hipcomic (5).csv,5,20910560,AtlantaClassicComics,874.99,USD,Incredible Hulk # 340 CGC Graded 9.4 Marvel Comic Book McFarlane Wolverine JH30,no publication year in the title,https://www.hipcomic.com/listing/incredible-hulk-340-cgc-graded-94-marvel-comic-book-mcfarlane-wolverine-jh30/20910560
hipcomic (5).csv,6,16369570,EEGABEEVA,350.00,USD,FAST WILLIE JACKSON 1  CGC 7.5 SCARCE WHITE PAGES 1976,publisher not stated and not determinable from the series,https://www.hipcomic.com/listing/fast-willie-jackson-1-cgc-75-scarce-white-pages-1976/16369570
hipcomic (5).csv,8,12029266,legacycomics,450.00,USD,Fallen Son: The Death of Captain America #3 CGC Signature Series 9.2 Sketch,no publication year in the title,https://www.hipcomic.com/listing/fallen-son-the-death-of-captain-america-3-cgc-signature-series-92-sketch/12029266
hipcomic (5).csv,14,14908141,AtlantaClassicComics,1025.00,USD,NYX # 3 CGC Graded 9.0 Marvel Comic Book 1st Appearance Of X-23 Laura Kinney JH7,no publication year in the title,https://www.hipcomic.com/listing/nyx-3-cgc-graded-90-marvel-comic-book-1st-appearance-of-x-23-laura-kinney-jh7/14908141
hipcomic (5).csv,16,15821482,rdbeard,1405.00,USD,"ACTION COMICS #75 - CGC-7.5, OW-W - Superman - Golden Age",no publication year in the title,https://www.hipcomic.com/listing/action-comics-75-cgc-75-ow-w-superman-golden-age/15821482
hipcomic (5).csv,17,16334074,rdbeard,1145.00,USD,"FLASH COMICS #28 - CGC-6.5, OW-W - Golden Age",publisher not stated and not determinable from the series; no publication year in the title,https://www.hipcomic.com/listing/flash-comics-28-cgc-65-ow-w-golden-age/16334074
hipcomic (5).csv,19,19588752,Princecringer,649.99,USD,Daredevil Black Armor #1 CGC SS 9.8 Signed Cox D'Onofrio One Stop Comic Variant,publisher not stated and not determinable from the series; no publication year in the title,https://www.hipcomic.com/listing/daredevil-black-armor-1-cgc-ss-98-signed-cox-donofrio-one-stop-comic-variant/19588752
hipcomic (5).csv,22,15464751,EEGABEEVA,250.00,USD,DURANGO KID 7 CGC 8.5 FRAZETTA ART 1950,publisher not stated and not determinable from the series,https://www.hipcomic.com/listing/durango-kid-7-cgc-85-frazetta-art-1950/15464751
hipcomic (5).csv,24,15485486,rdbeard,3890.00,USD,BATMAN #40 - CGC-7.0 - OW-W - Joker cover & story - Golden Age,no publication year in the title,https://www.hipcomic.com/listing/batman-40-cgc-70-ow-w-joker-cover-story-golden-age/15485486
hipcomic (5).csv,25,8831451,dtacollectibles,1260.00,USD,Avengers #53 CGC 9.4 X-Men crossover-Magneto 3809677008,no publication year in the title,https://www.hipcomic.com/listing/avengers-53-cgc-94-x-men-crossover-magneto-3809677008/8831451
hipcomic (5).csv,28,21525815,Princecringer,649.99,USD,Peter Panzerfaust #1 - 23 CGC 9.8 Near Mint/Mint + Variants + Signature Series,lot or multi-issue set; publisher not stated and not determinable from the series; no publication year in the title,https://www.hipcomic.com/listing/peter-panzerfaust-1-23-cgc-98-near-mint-mint-variants-signature-series/21525815
hipcomic (5).csv,30,15486016,rdbeard,1480.00,USD,"SUPERMAN #31 - CGC-7.0, WP - Golden Age",no publication year in the title,https://www.hipcomic.com/listing/superman-31-cgc-70-wp-golden-age/15486016
hipcomic (5).csv,33,17349590,rdbeard,1850.00,USD,"SUPERMAN #29 - CGC-7.0, OW-W - Golden Age",no publication year in the title,https://www.hipcomic.com/listing/superman-29-cgc-70-ow-w-golden-age/17349590
hipcomic (5).csv,34,11432162,Killenenterprises,200.00,USD,CGC 9.4 Vengeance of Vampirella #1 Red Bloodfoil Variant Comic Book 1994 Foil,publisher not stated and not determinable from the series,https://www.hipcomic.com/listing/cgc-94-vengeance-of-vampirella-1-red-bloodfoil-variant-comic-book-1994-foil/11432162
hipcomic (5).csv,37,12826737,dtacollectibles,2499.00,USD,Popeye #6 CGC 6.5 Quadruple cover! Rare comic book 4216266015,publisher not stated and not determinable from the series; no publication year in the title,https://www.hipcomic.com/listing/popeye-6-cgc-65-quadruple-cover-rare-comic-book-4216266015/12826737
hipcomic (5).csv,40,19095474,papercinema,2025.00,USD,Detective #359 CGC 5.5 First BATGIRL / BARBARA GORDON - 3745763022,publisher not stated and not determinable from the series; no publication year in the title,https://www.hipcomic.com/listing/detective-359-cgc-55-first-batgirl-barbara-gordon-3745763022/19095474
hipcomic (5).csv,41,15486534,rdbeard,1110.00,USD,"SUPERMAN #54 - CGC-7.0, OW-W - Golden Age",no publication year in the title,https://www.hipcomic.com/listing/superman-54-cgc-70-ow-w-golden-age/15486534
hipcomic (5).csv,44,15253026,EEGABEEVA,650.00,USD,CLASSIC COMICS 15 HRN 21 CGC 8.0 UNCLE TOMS CABIN NASSAU BULLETIN EDITION  1944,publisher not stated and not determinable from the series,https://www.hipcomic.com/listing/classic-comics-15-hrn-21-cgc-80-uncle-toms-cabin-nassau-bulletin-edition-1944/15253026
hipcomic (5).csv,46,12782898,comicage,4000.00,CAD,Tomb Of Dracula (1973) # 10 (CGC 8.0 WP) Signed Sketch Roy Thomas •1st App Blade,signed or conserved book without a stated label type,https://www.hipcomic.com/listing/tomb-of-dracula-1973-10-cgc-80-wp-signed-sketch-roy-thomas-o1st-app-blade/12782898
hipcomic (5).csv,47,15485782,rdbeard,1485.00,USD,"SUPERMAN #39 - CGC-7.0, OW - Golden Age",no publication year in the title,https://www.hipcomic.com/listing/superman-39-cgc-70-ow-golden-age/15485782
hipcomic (5).csv,49,18319594,rdbeard,2325.00,USD,"BATMAN #26 - CGC-7.5, - WP - 1st Batman Sled - Golden Age",no publication year in the title,https://www.hipcomic.com/listing/batman-26-cgc-75-wp-1st-batman-sled-golden-age/18319594
hipcomic (6).csv,5,15351384,comicage,1000.00,CAD,Ultimate Fallout (2011) # 4 (CGC 9.8 WP)  Signed By H. Hickman & C. Crain!,signed or conserved book without a stated label type,https://www.hipcomic.com/listing/ultimate-fallout-2011-4-cgc-98-wp-signed-by-h-hickman-c-crain/15351384
hipcomic (6).csv,12,12436540,Killenenterprises,200.00,USD,CGC 9.8 Dark Red Special Edition #1 Comic Book 2020 Szerdy Variant Virgin,publisher not stated and not determinable from the series,https://www.hipcomic.com/listing/cgc-98-dark-red-special-edition-1-comic-book-2020-szerdy-variant-virgin/12436540
hipcomic (6).csv,13,21552998,EEGABEEVA,250.00,USD,BUGS BUNNY CHRISTMAS PARTY 6 CGC 9.4 DELL GIANT 1955,publisher not stated and not determinable from the series,https://www.hipcomic.com/listing/bugs-bunny-christmas-party-6-cgc-94-dell-giant-1955/21552998
hipcomic (6).csv,14,18810163,legacycomics,129.99,USD,Iron Man & Sub-Mariner #1 (1968) CGC 5.5 OW-W Pages Standalone Team-Up Issue,publisher not stated and not determinable from the series,https://www.hipcomic.com/listing/iron-man-sub-mariner-1-1968-cgc-55-ow-w-pages-standalone-team-up-issue/18810163
hipcomic (6).csv,15,19097381,papercinema,3900.00,USD,Primer #2 CGC 9.6 // First appearance GRENDEL // Comico,publisher not stated and not determinable from the series; no publication year in the title,https://www.hipcomic.com/listing/primer-2-cgc-96-first-appearance-grendel-comico/19097381
hipcomic (6).csv,20,12029280,legacycomics,150.00,USD,Frank Frazetta’s Dark Kingdom #2 CGC Signature Series 9.2,publisher not stated and not determinable from the series; no publication year in the title,https://www.hipcomic.com/listing/frank-frazettas-dark-kingdom-2-cgc-signature-series-92/12029280
hipcomic (6).csv,23,16384500,EEGABEEVA,325.00,USD,TIPPY TEEN 23 CGC 8.0 TOWER COMICS WHITE PGS BEATLES APPEARANCE 1969,publisher not stated and not determinable from the series,https://www.hipcomic.com/listing/tippy-teen-23-cgc-80-tower-comics-white-pgs-beatles-appearance-1969/16384500
hipcomic (6).csv,26,12436680,Killenenterprises,200.00,USD,CGC 9.2 DC Versus Marvel #1 Comic Book 1996 2nd Print 1st Access,publisher not stated and not determinable from the series,https://www.hipcomic.com/listing/cgc-92-dc-versus-marvel-1-comic-book-1996-2nd-print-1st-access/12436680
hipcomic (6).csv,29,12653174,Killenenterprises,180.00,USD,CGC 9.8 Lady Death Necrotic Genesis #1 Comic Book 2023 Premium Foil Edition,publisher not stated and not determinable from the series,https://www.hipcomic.com/listing/cgc-98-lady-death-necrotic-genesis-1-comic-book-2023-premium-foil-edition/12653174
hipcomic (6).csv,30,19410440,AtlantaClassicComics,1500.00,USD,Catman Comics # 26 CGC Graded 2.0 Continental Comic Book 1944 Golden Age JH18,publisher not stated and not determinable from the series,https://www.hipcomic.com/listing/catman-comics-26-cgc-graded-20-continental-comic-book-1944-golden-age-jh18/19410440
hipcomic (6).csv,35,20712064,EEGABEEVA,600.00,USD,ARCHIE WILBUR 14 CGC 8.5 WOGGON KATY KEENE 1947 SCARCE IN HIGH GRADE,publisher not stated and not determinable from the series,https://www.hipcomic.com/listing/archie-wilbur-14-cgc-85-woggon-katy-keene-1947-scarce-in-high-grade/20712064
hipcomic (6).csv,36,18012493,AtlantaClassicComics,899.99,USD,Special Marvel Edition # 15 CGC Graded 9.2 Marvel Comic Book 1st Shang Chi JH11,no publication year in the title,https://www.hipcomic.com/listing/special-marvel-edition-15-cgc-graded-92-marvel-comic-book-1st-shang-chi-jh11/18012493
hipcomic (6).csv,40,19096911,papercinema,5850.00,USD,Ghost Rider #1  1953 - ME -CGC 9.2 - Comic Book-3726491001,publisher not stated and not determinable from the series,https://www.hipcomic.com/listing/ghost-rider-1-1953-me-cgc-92-comic-book-3726491001/19096911
hipcomic (6).csv,41,15724089,rdbeard,1145.00,USD,"FLASH COMICS #25 - CGC-6.5, OW - Golden Age",publisher not stated and not determinable from the series; no publication year in the title,https://www.hipcomic.com/listing/flash-comics-25-cgc-65-ow-golden-age/15724089
hipcomic (6).csv,45,11432028,Killenenterprises,150.00,USD,CGC 9.0 Lady Death Sacrificial Annihilation #2 Premium Foil Variant Comic 2022,publisher not stated and not determinable from the series,https://www.hipcomic.com/listing/cgc-90-lady-death-sacrificial-annihilation-2-premium-foil-variant-comic-2022/11432028
hipcomic (6).csv,46,19415780,AtlantaClassicComics,1299.99,USD,Spawn # 119 CGC Graded 9.8 Image Comic Book Capullo Direct Variant Gunsling JH20,no publication year in the title,https://www.hipcomic.com/listing/spawn-119-cgc-graded-98-image-comic-book-capullo-direct-variant-gunsling-jh20/19415780
hipcomic (6).csv,47,21255783,rdbeard,985.00,USD,"SUPERMAN #48 - CGC-6.5, WP - Luthor - Golden Age",no publication year in the title,https://www.hipcomic.com/listing/superman-48-cgc-65-wp-luthor-golden-age/21255783
hipcomic (6).csv,48,21839628,AtlantaClassicComics,299.99,USD,Amazing Spider-Man # 194 CGC Graded 6.0 Marvel Comic Book 1st Black Cat JH44,no publication year in the title,https://www.hipcomic.com/listing/amazing-spider-man-194-cgc-graded-60-marvel-comic-book-1st-black-cat-jh44/21839628
hipcomic (6).csv,49,17069996,rdbeard,2750.00,USD,BATMAN #46 - CGC-7.0 - OW-W - Joker - Golden Age,no publication year in the title,https://www.hipcomic.com/listing/batman-46-cgc-70-ow-w-joker-golden-age/17069996
hipcomic (7).csv,3,21531617,Princecringer,999.99,USD,The Sixth Gun #1-50 CGC 9.4-9.8 Lot of 30 FCBD + 1st Prints 2010 Image Comics,lot or multi-issue set; more than one grade in the title,https://www.hipcomic.com/listing/the-sixth-gun-1-50-cgc-94-98-lot-of-30-fcbd-1st-prints-2010-image-comics/21531617
hipcomic (7).csv,7,11208742,Killenenterprises,150.00,USD,CGC 9.0 Johnny Quest #1 Wraparound Cover Comic Book 1986 - Comico,publisher not stated and not determinable from the series,https://www.hipcomic.com/listing/cgc-90-johnny-quest-1-wraparound-cover-comic-book-1986-comico/11208742
hipcomic (7).csv,9,17394534,AtlantaClassicComics,499.99,USD,Wonder Woman # 184 CGC Graded 9.8 DC Comic Book Adam Hughes Cover JH10,no publication year in the title,https://www.hipcomic.com/listing/wonder-woman-184-cgc-graded-98-dc-comic-book-adam-hughes-cover-jh10/17394534
hipcomic (7).csv,17,15670190,dtacollectibles,3360.00,USD,All Winners #19 CGC 5.5 restored 1945- Captain America- Sub-Mariner-  1165582001,publisher not stated and not determinable from the series,https://www.hipcomic.com/listing/all-winners-19-cgc-55-restored-1945-captain-america-sub-mariner-1165582001/15670190
hipcomic (7).csv,21,15486527,rdbeard,1040.00,USD,"WONDER WOMAN #24 - CGC-6.5, OW - Golden Age",no publication year in the title,https://www.hipcomic.com/listing/wonder-woman-24-cgc-65-ow-golden-age/15486527
hipcomic (7).csv,22,14243844,Killenenterprises,200.00,USD,CGC 8.5 Lady Death Sacrificial Annihilation #2 Comic Book 2022 - Coffin Naughty,adult-variant wording (needs a manual look before Merchant Center); publisher not stated and not determinable from the series,https://www.hipcomic.com/listing/cgc-85-lady-death-sacrificial-annihilation-2-comic-book-2022-coffin-naughty/14243844
hipcomic (7).csv,24,12099710,legacycomics,300.00,USD,Megaton #3 (1986) CGC 9.0 Signature Series Signed by Erik Larsen,publisher not stated and not determinable from the series,https://www.hipcomic.com/listing/megaton-3-1986-cgc-90-signature-series-signed-by-erik-larsen/12099710
hipcomic (7).csv,25,15485488,rdbeard,3725.00,USD,"FLASH COMICS #100 - CGC-7.5, OW-W - Scarce! - Kubert - Golden Age",publisher not stated and not determinable from the series; no publication year in the title,https://www.hipcomic.com/listing/flash-comics-100-cgc-75-ow-w-scarce-kubert-golden-age/15485488
hipcomic (7).csv,31,15486216,rdbeard,1325.00,USD,"ACTION COMICS #88 - CGC-7.5, WP - Superman - Golden Age",no publication year in the title,https://www.hipcomic.com/listing/action-comics-88-cgc-75-wp-superman-golden-age/15486216
hipcomic (7).csv,33,21918036,comicage,1200.00,CAD,Terminal (2026) #1 (CGC 9.8) 1:1000 Kirkman & Casey & Kubert Signed Graded Foil,signed or conserved book without a stated label type; publisher not stated and not determinable from the series,https://www.hipcomic.com/listing/terminal-2026-1-cgc-98-11000-kirkman-casey-kubert-signed-graded-foil/21918036
hipcomic (7).csv,35,18100762,EEGABEEVA,300.00,USD,STAR SPANGLED WAR STORIES 137 CGC 8.5 WHITE PGS KUBERT HEATH 1968,publisher not stated and not determinable from the series,https://www.hipcomic.com/listing/star-spangled-war-stories-137-cgc-85-white-pgs-kubert-heath-1968/18100762
hipcomic (7).csv,37,14441825,AtlantaClassicComics,899.99,USD,Caliber Presents # 1 CGC Graded 8.5 Comic Book 1st Crow Appearance J O'Barr JH6,publisher not stated and not determinable from the series; no publication year in the title,https://www.hipcomic.com/listing/caliber-presents-1-cgc-graded-85-comic-book-1st-crow-appearance-j-obarr-jh6/14441825
hipcomic (7).csv,38,11431973,Killenenterprises,300.00,USD,CGC 9.8 Star Wars Darth Vader #20 Anniversary Variant Comic 1st Din Djarin Grogu,publisher not stated and not determinable from the series; no publication year in the title,https://www.hipcomic.com/listing/cgc-98-star-wars-darth-vader-20-anniversary-variant-comic-1st-din-djarin-grogu/11431973
hipcomic (7).csv,39,20712063,EEGABEEVA,300.00,USD,TUROK SON OF STONE 12 CGC 9.0 DELL PAINTED CVR 1958 DINOSAUR CVR,publisher not stated and not determinable from the series,https://www.hipcomic.com/listing/turok-son-of-stone-12-cgc-90-dell-painted-cvr-1958-dinosaur-cvr/20712063
hipcomic (7).csv,41,17554430,comicage,3000.00,CAD,Avengers Annual # 10 (CGC 9.8 SS) SKETCH Milgrom Signed Claremont Golden Shooter,no publication year in the title,https://www.hipcomic.com/listing/avengers-annual-10-cgc-98-ss-sketch-milgrom-signed-claremont-golden-shooter/17554430
hipcomic (7).csv,42,13578135,Killenenterprises,450.00,USD,CGC 9.6 White Widow #6 Powell Virgin 8/25 Comic Book 2021 Absolute Comics,publisher not stated and not determinable from the series,https://www.hipcomic.com/listing/cgc-96-white-widow-6-powell-virgin-8-25-comic-book-2021-absolute-comics/13578135
hipcomic (7).csv,45,21552912,EEGABEEVA,300.00,USD,TOM AND JERRY WINTER FUN 5 DELL GIANT CGC 9.4 1956,publisher not stated and not determinable from the series,https://www.hipcomic.com/listing/tom-and-jerry-winter-fun-5-dell-giant-cgc-94-1956/21552912
hipcomic (7).csv,46,12041514,legacycomics,400.00,USD,Heart Throbs #42 (1956) CGC 1.0 Signature Series Signed by Gene Colan,publisher not stated and not determinable from the series,https://www.hipcomic.com/listing/heart-throbs-42-1956-cgc-10-signature-series-signed-by-gene-colan/12041514
hipcomic (7).csv,47,15670282,dtacollectibles,2100.00,USD,Josie #1 CGC 6.0 Archie-1st issue-comic book 2010974001,publisher not stated and not determinable from the series; no publication year in the title,https://www.hipcomic.com/listing/josie-1-cgc-60-archie-1st-issue-comic-book-2010974001/15670282
hipcomic (8).csv,2,13594661,Killenenterprises,250.00,USD,CGC 9.8 Faro's Lounge Presents Dirty Art Book #2 Disney Comic Vader Ariel Varese,publisher not stated and not determinable from the series; no publication year in the title,https://www.hipcomic.com/listing/cgc-98-faros-lounge-presents-dirty-art-book-2-disney-comic-vader-ariel-varese/13594661
hipcomic (8).csv,3,21552978,EEGABEEVA,300.00,USD,MARGES LITTLE LULU AND TUBBY SUMMER CAMP 2 CGC 9.4 DELL GIANT 1958,publisher not stated and not determinable from the series,https://www.hipcomic.com/listing/marges-little-lulu-and-tubby-summer-camp-2-cgc-94-dell-giant-1958/21552978
hipcomic (8).csv,6,11440373,Killenenterprises,175.00,USD,CGC 9.8 Lady Death 2005 Bikini Special #1 Comic Book Avatar Platinum Foil Var,publisher not stated and not determinable from the series,https://www.hipcomic.com/listing/cgc-98-lady-death-2005-bikini-special-1-comic-book-avatar-platinum-foil-var/11440373
hipcomic (8).csv,7,11440376,Killenenterprises,750.00,USD,CGC 9.0 Book of Death #1 Full Cover Sketch by Brian Atkins Comic Book Skeletor,publisher not stated and not determinable from the series; no publication year in the title,https://www.hipcomic.com/listing/cgc-90-book-of-death-1-full-cover-sketch-by-brian-atkins-comic-book-skeletor/11440376
hipcomic (8).csv,8,15850923,AtlantaClassicComics,435.00,USD,X-Men # 4 CGC Graded 9.8 Marvel Comic Book 1st Omega Red Appearance KEY JH8,no publication year in the title,https://www.hipcomic.com/listing/x-men-4-cgc-graded-98-marvel-comic-book-1st-omega-red-appearance-key-jh8/15850923
hipcomic (8).csv,10,12436679,Killenenterprises,140.00,USD,CGC 9.4 DC Versus Marvel #2 Comic Book 1996,publisher not stated and not determinable from the series,https://www.hipcomic.com/listing/cgc-94-dc-versus-marvel-2-comic-book-1996/12436679
hipcomic (8).csv,11,12436673,Killenenterprises,400.00,USD,CGC 9.8 I Make Boys Cry #1 Comic Book Cheer METAL Edition 2020 Absolute Comics,publisher not stated and not determinable from the series,https://www.hipcomic.com/listing/cgc-98-i-make-boys-cry-1-comic-book-cheer-metal-edition-2020-absolute-comics/12436673
hipcomic (8).csv,12,12436672,Killenenterprises,300.00,USD,CGC 9.8 She Hulk #2 Comic Book Bam Box Virgin Signed David Nakayama 2022 Marvel,signed or conserved book without a stated label type,https://www.hipcomic.com/listing/cgc-98-she-hulk-2-comic-book-bam-box-virgin-signed-david-nakayama-2022-marvel/12436672
hipcomic (8).csv,14,16891326,rdbeard,2115.00,USD,"SUPERMAN #61 - CGC-6.5, OW-W - Origin retold - 1st Kryptonite - Golden Age",no publication year in the title,https://www.hipcomic.com/listing/superman-61-cgc-65-ow-w-origin-retold-1st-kryptonite-golden-age/16891326
hipcomic (8).csv,15,19096317,papercinema,1875.00,USD,SILVER SURFER #1 CGC 4.5-1968-Marvel Silver-Age 0285874030,no publication year in the title,https://www.hipcomic.com/listing/silver-surfer-1-cgc-45-1968-marvel-silver-age-0285874030/19096317
hipcomic (8).csv,16,12889589,comicage,350.00,CAD,Marvel Super Heroes Secret Wars (2022) # 8 (CGC 9.8) Signed  Shooter • Mexican,signed or conserved book without a stated label type,https://www.hipcomic.com/listing/marvel-super-heroes-secret-wars-2022-8-cgc-98-signed-shooter-o-mexican/12889589
hipcomic (8).csv,17,21162573,rdbeard,3000.00,USD,"STAR SPANGLED COMICS #1 - CGC-6.5, OW - Robot cover - Golden Age",no publication year in the title,https://www.hipcomic.com/listing/star-spangled-comics-1-cgc-65-ow-robot-cover-golden-age/21162573
hipcomic (8).csv,18,11432025,Killenenterprises,300.00,USD,CGC 9.6 Final Boss #1 SMZ Orange Virgin Variant Comic Book 2021 Tyler Kirkham,publisher not stated and not determinable from the series,https://www.hipcomic.com/listing/cgc-96-final-boss-1-smz-orange-virgin-variant-comic-book-2021-tyler-kirkham/11432025
hipcomic (8).csv,20,8751059,dtacollectibles,630.00,USD,DAREDEVIL #270 CGC 9.8 - First BLACKHEART-COMIC BOOK 3803452005,publisher not stated and not determinable from the series; no publication year in the title,https://www.hipcomic.com/listing/daredevil-270-cgc-98-first-blackheart-comic-book-3803452005/8751059
hipcomic (8).csv,24,17497338,rdbeard,1160.00,USD,"DETECTIVE COMICS #141 - CGC-7.5, OW-W - Batman/Robin - Golden Age",no publication year in the title,https://www.hipcomic.com/listing/detective-comics-141-cgc-75-ow-w-batman-robin-golden-age/17497338
hipcomic (8).csv,28,12374080,rkornblow,69.95,USD,"Punchline #1, Cho Cover (2021) CGC 9.8",publisher not stated and not determinable from the series,https://www.hipcomic.com/listing/punchline-1-cho-cover-2021-cgc-98/12374080
hipcomic (8).csv,30,14382295,comicage,1500.00,CAD,Fantastic Four (1990*1991) # 347 # 348 * # 349 *  (CGC 9.8 SS) Signed Adams,lot or multi-issue set; more than one year in the title; publisher not stated and not determinable from the series; no publication year in the title,https://www.hipcomic.com/listing/fantastic-four-19901991-347-348-349-cgc-98-ss-signed-adams/14382295
hipcomic (8).csv,32,21838962,modigity2099,500.00,USD,Custer's Last Fight Cgc 6.5 Avon 1950 Golden Age,no issue number in the title,https://www.hipcomic.com/listing/custers-last-fight-cgc-65-avon-1950-golden-age/21838962
hipcomic (8).csv,35,12436534,Killenenterprises,250.00,USD,CGC 9.4 Betty Veronica Friends Forever #1 Comic Book 2021 Collectors Virgin,publisher not stated and not determinable from the series,https://www.hipcomic.com/listing/cgc-94-betty-veronica-friends-forever-1-comic-book-2021-collectors-virgin/12436534
hipcomic (8).csv,37,12117141,legacycomics,200.00,USD,Project Superpowers #0 Michael Turner Negative CGC 9.8 Signature Series,publisher not stated and not determinable from the series; no publication year in the title,https://www.hipcomic.com/listing/project-superpowers-0-michael-turner-negative-cgc-98-signature-series/12117141
hipcomic (8).csv,41,12099711,legacycomics,300.00,USD,Megaton #3 (1986) CGC 9.0 Signature Series Signed by Erik Larsen,publisher not stated and not determinable from the series,https://www.hipcomic.com/listing/megaton-3-1986-cgc-90-signature-series-signed-by-erik-larsen/12099711
hipcomic (8).csv,43,12653168,Killenenterprises,175.00,USD,CGC 6.0 Insane Clown Posse Pendulum #1 Comic Book 2000 Chaos Comics ICP,publisher not stated and not determinable from the series,https://www.hipcomic.com/listing/cgc-60-insane-clown-posse-pendulum-1-comic-book-2000-chaos-comics-icp/12653168
hipcomic (8).csv,48,17041460,rdbeard,2450.00,USD,"HUMAN TORCH #30 - CGC-7.0, OW-W - Timely - Sub-Mariner - Golden Age",no publication year in the title,https://www.hipcomic.com/listing/human-torch-30-cgc-70-ow-w-timely-sub-mariner-golden-age/17041460
hipcomic (8).csv,49,12028798,legacycomics,350.00,USD,Civil War #5 Michael Turner 1:20 Variant CGC 9.6 Signature Series,no publication year in the title,https://www.hipcomic.com/listing/civil-war-5-michael-turner-120-variant-cgc-96-signature-series/12028798
hipcomic (9).csv,5,21838959,modigity2099,1500.00,USD,Graphic Fantasy #2 CGC 9.6 2nd Dragon JSA Auth. Sigs ERik Larsen (Ajax 1982),publisher not stated and not determinable from the series,https://www.hipcomic.com/listing/graphic-fantasy-2-cgc-96-2nd-dragon-jsa-auth-sigs-erik-larsen-ajax-1982/21838959
hipcomic (9).csv,6,11440317,Killenenterprises,300.00,USD,CGC 9.8 Fighting Men of Space Force Comic Book 2019 Rich Woodall Trump,no issue number in the title; publisher not stated and not determinable from the series,https://www.hipcomic.com/listing/cgc-98-fighting-men-of-space-force-comic-book-2019-rich-woodall-trump/11440317
hipcomic (9).csv,8,19260369,rdbeard,1465.00,USD,"STRANGE ADVENTURES #3 - CGC-8.5, OW  - DC - Golden Age",no publication year in the title,https://www.hipcomic.com/listing/strange-adventures-3-cgc-85-ow-dc-golden-age/19260369
hipcomic (9).csv,12,12653131,Killenenterprises,200.00,USD,CGC 9.8 Legends of the Dark Claw #1 Comic Book 1996 - Amalgam Marvel DC Hama,more than one publisher named in the title; publisher not stated and not determinable from the series,https://www.hipcomic.com/listing/cgc-98-legends-of-the-dark-claw-1-comic-book-1996-amalgam-marvel-dc-hama/12653131
hipcomic (9).csv,14,15485495,rdbeard,2000.00,USD,"WONDER WOMAN #45 - CGC-7.0, OW-W - Origin retold - Golden Age",no publication year in the title,https://www.hipcomic.com/listing/wonder-woman-45-cgc-70-ow-w-origin-retold-golden-age/15485495
hipcomic (9).csv,17,18768171,rdbeard,3000.00,USD,"NEW COMICS #7 - CGC-6.5, OW-W - DC - Golden Age - Scarce!",no publication year in the title,https://www.hipcomic.com/listing/new-comics-7-cgc-65-ow-w-dc-golden-age-scarce/18768171
hipcomic (9).csv,18,12436533,Killenenterprises,400.00,USD,CGC 9.4 Tiggomverse #1 Comic Book 2022 Virgin 12/15 Lost Cause Comics Variant,publisher not stated and not determinable from the series,https://www.hipcomic.com/listing/cgc-94-tiggomverse-1-comic-book-2022-virgin-12-15-lost-cause-comics-variant/12436533
hipcomic (9).csv,20,12099810,legacycomics,300.00,USD,Michael Turner's Fathom #1 Turner Tribute CGC 9.8 Signature Series Tripl...,publisher not stated and not determinable from the series; no publication year in the title,https://www.hipcomic.com/listing/michael-turners-fathom-1-turner-tribute-cgc-98-signature-series-tripl/12099810
hipcomic (9).csv,21,15486210,rdbeard,1310.00,USD,"SUPERMAN #62 - CGC-7.5, OW-W - Golden Age",no publication year in the title,https://www.hipcomic.com/listing/superman-62-cgc-75-ow-w-golden-age/15486210
hipcomic (9).csv,23,11440362,Killenenterprises,250.00,USD,CGC 9.8 Negan Lives #1 Comic Book 2020 Bronze Foil Cover Variant Image,publisher not stated and not determinable from the series,https://www.hipcomic.com/listing/cgc-98-negan-lives-1-comic-book-2020-bronze-foil-cover-variant-image/11440362
hipcomic (9).csv,27,12436313,Killenenterprises,175.00,USD,CGC 9.8 Lady Death Treacherous Infamy #1 Comic Book Spider Death Damaged Variant,publisher not stated and not determinable from the series; no publication year in the title,https://www.hipcomic.com/listing/cgc-98-lady-death-treacherous-infamy-1-comic-book-spider-death-damaged-variant/12436313
hipcomic (9).csv,28,14368973,Princecringer,249.99,USD,Star Wars Kanan The Last Padawan #1 1st App Kanan Jarrus Marvel CGC 9.6 NM,no publication year in the title,https://www.hipcomic.com/listing/star-wars-kanan-the-last-padawan-1-1st-app-kanan-jarrus-marvel-cgc-96-nm/14368973
hipcomic (9).csv,32,12073741,legacycomics,300.00,USD,Lady Death: Moments #1 CGC 9.8 Signature Series Dragon Con Brian Pulido Signed,publisher not stated and not determinable from the series; no publication year in the title,https://www.hipcomic.com/listing/lady-death-moments-1-cgc-98-signature-series-dragon-con-brian-pulido-signed/12073741
hipcomic (9).csv,33,4676795,dtacollectibles,2100.00,USD,Strange Fantasy #2 (#1) CGC 6.5-Ajax/Farrell-pre-code horror 2000074001,publisher not stated and not determinable from the series; no publication year in the title,https://www.hipcomic.com/listing/strange-fantasy-2-1-cgc-65-ajax-farrell-pre-code-horror-2000074001/4676795
hipcomic (9).csv,36,19632321,rdbeard,2825.00,USD,"CAPTAIN MIDNIGHT #1 - CGC-7.0, OW - Origin - Fawcett - Golden Age",no publication year in the title,https://www.hipcomic.com/listing/captain-midnight-1-cgc-70-ow-origin-fawcett-golden-age/19632321
hipcomic (9).csv,39,11213340,Killenenterprises,125.00,USD,CGC 9.8 Vampirella Fairy Tales #1 Leirix Li Ultraviolet Variant Comic Book 2022,publisher not stated and not determinable from the series,https://www.hipcomic.com/listing/cgc-98-vampirella-fairy-tales-1-leirix-li-ultraviolet-variant-comic-book-2022/11213340
hipcomic (9).csv,41,5211912,AtlantaClassicComics,349.99,USD,Action Comics # 3 CGC Graded 9.8 DC Comic Book Sketch Cover Superman New 52 JH6,no publication year in the title,https://www.hipcomic.com/listing/action-comics-3-cgc-graded-98-dc-comic-book-sketch-cover-superman-new-52-jh6/5211912
hipcomic (9).csv,42,15778488,EEGABEEVA,175.00,USD,TALES OF SUSPENSE 77 CGC 6.0 FIRST PEGGY CARTER ULTIMO AND MANDARIN APPEARANCE,publisher not stated and not determinable from the series; no publication year in the title,https://www.hipcomic.com/listing/tales-of-suspense-77-cgc-60-first-peggy-carter-ultimo-and-mandarin-appearance/15778488
hipcomic (9).csv,43,13577815,Killenenterprises,400.00,USD,CGC 9.2 Wonder Woman Blank #1 24 hour Comics Hand Drawn Cover Ed Lozano Jr. 2018,publisher not stated and not determinable from the series,https://www.hipcomic.com/listing/cgc-92-wonder-woman-blank-1-24-hour-comics-hand-drawn-cover-ed-lozano-jr-2018/13577815
hipcomic (9).csv,44,8685669,EEGABEEVA,125.00,USD,MILLIE THE MODEL QUEEN SIZE SPECIAL 5 CGC 7.5 1966,publisher not stated and not determinable from the series,https://www.hipcomic.com/listing/millie-the-model-queen-size-special-5-cgc-75-1966/8685669
hipcomic (9).csv,45,20540534,EEGABEEVA,375.00,USD,SINGLE SERIES 28 CGC 7.0 ELLA CINDERS AND ABBIE N SLATS 1942 UNITED FEATURES,publisher not stated and not determinable from the series,https://www.hipcomic.com/listing/single-series-28-cgc-70-ella-cinders-and-abbie-n-slats-1942-united-features/20540534
hipcomic (9).csv,47,20735853,rdbeard,3400.00,USD,BATMAN #55 - CGC-6.5 - OW - Joker cover/story - Golden Age,no publication year in the title,https://www.hipcomic.com/listing/batman-55-cgc-65-ow-joker-cover-story-golden-age/20735853
hipcomic (9).csv,48,6153952,dtacollectibles,1750.00,USD,Battlefield #9 CGC 8.0 1953-Atlas Korean War comic 3713862013,publisher not stated and not determinable from the series,https://www.hipcomic.com/listing/battlefield-9-cgc-80-1953-atlas-korean-war-comic-3713862013/6153952
hipcomic (9).csv,49,21690625,rdbeard,745.00,USD,"SUPERBOY #14 - CGC-7.0, OW - Golden Age",no publication year in the title,https://www.hipcomic.com/listing/superboy-14-cgc-70-ow-golden-age/21690625
hipcomic (10).csv,3,15485998,rdbeard,1450.00,USD,"SUPERMAN #43 - CGC-7.5, OW-W - Luthor - Golden Age",no publication year in the title,https://www.hipcomic.com/listing/superman-43-cgc-75-ow-w-luthor-golden-age/15485998
hipcomic (10).csv,6,18099235,AtlantaClassicComics,624.99,USD,Avengers # 10 CGC Graded 6.0 Marvel Comic Book 1st Immortus Appearance JH10,no publication year in the title,https://www.hipcomic.com/listing/avengers-10-cgc-graded-60-marvel-comic-book-1st-immortus-appearance-jh10/18099235
hipcomic (10).csv,8,19410445,AtlantaClassicComics,300.00,USD,Batman # 253 CGC Graded 9.2 DC Comic Book Shadow Kaluta Cover JH18,no publication year in the title,https://www.hipcomic.com/listing/batman-253-cgc-graded-92-dc-comic-book-shadow-kaluta-cover-jh18/19410445
hipcomic (10).csv,9,13535460,comicage,4000.00,CAD,Crisis On The Infinite Earths (1985) # 1 (CGC 9.8 WP SS) CPV | Signed Perez |C2,publisher not stated and not determinable from the series,https://www.hipcomic.com/listing/crisis-on-the-infinite-earths-1985-1-cgc-98-wp-ss-cpv-signed-perez-c2/13535460
hipcomic (10).csv,10,15485525,rdbeard,1975.00,USD,"WONDER WOMAN #10 - CGC-6.5, WP - Invasion From Saturn - Golden Age",no publication year in the title,https://www.hipcomic.com/listing/wonder-woman-10-cgc-65-wp-invasion-from-saturn-golden-age/15485525
hipcomic (10).csv,11,15951739,rdbeard,1775.00,USD,"STAR SPANGLED COMICS #2 - CGC-7.5, OW -  Golden Age",no publication year in the title,https://www.hipcomic.com/listing/star-spangled-comics-2-cgc-75-ow-golden-age/15951739
hipcomic (10).csv,13,6749733,dtacollectibles,770.00,USD,MS. MARVEL #1 First issue-CGC 9.4 Bronze Age Marvel 1998213001,no publication year in the title,https://www.hipcomic.com/listing/ms-marvel-1-first-issue-cgc-94-bronze-age-marvel-1998213001/6749733
hipcomic (10).csv,14,20251718,AtlantaClassicComics,999.99,USD,Detective Comics # 583 CGC Graded 9.8 DC Comic Book Scarface Ventriloquist JH25,no publication year in the title,https://www.hipcomic.com/listing/detective-comics-583-cgc-graded-98-dc-comic-book-scarface-ventriloquist-jh25/20251718
hipcomic (10).csv,16,20711332,rdbeard,2500.00,USD,BATMAN #19 - CGC-7.0 - OW-W - Joker - Golden Age,no publication year in the title,https://www.hipcomic.com/listing/batman-19-cgc-70-ow-w-joker-golden-age/20711332
hipcomic (10).csv,17,16130198,rdbeard,3495.00,USD,"CAPTAIN MARVEL JR. #4 - CGC-7.5, OW - Fawcett - Classic cover - Golden Age",no publication year in the title,https://www.hipcomic.com/listing/captain-marvel-jr-4-cgc-75-ow-fawcett-classic-cover-golden-age/16130198
hipcomic (10).csv,18,15670334,dtacollectibles,1400.00,USD,TURTLEMANIA SPECIAL #1-1986-CGC 9.0-TEEN-AGE MUTANT NINJA TURTLES 3730673001,lot or multi-issue set; publisher not stated and not determinable from the series; no publication year in the title,https://www.hipcomic.com/listing/turtlemania-special-1-1986-cgc-90-teen-age-mutant-ninja-turtles-3730673001/15670334
hipcomic (10).csv,19,15486368,rdbeard,1215.00,USD,"SUPERMAN #36 - CGC-6.5, OW-W - Golden Age",no publication year in the title,https://www.hipcomic.com/listing/superman-36-cgc-65-ow-w-golden-age/15486368
hipcomic (10).csv,20,12041676,legacycomics,150.00,USD,Incredible Hulks #635 CGC Signature Series 9.8 Signed/Sketched Adriano Carreon,publisher not stated and not determinable from the series; no publication year in the title,https://www.hipcomic.com/listing/incredible-hulks-635-cgc-signature-series-98-signed-sketched-adriano-carreon/12041676
hipcomic (10).csv,23,12028800,legacycomics,350.00,USD,Civil War #6 Michael Turner 1:20 Variant CGC 9.6 Signature Series,no publication year in the title,https://www.hipcomic.com/listing/civil-war-6-michael-turner-120-variant-cgc-96-signature-series/12028800
hipcomic (10).csv,25,12029058,legacycomics,300.00,USD,"Dead, She Said #2 (2008) CGC Signature Series 9.8 Retailer Incentive Wrightson",publisher not stated and not determinable from the series,https://www.hipcomic.com/listing/dead-she-said-2-2008-cgc-signature-series-98-retailer-incentive-wrightson/12029058
hipcomic (10).csv,26,21565226,runeworkscomics,250.00,USD,TORMENT SPIDER-MAN #1 CGC 9.6,publisher not stated and not determinable from the series; no publication year in the title,https://www.hipcomic.com/listing/torment-spider-man-1-cgc-96/21565226
hipcomic (10).csv,28,12073749,legacycomics,300.00,USD,Lady Death: The Rapture #1 CGC 9.8 Signature Series Phoenix Comic Con 2010,publisher not stated and not determinable from the series,https://www.hipcomic.com/listing/lady-death-the-rapture-1-cgc-98-signature-series-phoenix-comic-con-2010/12073749
hipcomic (10).csv,29,12028771,legacycomics,230.00,USD,Black Panther #25 Aspen Comics Exclusive Variant Cover (2007) CGC 9.8 Signed,signed or conserved book without a stated label type,https://www.hipcomic.com/listing/black-panther-25-aspen-comics-exclusive-variant-cover-2007-cgc-98-signed/12028771
hipcomic (10).csv,34,15486414,rdbeard,1115.00,USD,"SUPERBOY #9 - CGC-8.0, OW-W - Golden Age",no publication year in the title,https://www.hipcomic.com/listing/superboy-9-cgc-80-ow-w-golden-age/15486414
hipcomic (10).csv,35,5966342,dtacollectibles,2100.00,USD,Lovelorn #53 CGC 4.0 1954-HEART OF A DRUNKARD-RARE 2093073001,publisher not stated and not determinable from the series,https://www.hipcomic.com/listing/lovelorn-53-cgc-40-1954-heart-of-a-drunkard-rare-2093073001/5966342
hipcomic (10).csv,36,20377863,comicage,1200.00,CAD,Batman (1986) #400 (CGC 9.6) Signed Leonardi • Adams • Sienkiewicz • Grell,signed or conserved book without a stated label type,https://www.hipcomic.com/listing/batman-1986-400-cgc-96-signed-leonardi-o-adams-o-sienkiewicz-o-grell/20377863
hipcomic (10).csv,39,16056136,rdbeard,3500.00,USD,"CAPTAIN MARVEL ADVENTURES #3 - CGC-7.5, OW-W - Fawcett - vs Sivana - Golden Age",no publication year in the title,https://www.hipcomic.com/listing/captain-marvel-adventures-3-cgc-75-ow-w-fawcett-vs-sivana-golden-age/16056136
hipcomic (10).csv,41,21770583,AtlantaClassicComics,49999.99,USD,Deathlok #25 CGC Grade 9.8 Marvel Comic Book No Foil Error Version RARE 1/1 JH27,no publication year in the title,https://www.hipcomic.com/listing/deathlok-25-cgc-grade-98-marvel-comic-book-no-foil-error-version-rare-1-1-jh27/21770583
hipcomic (10).csv,42,20916554,rdbeard,1925.00,USD,DETECTIVE COMICS #77 - CGC-7.0 - OW-W - Batman/Robin - Kirby,no publication year in the title,https://www.hipcomic.com/listing/detective-comics-77-cgc-70-ow-w-batman-robin-kirby/20916554
hipcomic (10).csv,44,15747043,rdbeard,1460.00,USD,"FLASH COMICS #44 - CGC-7.5, OW-W - Golden Age",publisher not stated and not determinable from the series; no publication year in the title,https://www.hipcomic.com/listing/flash-comics-44-cgc-75-ow-w-golden-age/15747043
hipcomic (10).csv,45,13572915,dtacollectibles,3990.00,USD,BLACK RIDER #8 (#1) CGC 7.5 1st issue-RARE STAN LEE photo cover 3712172022,publisher not stated and not determinable from the series; no publication year in the title,https://www.hipcomic.com/listing/black-rider-8-1-cgc-75-1st-issue-rare-stan-lee-photo-cover-3712172022/13572915
hipcomic (10).csv,47,19096675,papercinema,1820.00,USD,Amazing Spider-Man #101 // CGC 7.5 // 1st Morbius // 1465143006,no publication year in the title,https://www.hipcomic.com/listing/amazing-spider-man-101-cgc-75-1st-morbius-1465143006/19096675
hipcomic (10).csv,48,21749590,rdbeard,1435.00,USD,"VOODOO #1 - CGC-6.5, OW - Matt Baker - Golden Age",publisher not stated and not determinable from the series; no publication year in the title,https://www.hipcomic.com/listing/voodoo-1-cgc-65-ow-matt-baker-golden-age/21749590
hipcomic (10).csv,49,19097581,papercinema,3600.00,USD,All Winners #19 CGC 5.5 restored 1945- Captain America- Sub-Mariner-  1165582001,publisher not stated and not determinable from the series,https://www.hipcomic.com/listing/all-winners-19-cgc-55-restored-1945-captain-america-sub-mariner-1165582001/19097581
hipcomic (11).csv,7,21502825,rdbeard,2165.00,USD,BATMAN #68 - CGC-6.0 - OW-W - Two-Face - Golden Age,no publication year in the title,https://www.hipcomic.com/listing/batman-68-cgc-60-ow-w-two-face-golden-age/21502825
hipcomic (11).csv,9,14534108,comicage,7500.00,CAD,Funnies (1939) # 30 ( CGC 4.0 OWP) 1st John Carter Of Mars | Total Census =9,publisher not stated and not determinable from the series,https://www.hipcomic.com/listing/funnies-1939-30-cgc-40-owp-1st-john-carter-of-mars-total-census-9/14534108
hipcomic (11).csv,11,15486294,rdbeard,1195.00,USD,"WONDER WOMAN #20 - CGC-6.5, WP -  Golden Age",no publication year in the title,https://www.hipcomic.com/listing/wonder-woman-20-cgc-65-wp-golden-age/15486294
hipcomic (11).csv,12,10186775,dtacollectibles,385.00,USD,ALPHA FLIGHT #1 CGC 9.8 MARVEL-comic book-FIRST ISSUE 3826992006,no publication year in the title,https://www.hipcomic.com/listing/alpha-flight-1-cgc-98-marvel-comic-book-first-issue-3826992006/10186775
hipcomic (11).csv,14,12117160,legacycomics,200.00,USD,Project Superpowers #1 CGC 9.0 Signature Series Signed by Michael Turner,publisher not stated and not determinable from the series; no publication year in the title,https://www.hipcomic.com/listing/project-superpowers-1-cgc-90-signature-series-signed-by-michael-turner/12117160
hipcomic (11).csv,15,21839620,AtlantaClassicComics,1125.00,USD,The New Mutants # 87 CGC Graded 9.8 Marvel Comic Book 1st Cable Appearance JH44,no publication year in the title,https://www.hipcomic.com/listing/the-new-mutants-87-cgc-graded-98-marvel-comic-book-1st-cable-appearance-jh44/21839620
hipcomic (11).csv,17,21839634,AtlantaClassicComics,1049.99,USD,Batman The Dark Knight Returns # 1 CGC 9.6 Vintage Modern Red Case DC Comic JH17,no publication year in the title,https://www.hipcomic.com/listing/batman-the-dark-knight-returns-1-cgc-96-vintage-modern-red-case-dc-comic-jh17/21839634
hipcomic (11).csv,19,18198813,rdbeard,1985.00,USD,BATMAN #24 - CGC-7.0 - CR-OW - 1st Professor Carter Nichols - Golden Age,no publication year in the title,https://www.hipcomic.com/listing/batman-24-cgc-70-cr-ow-1st-professor-carter-nichols-golden-age/18198813
hipcomic (11).csv,20,12041672,legacycomics,125.00,USD,Incredible Hulk #98 CGC 9.8 Signature Series Signed by Aaron Lopresti,no publication year in the title,https://www.hipcomic.com/listing/incredible-hulk-98-cgc-98-signature-series-signed-by-aaron-lopresti/12041672
hipcomic (11).csv,21,17281612,comicage,2500.00,CAD,A-Team (1984) # 1 (CGC 9.8) Signed * Sketch Jim Salicrup * Candian price Variant,signed or conserved book without a stated label type,https://www.hipcomic.com/listing/a-team-1984-1-cgc-98-signed-sketch-jim-salicrup-candian-price-variant/17281612
hipcomic (11).csv,22,15670368,dtacollectibles,980.00,USD,SUB-MARINER #1 CGC 5.5-1967-Marvel first issue-2072880010,no publication year in the title,https://www.hipcomic.com/listing/sub-mariner-1-cgc-55-1967-marvel-first-issue-2072880010/15670368
hipcomic (11).csv,25,19410448,AtlantaClassicComics,1312.50,USD,Weird Science # 17 CGC Graded 5.0 EC Golden Age Comic Book Pre-Code JH18,publisher not stated and not determinable from the series; no publication year in the title,https://www.hipcomic.com/listing/weird-science-17-cgc-graded-50-ec-golden-age-comic-book-pre-code-jh18/19410448
hipcomic (11).csv,27,15485504,rdbeard,695.00,USD,"SENSATION COMICS #71 - CGC-6.5, OW - Wonder Woman - Golden Age",no publication year in the title,https://www.hipcomic.com/listing/sensation-comics-71-cgc-65-ow-wonder-woman-golden-age/15485504
hipcomic (11).csv,29,16851317,rdbeard,1110.00,USD,"SUPERMAN #64 - CGC-7.0, OW - Prankster - Golden Age",no publication year in the title,https://www.hipcomic.com/listing/superman-64-cgc-70-ow-prankster-golden-age/16851317
hipcomic (11).csv,30,15486306,rdbeard,1190.00,USD,"THING! #5 -  CGC-6.5, OW - CDC - Golden Age",publisher not stated and not determinable from the series; no publication year in the title,https://www.hipcomic.com/listing/thing-5-cgc-65-ow-cdc-golden-age/15486306
hipcomic (11).csv,31,16113462,rdbeard,1860.00,USD,"ALL-AMERICAN COMICS #29 - CGC-7.0, OW-W - Green Lantern - Atom - Golden Age",no publication year in the title,https://www.hipcomic.com/listing/all-american-comics-29-cgc-70-ow-w-green-lantern-atom-golden-age/16113462
hipcomic (11).csv,32,19095196,papercinema,2925.00,USD,Power #2  1944 - Holyoke -CGC 3.0 - Comic Book-2014540001,publisher not stated and not determinable from the series,https://www.hipcomic.com/listing/power-2-1944-holyoke-cgc-30-comic-book-2014540001/19095196
hipcomic (11).csv,35,10874750,dtacollectibles,490.00,USD,Moon Knight #25 CGC 9.8 1ST BLACK SPECTRE 3961792008,no publication year in the title,https://www.hipcomic.com/listing/moon-knight-25-cgc-98-1st-black-spectre-3961792008/10874750
hipcomic (11).csv,36,15671064,dtacollectibles,700.00,USD,AMAZING SPIDER-MAN #220 CGC 9.8 comic book MOON KNIGHT 3804842025,no publication year in the title,https://www.hipcomic.com/listing/amazing-spider-man-220-cgc-98-comic-book-moon-knight-3804842025/15671064
hipcomic (11).csv,37,15485492,rdbeard,2025.00,USD,"FOUR COLOR #495 - Uncle Scrooge (#3) - CGC-9.0, OW-W - Barks classic",publisher not stated and not determinable from the series; no publication year in the title,https://www.hipcomic.com/listing/four-color-495-uncle-scrooge-3-cgc-90-ow-w-barks-classic/15485492
hipcomic (11).csv,41,15670262,dtacollectibles,2800.00,USD,Funny Picture Stories #4 CGC 4.5 1937-Rare comic book-Will Eisner,publisher not stated and not determinable from the series; published before 1938 (no matching era category),https://www.hipcomic.com/listing/funny-picture-stories-4-cgc-45-1937-rare-comic-book-will-eisner/15670262
hipcomic (11).csv,43,18099233,AtlantaClassicComics,299.99,USD,Avengers # 83 CGC Graded 8.0 Marvel Comic Book 1st Valkyrie Appearance JH11,no publication year in the title,https://www.hipcomic.com/listing/avengers-83-cgc-graded-80-marvel-comic-book-1st-valkyrie-appearance-jh11/18099233
hipcomic (11).csv,46,19095860,papercinema,1950.00,USD,Lovelorn #53  1954 - ACG -CGC 4.0 - Comic Book-2093073001,publisher not stated and not determinable from the series,https://www.hipcomic.com/listing/lovelorn-53-1954-acg-cgc-40-comic-book-2093073001/19095860
hipcomic (11).csv,47,17394529,AtlantaClassicComics,474.99,USD,Amazing Spider-Man # 265 CGC Graded 9.8 Marvel Comic Book 1st Silver Sable JH10,no publication year in the title,https://www.hipcomic.com/listing/amazing-spider-man-265-cgc-graded-98-marvel-comic-book-1st-silver-sable-jh10/17394529
hipcomic (12).csv,2,19096908,papercinema,2250.00,USD,Josie #1 CGC 6.0 Archie-1st issue-comic book 2010974001,publisher not stated and not determinable from the series; no publication year in the title,https://www.hipcomic.com/listing/josie-1-cgc-60-archie-1st-issue-comic-book-2010974001/19096908
hipcomic (12).csv,3,17924982,rdbeard,1125.00,USD,"ACTION COMICS #99 - CGC-7.5, OW - Superman - Golden Age",no publication year in the title,https://www.hipcomic.com/listing/action-comics-99-cgc-75-ow-superman-golden-age/17924982
hipcomic (12).csv,4,15982560,rdbeard,1125.00,USD,"STAR SPANGLED COMICS #5 - CGC-7.5, OW -  Golden Age",no publication year in the title,https://www.hipcomic.com/listing/star-spangled-comics-5-cgc-75-ow-golden-age/15982560
hipcomic (12).csv,6,20250200,AtlantaClassicComics,462.49,USD,Wolverine # 2 CGC Graded 9.8 Marvel Comic Book Hulk Silver Samurai X-Men JH24,no publication year in the title,https://www.hipcomic.com/listing/wolverine-2-cgc-graded-98-marvel-comic-book-hulk-silver-samurai-x-men-jh24/20250200
hipcomic (12).csv,9,21459329,rdbeard,2750.00,USD,"WORLD'S FINEST COMICS #4 CGC-7.5, OW-W - Superman - Batman - Golden Age",no publication year in the title,https://www.hipcomic.com/listing/worlds-finest-comics-4-cgc-75-ow-w-superman-batman-golden-age/21459329
hipcomic (12).csv,10,10874775,dtacollectibles,700.00,USD,FLASH  #139 CGC 4.5-1963-DC-FIRST PROFESSOR ZOOM-3722810001,no publication year in the title,https://www.hipcomic.com/listing/flash-139-cgc-45-1963-dc-first-professor-zoom-3722810001/10874775
hipcomic (12).csv,12,12065064,legacycomics,150.00,USD,Jerry Iger's Classic Wings Comics (1985) CGC 9.8,no issue number in the title; publisher not stated and not determinable from the series,https://www.hipcomic.com/listing/jerry-igers-classic-wings-comics-1985-cgc-98/12065064
hipcomic (12).csv,13,15485550,rdbeard,2280.00,USD,"SHOCK SUSPENSTORIES #12 - CGC-6.5, WP- EC - Classic drug issue - Golden Age",no publication year in the title,https://www.hipcomic.com/listing/shock-suspenstories-12-cgc-65-wp-ec-classic-drug-issue-golden-age/15485550
hipcomic (12).csv,15,10240535,comicage,2500.00,CAD,Phoenix (1984) # 1 (CGC 9.8 WP) Remark Austin (Phoenix) | CPV Canadian| Census=2,signed or conserved book without a stated label type; publisher not stated and not determinable from the series,https://www.hipcomic.com/listing/phoenix-1984-1-cgc-98-wp-remark-austin-phoenix-cpv-canadian-census2/10240535
hipcomic (12).csv,16,15487469,rdbeard,755.00,USD,"SENSATION COMICS #57 - CGC-6.5, OW - Wonder Woman - Golden Age",no publication year in the title,https://www.hipcomic.com/listing/sensation-comics-57-cgc-65-ow-wonder-woman-golden-age/15487469
hipcomic (12).csv,18,15485532,rdbeard,1935.00,USD,DETECTIVE COMICS #79 - CGC-7.0 - OW-W - Batman/Robin - Kirby - Golden Age,no publication year in the title,https://www.hipcomic.com/listing/detective-comics-79-cgc-70-ow-w-batman-robin-kirby-golden-age/15485532
hipcomic (12).csv,19,2665914,dtacollectibles,693.00,USD,Behind Prison Bars #1-CGC 6.5 Highest Graded- SOUTHERN STATES 1197124022,publisher not stated and not determinable from the series; no publication year in the title,https://www.hipcomic.com/listing/behind-prison-bars-1-cgc-65-highest-graded-southern-states-1197124022/2665914
hipcomic (12).csv,20,12117045,legacycomics,175.00,USD,Onslaught Reborn #4 Campbell Cover CGC 9.8 Signature Series Signed Rob Liefeld,no publication year in the title,https://www.hipcomic.com/listing/onslaught-reborn-4-campbell-cover-cgc-98-signature-series-signed-rob-liefeld/12117045
hipcomic (12).csv,22,15486570,rdbeard,1065.00,USD,"CRIME SUSPENSTORIES #2 - CGC-7.0, WP  - EC - Golden Age",no publication year in the title,https://www.hipcomic.com/listing/crime-suspenstories-2-cgc-70-wp-ec-golden-age/15486570
hipcomic (12).csv,25,21123403,rdbeard,3875.00,USD,MORE FUN COMICS 72 - CGC-7.0 - OW-W - Dr Fate WWII cover - Spectre - Golden Age,no publication year in the title,https://www.hipcomic.com/listing/more-fun-comics-72-cgc-70-ow-w-dr-fate-wwii-cover-spectre-golden-age/21123403
hipcomic (12).csv,27,5559717,dtacollectibles,945.00,USD,Jo-Jo Comics #12 CGC 6.5 1948- Great headlight cover 2112107015,publisher not stated and not determinable from the series,https://www.hipcomic.com/listing/jo-jo-comics-12-cgc-65-1948-great-headlight-cover-2112107015/5559717
hipcomic (12).csv,29,12028770,legacycomics,230.00,USD,Black Panther #25 Aspen Comics Exclusive Variant Cover (2007) CGC 9.6 Signed,signed or conserved book without a stated label type,https://www.hipcomic.com/listing/black-panther-25-aspen-comics-exclusive-variant-cover-2007-cgc-96-signed/12028770
hipcomic (12).csv,30,17669719,rdbeard,3975.00,USD,"ADVENTURE COMICS 41 - CGC-6.0, OW-W - 2nd Sandman - Great cover - Golden Age",no publication year in the title,https://www.hipcomic.com/listing/adventure-comics-41-cgc-60-ow-w-2nd-sandman-great-cover-golden-age/17669719
hipcomic (12).csv,32,12073728,legacycomics,150.00,USD,Lady Death: Icon #1 CGC 9.6 Signature Series Wizard World 2008 Signed Pulido,publisher not stated and not determinable from the series,https://www.hipcomic.com/listing/lady-death-icon-1-cgc-96-signature-series-wizard-world-2008-signed-pulido/12073728
hipcomic (12).csv,33,10703632,comicage,2000.00,CAD,Incredible Hulk (1983) # 282 (CGC 9.8) Signed Sketch (She-Hulk)  Al Milgrom CPV,signed or conserved book without a stated label type,https://www.hipcomic.com/listing/incredible-hulk-1983-282-cgc-98-signed-sketch-she-hulk-al-milgrom-cpv/10703632
hipcomic (12).csv,34,12073456,legacycomics,200.00,USD,Justice League of America #5 Turner Cover CGC 9.4 Signature Series Double Signed,no publication year in the title,https://www.hipcomic.com/listing/justice-league-of-america-5-turner-cover-cgc-94-signature-series-double-signed/12073456
hipcomic (12).csv,36,21565227,runeworkscomics,500.95,USD,JLA AVENGERS COMPLETE SET #1-4 CGC 9.8,lot or multi-issue set; publisher not stated and not determinable from the series; no publication year in the title,https://www.hipcomic.com/listing/jla-avengers-complete-set-1-4-cgc-98/21565227
hipcomic (12).csv,38,10240409,comicage,1500.00,CAD,Dragon’s Lair (2007) # 3 (CGC 9.8 WP) Census=2,publisher not stated and not determinable from the series,https://www.hipcomic.com/listing/dragons-lair-2007-3-cgc-98-wp-census2/10240409
hipcomic (12).csv,43,17691116,comicage,3050.00,CAD,Uncanny X-Men # 163 (CGC 9.8) Signed Claremont *Census =1*Canadian price Variant,signed or conserved book without a stated label type; no publication year in the title,https://www.hipcomic.com/listing/uncanny-x-men-163-cgc-98-signed-claremont-census-1canadian-price-variant/17691116
hipcomic (12).csv,44,14633622,dtacollectibles,1190.00,USD,Wonder Woman #204 CGC 9.4 Brazilian ed-1974-First appearance of NUBIA-4376331001,no publication year in the title,https://www.hipcomic.com/listing/wonder-woman-204-cgc-94-brazilian-ed-1974-first-appearance-of-nubia-4376331001/14633622
hipcomic (12).csv,45,2662167,dtacollectibles,973.00,USD,JUNGLE ACTION #1-ATLAS-CGC 7.5-JOE MANEELY-LO-ZAR-SOUTHERN STATES 1173075015,publisher not stated and not determinable from the series; no publication year in the title,https://www.hipcomic.com/listing/jungle-action-1-atlas-cgc-75-joe-maneely-lo-zar-southern-states-1173075015/2662167
hipcomic (12).csv,46,12117064,legacycomics,175.00,USD,Onslaught Unleashed #1 Variant CGC 9.8 Signature Series Signed by Rob Liefeld,no publication year in the title,https://www.hipcomic.com/listing/onslaught-unleashed-1-variant-cgc-98-signature-series-signed-by-rob-liefeld/12117064
hipcomic (12).csv,47,15810671,legacycomics,299.99,USD,Amazing Spider-Man #103 CGC NM 9.4 Off-White to White 1st App of Gog,no publication year in the title,https://www.hipcomic.com/listing/amazing-spider-man-103-cgc-nm-94-off-white-to-white-1st-app-of-gog/15810671
hipcomic (12).csv,48,12116970,legacycomics,250.00,USD,Onslaught Reborn #3 Liefeld Cover CGC 9.8 Signature Series Signed by Jeph Loeb,no publication year in the title,https://www.hipcomic.com/listing/onslaught-reborn-3-liefeld-cover-cgc-98-signature-series-signed-by-jeph-loeb/12116970
hipcomic (13).csv,7,16734508,rdbeard,3225.00,USD,"DETECTIVE COMICS #108 - CGC-6.5, OW-W - 1st Bat Signal cover - Golden Age",no publication year in the title,https://www.hipcomic.com/listing/detective-comics-108-cgc-65-ow-w-1st-bat-signal-cover-golden-age/16734508
hipcomic (13).csv,9,16121608,rdbeard,2500.00,USD,"BATMAN #43- CGC-6.5, OW-W - Penguin vs Batman/Robin cover/story - Golden Age",no publication year in the title,https://www.hipcomic.com/listing/batman-43-cgc-65-ow-w-penguin-vs-batman-robin-cover-story-golden-age/16121608
hipcomic (13).csv,11,12099701,legacycomics,150.00,USD,Megaton #2 (1985) CGC 9.2 Signature Series Signed by Erik Larsen,publisher not stated and not determinable from the series,https://www.hipcomic.com/listing/megaton-2-1985-cgc-92-signature-series-signed-by-erik-larsen/12099701
hipcomic (13).csv,12,12099855,legacycomics,275.00,USD,Michael Turner's Fathom #1 SDCC (2008) CGC 9.8 Signature Series 3x Signed,publisher not stated and not determinable from the series,https://www.hipcomic.com/listing/michael-turners-fathom-1-sdcc-2008-cgc-98-signature-series-3x-signed/12099855
hipcomic (13).csv,14,2662212,dtacollectibles,1253.00,USD,SECRET HEARTS #7 CGC 6.5 WHITE PAGES-1951-DC ROMANCE-RARE- 0238310001,no publication year in the title,https://www.hipcomic.com/listing/secret-hearts-7-cgc-65-white-pages-1951-dc-romance-rare-0238310001/2662212
hipcomic (13).csv,15,16043213,rdbeard,1900.00,USD,"BATMAN #51- CGC-7.0, OW-W - Penguin vs Batman/Robin story - Golden Age",no publication year in the title,https://www.hipcomic.com/listing/batman-51-cgc-70-ow-w-penguin-vs-batman-robin-story-golden-age/16043213
hipcomic (13).csv,17,10226772,comicage,1000.00,CAD,Superman Man Steel (1992) # 17 (CGC 9.8 SS) Signed Doomsday Remark Bogdanove,publisher not stated and not determinable from the series,https://www.hipcomic.com/listing/superman-man-steel-1992-17-cgc-98-ss-signed-doomsday-remark-bogdanove/10226772
hipcomic (13).csv,18,18106490,rdbeard,1550.00,USD,"SLAVE GIRL COMICS #1 - CGC-6.5, OW-W - Avon - Golden Age",no publication year in the title,https://www.hipcomic.com/listing/slave-girl-comics-1-cgc-65-ow-w-avon-golden-age/18106490
hipcomic (13).csv,22,14201697,comicage,850.00,CAD,Wolverine (1989) # 10 (CGC 9.8) Signed Chris Claremont * Bill sienkiewicz,signed or conserved book without a stated label type,https://www.hipcomic.com/listing/wolverine-1989-10-cgc-98-signed-chris-claremont-bill-sienkiewicz/14201697
hipcomic (13).csv,23,19095565,papercinema,1105.00,USD,Avengers #57 CGC 5.5 // 1st appearance of THE VISION // Marvel 3763774003,no publication year in the title,https://www.hipcomic.com/listing/avengers-57-cgc-55-1st-appearance-of-the-vision-marvel-3763774003/19095565
hipcomic (13).csv,26,12117057,legacycomics,175.00,USD,Onslaught Unleashed #1 Variant CGC 9.8 Signature Series Signed by Rob Liefeld,no publication year in the title,https://www.hipcomic.com/listing/onslaught-unleashed-1-variant-cgc-98-signature-series-signed-by-rob-liefeld/12117057
hipcomic (13).csv,27,12074103,legacycomics,150.00,USD,Lady Mechanika #3 CGC 9. 8 Signature Series Double Signed Retailer Incentive,publisher not stated and not determinable from the series; no publication year in the title,https://www.hipcomic.com/listing/lady-mechanika-3-cgc-9-8-signature-series-double-signed-retailer-incentive/12074103
hipcomic (13).csv,28,19204359,rdbeard,1040.00,USD,DETECTIVE COMICS #110 - CGC-7.0 - OW - Batman/Robin - Golden Age,no publication year in the title,https://www.hipcomic.com/listing/detective-comics-110-cgc-70-ow-batman-robin-golden-age/19204359
hipcomic (13).csv,29,19096421,papercinema,2400.00,USD,Sunny #11 CGC 5.0-1st issue-GGA Peek-A-Boo cover 0999942003,publisher not stated and not determinable from the series; no publication year in the title,https://www.hipcomic.com/listing/sunny-11-cgc-50-1st-issue-gga-peek-a-boo-cover-0999942003/19096421
hipcomic (13).csv,31,15485585,rdbeard,1550.00,USD,"WINGS COMICS #1 - CGC-6.0, OW - Fiction House - Golden Age",no publication year in the title,https://www.hipcomic.com/listing/wings-comics-1-cgc-60-ow-fiction-house-golden-age/15485585
hipcomic (13).csv,34,18596291,rdbeard,2775.00,USD,"HUMAN TORCH #21 - CGC-7.5, OW-W - Timely - Sub-Mariner - Golden Age",no publication year in the title,https://www.hipcomic.com/listing/human-torch-21-cgc-75-ow-w-timely-sub-mariner-golden-age/18596291
hipcomic (13).csv,36,12100075,legacycomics,75.00,USD,Nitrogen #1 (2005) CGC 9.4 Signature Series Signed by Rob Liefeld,publisher not stated and not determinable from the series,https://www.hipcomic.com/listing/nitrogen-1-2005-cgc-94-signature-series-signed-by-rob-liefeld/12100075
hipcomic (13).csv,37,16005822,dtacollectibles,980.00,USD,Animal Man #5 CGC 9.8 -1988-comic book--DC 4376334002,no publication year in the title,https://www.hipcomic.com/listing/animal-man-5-cgc-98-1988-comic-book-dc-4376334002/16005822
hipcomic (13).csv,38,18091499,rdbeard,1150.00,USD,"STRANGE ADVENTURES #5 - CGC-8.5, OW-W - DC - Golden Age",no publication year in the title,https://www.hipcomic.com/listing/strange-adventures-5-cgc-85-ow-w-dc-golden-age/18091499
hipcomic (13).csv,40,13235481,dtacollectibles,420.00,USD,Daredevil #183-cgc 9.8-PUNISHER-FRANK MILLER-MARVEL 4080534012,no publication year in the title,https://www.hipcomic.com/listing/daredevil-183-cgc-98-punisher-frank-miller-marvel-4080534012/13235481
hipcomic (13).csv,41,16799105,rdbeard,930.00,USD,"DETECTIVE COMICS #182 - CGC-7.0, OW-W - Golden Age",no publication year in the title,https://www.hipcomic.com/listing/detective-comics-182-cgc-70-ow-w-golden-age/16799105
hipcomic (13).csv,42,17252587,rdbeard,1050.00,USD,"DETECTIVE COMICS #216 - CGC-7.0, OW-W - Batman - Golden Age",no publication year in the title,https://www.hipcomic.com/listing/detective-comics-216-cgc-70-ow-w-batman-golden-age/17252587
hipcomic (13).csv,43,17618910,rdbeard,675.00,USD,"ZEGRA #3 - CGC-7.5, WP - Fox - Golden Age",publisher not stated and not determinable from the series; no publication year in the title,https://www.hipcomic.com/listing/zegra-3-cgc-75-wp-fox-golden-age/17618910
hipcomic (13).csv,47,12116933,legacycomics,250.00,USD,Onslaught Reborn #1 Sketch Cover CGC 9.8 Signature Series Signed by Jeph Loeb,no publication year in the title,https://www.hipcomic.com/listing/onslaught-reborn-1-sketch-cover-cgc-98-signature-series-signed-by-jeph-loeb/12116933
hipcomic (13).csv,48,12028803,legacycomics,175.00,USD,Civil War Front Line #1 Wizard World 2006 Variant CGC 9.8 Signature Series,publisher not stated and not determinable from the series,https://www.hipcomic.com/listing/civil-war-front-line-1-wizard-world-2006-variant-cgc-98-signature-series/12028803
hipcomic (13).csv,49,15487186,rdbeard,415.00,USD,"RANGERS COMICS #30 - CGC-8.0, OW-W - Fiction House - Golden Age",no publication year in the title,https://www.hipcomic.com/listing/rangers-comics-30-cgc-80-ow-w-fiction-house-golden-age/15487186
hipcomic (14).csv,2,12117185,legacycomics,175.00,USD,Project Superpowers #5 Sketch Cover CGC 9.8 Signature Series Signed by Alex Ross,publisher not stated and not determinable from the series; no publication year in the title,https://www.hipcomic.com/listing/project-superpowers-5-sketch-cover-cgc-98-signature-series-signed-by-alex-ross/12117185
hipcomic (14).csv,3,12677940,comicage,1000.00,CAD,Spider-Man Marvel Tales (1984) # 170 (CGC 9.8 WP) Canadian Price CPV Census=1,publisher not stated and not determinable from the series,https://www.hipcomic.com/listing/spider-man-marvel-tales-1984-170-cgc-98-wp-canadian-price-cpv-census1/12677940
hipcomic (14).csv,4,12117206,legacycomics,250.00,USD,Red Sonja vs. Thulsa Doom #1 (2006) CGC 9.6 Signature Series Gabriele Dell&#0...,publisher not stated and not determinable from the series,https://www.hipcomic.com/listing/red-sonja-vs-thulsa-doom-1-2006-cgc-96-signature-series-gabriele-dell0/12117206
hipcomic (14).csv,6,5559712,dtacollectibles,1330.00,USD,Haunted Thrills #1 CGC 5.0 1952-Pre-code Horror-Cross dressing-Vampires 20916...,publisher not stated and not determinable from the series,https://www.hipcomic.com/listing/haunted-thrills-1-cgc-50-1952-pre-code-horror-cross-dressing-vampires-20916/5559712
hipcomic (14).csv,7,21573498,rdbeard,1265.00,USD,"SINGLE SERIES #20 CGC-6.5, OW - Tarzan - Foster - Golden Age",publisher not stated and not determinable from the series; no publication year in the title,https://www.hipcomic.com/listing/single-series-20-cgc-65-ow-tarzan-foster-golden-age/21573498
hipcomic (14).csv,8,17604899,rdbeard,825.00,USD,"WONDER WOMAN #72 - CGC-6.5, OW-W - Golden Age",no publication year in the title,https://www.hipcomic.com/listing/wonder-woman-72-cgc-65-ow-w-golden-age/17604899
hipcomic (14).csv,9,15485480,rdbeard,2035.00,USD,"DIARY OF HORROR #1 - CGC-5.5, OW - Avon - Bondage cover - Golden Age",no publication year in the title,https://www.hipcomic.com/listing/diary-of-horror-1-cgc-55-ow-avon-bondage-cover-golden-age/15485480
hipcomic (14).csv,10,19415796,AtlantaClassicComics,599.99,USD,Batman Beyond # 1 CGC Graded 9.2 DC Comic Book Terry McGinnis  JH19,no publication year in the title,https://www.hipcomic.com/listing/batman-beyond-1-cgc-graded-92-dc-comic-book-terry-mcginnis-jh19/19415796
hipcomic (14).csv,15,12813975,comicage,800.00,CAD,Batman (2022) #423 (CGC 9.8)  Fan Expo Special Foil Ed. Signed By Todd McFarlane,signed or conserved book without a stated label type,https://www.hipcomic.com/listing/batman-2022-423-cgc-98-fan-expo-special-foil-ed-signed-by-todd-mcfarlane/12813975
hipcomic (14).csv,16,12099853,legacycomics,180.00,USD,Michael Turner's Fathom #1 SDCC (2008) CGC 9.6 Signature Series 3x Signed,publisher not stated and not determinable from the series,https://www.hipcomic.com/listing/michael-turners-fathom-1-sdcc-2008-cgc-96-signature-series-3x-signed/12099853
hipcomic (14).csv,20,19096390,papercinema,1050.00,USD,SUB-MARINER #1 CGC 5.5-1967-Marvel first issue-2072880010,no publication year in the title,https://www.hipcomic.com/listing/sub-mariner-1-cgc-55-1967-marvel-first-issue-2072880010/19096390
hipcomic (14).csv,21,15486271,rdbeard,1190.00,USD,"WONDER WOMAN #52 - CGC-7.5, VFN-, OW-W - Golden Age",no publication year in the title,https://www.hipcomic.com/listing/wonder-woman-52-cgc-75-vfn-ow-w-golden-age/15486271
hipcomic (14).csv,22,17632128,comicage,3550.00,CAD,Fantastic Four Aschan  #nn (CGC 9.8) Signed Jim Lee*Williams*Sinclair * Census=1,signed or conserved book without a stated label type; publisher not stated and not determinable from the series; no publication year in the title,https://www.hipcomic.com/listing/fantastic-four-aschan-nn-cgc-98-signed-jim-leewilliamssinclair-census1/17632128
hipcomic (14).csv,24,12029264,legacycomics,200.00,USD,Fallen Son: The Death of Captain America #3 CGC Signature Series 9.8 Sketch,no publication year in the title,https://www.hipcomic.com/listing/fallen-son-the-death-of-captain-america-3-cgc-signature-series-98-sketch/12029264
hipcomic (14).csv,25,10239704,comicage,600.00,CAD,Blade The Vampire Hunter (1994) # 1 (CGC 9.6 WP) 1st Solo Series,publisher not stated and not determinable from the series,https://www.hipcomic.com/listing/blade-the-vampire-hunter-1994-1-cgc-96-wp-1st-solo-series/10239704
hipcomic (14).csv,26,10240393,comicage,1200.00,CAD,"Avengers Annual #10(CGC 9.0) Signed By C.Claremont,J.Shooter, M. Golden, AL Mil",signed or conserved book without a stated label type; no publication year in the title,https://www.hipcomic.com/listing/avengers-annual-10cgc-90-signed-by-cclaremontjshooter-m-golden-al-mil/10240393
hipcomic (14).csv,29,12117276,legacycomics,225.00,USD,Savage Tales #1 Negative Variant 2007 CGC 9.6 Signature Series Signed by Suydam,publisher not stated and not determinable from the series,https://www.hipcomic.com/listing/savage-tales-1-negative-variant-2007-cgc-96-signature-series-signed-by-suydam/12117276
hipcomic (14).csv,31,20234219,legacycomics,159.99,USD,Saban's Mighty Morphin Power Rangers #1 (1994) CGC 9.8 Trading Card Incl...,publisher not stated and not determinable from the series,https://www.hipcomic.com/listing/sabans-mighty-morphin-power-rangers-1-1994-cgc-98-trading-card-incl/20234219
hipcomic (14).csv,33,5629780,dtacollectibles,630.00,USD,ATOMIC ATTACK # 7 CGC 7.5 ATOM BOMB EXPLOSION 2006305003,publisher not stated and not determinable from the series; no publication year in the title,https://www.hipcomic.com/listing/atomic-attack-7-cgc-75-atom-bomb-explosion-2006305003/5629780
hipcomic (14).csv,34,18609894,rdbeard,2365.00,USD,"STAR SPANGLED COMICS #8 - CGC-7.5, WP - 2nd Newboy Legion & Guardian - Kirby",no publication year in the title,https://www.hipcomic.com/listing/star-spangled-comics-8-cgc-75-wp-2nd-newboy-legion-guardian-kirby/18609894
hipcomic (14).csv,35,12099716,legacycomics,200.00,USD,Michael Turner's Fathom #0 Wizard World CGC 9.2 Signature Series Signed ...,publisher not stated and not determinable from the series; no publication year in the title,https://www.hipcomic.com/listing/michael-turners-fathom-0-wizard-world-cgc-92-signature-series-signed/12099716
hipcomic (14).csv,36,17847787,rdbeard,2450.00,USD,"TALES OF TERROR ANNUAL #3- CGC-6.5, CR-OW - EC - Golden Age",publisher not stated and not determinable from the series; no publication year in the title,https://www.hipcomic.com/listing/tales-of-terror-annual-3-cgc-65-cr-ow-ec-golden-age/17847787
hipcomic (14).csv,37,15841960,dtacollectibles,245.00,USD,SPECTACULAR SPIDER-MAN #90 CGC GRADED 9.6 Black Costume 3804835009,no publication year in the title,https://www.hipcomic.com/listing/spectacular-spider-man-90-cgc-graded-96-black-costume-3804835009/15841960
hipcomic (14).csv,40,6749728,dtacollectibles,980.00,USD,Marvel Super-Heroes #13 CGC 6.5-First Ms. Marvel-Comic Book-2007756001,no publication year in the title,https://www.hipcomic.com/listing/marvel-super-heroes-13-cgc-65-first-ms-marvel-comic-book-2007756001/6749728
hipcomic (14).csv,41,21356844,rdbeard,865.00,USD,"ACTION COMICS #182 - CGC-7.5, OW - Superman - Golden Age",no publication year in the title,https://www.hipcomic.com/listing/action-comics-182-cgc-75-ow-superman-golden-age/21356844
hipcomic (14).csv,42,16866559,rdbeard,705.00,USD,"SUPERMAN #69 - CGC-6.0, OW-W - Prankster - Golden Age",no publication year in the title,https://www.hipcomic.com/listing/superman-69-cgc-60-ow-w-prankster-golden-age/16866559
hipcomic (14).csv,43,16086463,rdbeard,915.00,USD,"THRILLING COMICS #50 - CGC-7.0, OW-W - Schomburg cover - Golden Age",publisher not stated and not determinable from the series; no publication year in the title,https://www.hipcomic.com/listing/thrilling-comics-50-cgc-70-ow-w-schomburg-cover-golden-age/16086463
hipcomic (14).csv,44,12074012,legacycomics,200.00,USD,Lady Mechanika #2 Cover F (2011) CGC 9.8 Signature Series Double Signed Benitez,publisher not stated and not determinable from the series,https://www.hipcomic.com/listing/lady-mechanika-2-cover-f-2011-cgc-98-signature-series-double-signed-benitez/12074012
hipcomic (14).csv,45,15485509,rdbeard,2655.00,USD,"FLASH COMICS #24 - CGC-7.0, OW-W - Shiera Sanders becomes Hawkgirl - Golden Age",publisher not stated and not determinable from the series; no publication year in the title,https://www.hipcomic.com/listing/flash-comics-24-cgc-70-ow-w-shiera-sanders-becomes-hawkgirl-golden-age/15485509
hipcomic (14).csv,46,15998460,vintageexplosion,1045.00,USD,HEAVY METAL #1--APRIL 1977--CGC 9.8--BODE--MOEBIUS--2014541006,publisher not stated and not determinable from the series,https://www.hipcomic.com/listing/heavy-metal-1-april-1977-cgc-98-bode-moebius-2014541006/15998460
hipcomic (14).csv,47,21839619,AtlantaClassicComics,637.50,USD,The New Mutants # 98 CGC Graded 8.0 Marvel Comic Book 1st Deadpool Appear JH44,no publication year in the title,https://www.hipcomic.com/listing/the-new-mutants-98-cgc-graded-80-marvel-comic-book-1st-deadpool-appear-jh44/21839619
hipcomic (14).csv,48,15751916,rdbeard,1100.00,USD,"PLANET COMICS #37 - CGC-7.0, OW-W - Fiction House - Golden Age",no publication year in the title,https://www.hipcomic.com/listing/planet-comics-37-cgc-70-ow-w-fiction-house-golden-age/15751916
hipcomic (14).csv,49,20985662,rdbeard,835.00,USD,"FRANKENSTEIN #6 - CGC-7.5, OW-W - Prize - Golden Age",publisher not stated and not determinable from the series; no publication year in the title,https://www.hipcomic.com/listing/frankenstein-6-cgc-75-ow-w-prize-golden-age/20985662
hipcomic (15).csv,3,19489474,rdbeard,2350.00,USD,"WORLD WAR III #1- CGC-6.5, CR-OW - Ace - Scarce! - Golden Age",publisher not stated and not determinable from the series; no publication year in the title,https://www.hipcomic.com/listing/world-war-iii-1-cgc-65-cr-ow-ace-scarce-golden-age/19489474
hipcomic (15).csv,4,18181277,rdbeard,1885.00,USD,"COMICS #1 - CGC-7.0, OW - 1st comic book appearance of Tom Mix -  Golden Age",publisher not stated and not determinable from the series; no publication year in the title,https://www.hipcomic.com/listing/comics-1-cgc-70-ow-1st-comic-book-appearance-of-tom-mix-golden-age/18181277
hipcomic (15).csv,5,15486436,rdbeard,1085.00,USD,"PLANET COMICS #59 - CGC-7.5, OW-W - Fiction House - Evans - Baker - Golden Age",no publication year in the title,https://www.hipcomic.com/listing/planet-comics-59-cgc-75-ow-w-fiction-house-evans-baker-golden-age/15486436
hipcomic (15).csv,6,17934992,rdbeard,945.00,USD,"ACTION COMICS #98 - CGC-7.0, OW-W - Superman - Golden Age",no publication year in the title,https://www.hipcomic.com/listing/action-comics-98-cgc-70-ow-w-superman-golden-age/17934992
hipcomic (15).csv,9,12073849,legacycomics,200.00,USD,Lady Mechanika #1 Cover B CGC 9.8 Signature Series Signed by J. Scott Campbell,publisher not stated and not determinable from the series; no publication year in the title,https://www.hipcomic.com/listing/lady-mechanika-1-cover-b-cgc-98-signature-series-signed-by-j-scott-campbell/12073849
hipcomic (15).csv,10,12041304,legacycomics,150.00,USD,G.I. Joe: A Real American Hero #1 (2001) CGC 9.4 Signature Series,publisher not stated and not determinable from the series,https://www.hipcomic.com/listing/gi-joe-a-real-american-hero-1-2001-cgc-94-signature-series/12041304
hipcomic (15).csv,11,21077002,anthonyscomicbookart,799.88,USD,Ranger Comics #24 CGC (6.5) Bondage Cover - 1945,publisher not stated and not determinable from the series,https://www.hipcomic.com/listing/ranger-comics-24-cgc-65-bondage-cover-1945/21077002
hipcomic (15).csv,13,17647094,rdbeard,840.00,USD,"ACTION COMICS #192 - CGC-7.5,  - OW - Superman - Golden Age",no publication year in the title,https://www.hipcomic.com/listing/action-comics-192-cgc-75-ow-superman-golden-age/17647094
hipcomic (15).csv,14,12073825,legacycomics,75.00,USD,Lady Mechanika #0 WonderCon 2012 CGC 9.4 Signature Series Double Signed,publisher not stated and not determinable from the series,https://www.hipcomic.com/listing/lady-mechanika-0-wondercon-2012-cgc-94-signature-series-double-signed/12073825
hipcomic (15).csv,15,12116946,legacycomics,250.00,USD,Onslaught Reborn #2 Liefeld Cover CGC 9.8 Signature Series Signed by Jeph Loeb,no publication year in the title,https://www.hipcomic.com/listing/onslaught-reborn-2-liefeld-cover-cgc-98-signature-series-signed-by-jeph-loeb/12116946
hipcomic (15).csv,17,12074090,legacycomics,150.00,USD,Lady Mechanika #3 (2012) CGC 9.8 Signature Series Double Signed Aspen Edition,publisher not stated and not determinable from the series,https://www.hipcomic.com/listing/lady-mechanika-3-2012-cgc-98-signature-series-double-signed-aspen-edition/12074090
hipcomic (15).csv,18,8854330,dtacollectibles,385.00,USD,X-MEN #282 CGC 9.8-FIRST BISHOP-JOHN BYRNE-KEY ISSUE 3826016006,no publication year in the title,https://www.hipcomic.com/listing/x-men-282-cgc-98-first-bishop-john-byrne-key-issue-3826016006/8854330
hipcomic (15).csv,19,12073484,legacycomics,200.00,USD,Kull the Destroyer #15 (1974) CGC 4.5 Signature Series Signed by Ernie Chan,publisher not stated and not determinable from the series,https://www.hipcomic.com/listing/kull-the-destroyer-15-1974-cgc-45-signature-series-signed-by-ernie-chan/12073484
hipcomic (15).csv,21,12073940,legacycomics,135.00,USD,Lady Mechanika #1 CGC 9.8 Signature Series Signed by Joe Benitez Incentive,publisher not stated and not determinable from the series; no publication year in the title,https://www.hipcomic.com/listing/lady-mechanika-1-cgc-98-signature-series-signed-by-joe-benitez-incentive/12073940
hipcomic (15).csv,22,17562898,rdbeard,2385.00,USD,"MARVEL MYSTERY COMICS #78 - CGC-7.5, OW - Human Torch - Sub-Mariner - Golden Age",publisher not stated and not determinable from the series; no publication year in the title,https://www.hipcomic.com/listing/marvel-mystery-comics-78-cgc-75-ow-human-torch-sub-mariner-golden-age/17562898
hipcomic (15).csv,24,19422084,shauk786,269.99,USD,"ABSOLUTE BATMAN/WONDER WOMAN/SUPERMAN #1  MARK SPEARS ""FOIL'' COVERS SET CGC 9.8",publisher not stated and not determinable from the series; no publication year in the title,https://www.hipcomic.com/listing/absolute-batman-wonder-woman-superman-1-mark-spears-foil-covers-set-cgc-98/19422084
hipcomic (15).csv,25,12117128,legacycomics,75.00,USD,Project Superpowers #0 Michael Turner Negative CGC 9.2 Signature Series,publisher not stated and not determinable from the series; no publication year in the title,https://www.hipcomic.com/listing/project-superpowers-0-michael-turner-negative-cgc-92-signature-series/12117128
hipcomic (15).csv,26,15486340,rdbeard,1040.00,USD,"DETECTIVE COMICS #123 - CGC-7.0, OW-W - Batman - Golden Age",no publication year in the title,https://www.hipcomic.com/listing/detective-comics-123-cgc-70-ow-w-batman-golden-age/15486340
hipcomic (15).csv,27,12117052,legacycomics,175.00,USD,Onslaught Reborn #5 Bianchi Cover CGC 9.8 Signature Series Signed by Rob Liefeld,no publication year in the title,https://www.hipcomic.com/listing/onslaught-reborn-5-bianchi-cover-cgc-98-signature-series-signed-by-rob-liefeld/12117052
hipcomic (15).csv,28,15486390,rdbeard,1125.00,USD,"WORLD FAMOUS HEROES MAGAZINE #1 - CGC-7.0, OW - Centaur - Golden Age",no publication year in the title,https://www.hipcomic.com/listing/world-famous-heroes-magazine-1-cgc-70-ow-centaur-golden-age/15486390
hipcomic (15).csv,29,15486868,rdbeard,875.00,USD,"WORLD’S FINEST COMICS #54 - CGC-7.0, OW-W - Batman - Superman - Golden Age",no publication year in the title,https://www.hipcomic.com/listing/worlds-finest-comics-54-cgc-70-ow-w-batman-superman-golden-age/15486868
hipcomic (15).csv,31,17319319,rdbeard,1065.00,USD,"DETECTIVE COMICS #133 - CGC-7.0, OW - Batman - Golden Age",no publication year in the title,https://www.hipcomic.com/listing/detective-comics-133-cgc-70-ow-batman-golden-age/17319319
hipcomic (15).csv,32,19256449,anthonyscomicbookart,399.97,USD,Lady Death: Fantasies #1 Alabaster Holo Foil BP Edition Signed (2021) CGC 9.8,signed or conserved book without a stated label type; publisher not stated and not determinable from the series,https://www.hipcomic.com/listing/lady-death-fantasies-1-alabaster-holo-foil-bp-edition-signed-2021-cgc-98/19256449
hipcomic (15).csv,33,12117040,legacycomics,175.00,USD,Onslaught Reborn #3 McGuinness Cover CGC 9.8 Signature Series Signed by Liefeld,no publication year in the title,https://www.hipcomic.com/listing/onslaught-reborn-3-mcguinness-cover-cgc-98-signature-series-signed-by-liefeld/12117040
hipcomic (15).csv,35,15488866,rdbeard,1040.00,USD,DETECTIVE COMICS #112 - CGC-7.0 - WP - Batman/Robin - Golden Age,no publication year in the title,https://www.hipcomic.com/listing/detective-comics-112-cgc-70-wp-batman-robin-golden-age/15488866
hipcomic (15).csv,36,17426917,rdbeard,650.00,USD,"WONDER WOMAN #71 - CGC-6.0, OW-W - Golden Age",no publication year in the title,https://www.hipcomic.com/listing/wonder-woman-71-cgc-60-ow-w-golden-age/17426917
hipcomic (15).csv,38,15486842,rdbeard,825.00,USD,"BATMAN #67 - CGC-6.0, OW-W - Joker - Golden Age",no publication year in the title,https://www.hipcomic.com/listing/batman-67-cgc-60-ow-w-joker-golden-age/15486842
hipcomic (15).csv,40,21411156,rdbeard,2000.00,USD,"STRANGE ADVENTURES #9 - CGC-7.0, WP - DC - Origin/1st Captain Comet - Golden Age",no publication year in the title,https://www.hipcomic.com/listing/strange-adventures-9-cgc-70-wp-dc-origin-1st-captain-comet-golden-age/21411156
hipcomic (15).csv,42,17173557,rdbeard,895.00,USD,BATMAN #79 - CGC-6.5 - OW - Vicki Vale - Golden Age,no publication year in the title,https://www.hipcomic.com/listing/batman-79-cgc-65-ow-vicki-vale-golden-age/17173557
hipcomic (15).csv,43,16351005,rdbeard,1400.00,USD,"FLASH COMICS #93 - CGC-6.5, OW-W - Kubert - Fiddler - Golden Age",publisher not stated and not determinable from the series; no publication year in the title,https://www.hipcomic.com/listing/flash-comics-93-cgc-65-ow-w-kubert-fiddler-golden-age/16351005
hipcomic (15).csv,45,12099707,legacycomics,250.00,USD,Megaton #3 1986 CGC 8.5 Signature Series Signed by Erik Larsen 1st Savage Dragon,publisher not stated and not determinable from the series,https://www.hipcomic.com/listing/megaton-3-1986-cgc-85-signature-series-signed-by-erik-larsen-1st-savage-dragon/12099707
hipcomic (15).csv,47,12117051,legacycomics,175.00,USD,Onslaught Reborn #5 Liefeld Cover CGC 9.8 Signature Series Signed by Rob Liefeld,no publication year in the title,https://www.hipcomic.com/listing/onslaught-reborn-5-liefeld-cover-cgc-98-signature-series-signed-by-rob-liefeld/12117051
hipcomic (15).csv,48,13830267,comicage,3000.00,CAD,Hook (1992) # 1 2 3 4 (CGC SS 9.8) Signed Charles Vess • Only Census= 1,lot or multi-issue set; publisher not stated and not determinable from the series,https://www.hipcomic.com/listing/hook-1992-1-2-3-4-cgc-ss-98-signed-charles-vess-o-only-census-1/13830267
hipcomic (15).csv,49,15485519,rdbeard,1975.00,USD,"TORCHY #5 - CGC-7.5, OW-W - Quality - Ward - Classic GGA art title - Golden Age",no publication year in the title,https://www.hipcomic.com/listing/torchy-5-cgc-75-ow-w-quality-ward-classic-gga-art-title-golden-age/15485519
hipcomic (16).csv,2,12117049,legacycomics,250.00,USD,Onslaught Reborn #5 Liefeld Cover CGC 9.8 Signature Series Signed by Jeph Loeb,no publication year in the title,https://www.hipcomic.com/listing/onslaught-reborn-5-liefeld-cover-cgc-98-signature-series-signed-by-jeph-loeb/12117049
hipcomic (16).csv,4,14398706,comicage,1000.00,CAD,Batman (1986) #400 (CGC 9.6) Signed Rick Leonardi • Arthur Adams • Sienkiewicz,signed or conserved book without a stated label type,https://www.hipcomic.com/listing/batman-1986-400-cgc-96-signed-rick-leonardi-o-arthur-adams-o-sienkiewicz/14398706
hipcomic (16).csv,5,15486784,rdbeard,950.00,USD,BATMAN #45 - CGC-6.0 - WP - Christmas cover - Catwoman - Golden Age,no publication year in the title,https://www.hipcomic.com/listing/batman-45-cgc-60-wp-christmas-cover-catwoman-golden-age/15486784
hipcomic (16).csv,7,12099327,legacycomics,120.00,USD,Long Beach Comic and Horror Con Program CGC 9.6 Signature Series Signed Eastman,no issue number in the title; publisher not stated and not determinable from the series; no publication year in the title,https://www.hipcomic.com/listing/long-beach-comic-and-horror-con-program-cgc-96-signature-series-signed-eastman/12099327
hipcomic (16).csv,8,15534862,rdbeard,665.00,USD,"DETECTIVE COMICS #115 - CGC-6.0, OW-W - Batman - Golden Age",no publication year in the title,https://www.hipcomic.com/listing/detective-comics-115-cgc-60-ow-w-batman-golden-age/15534862
hipcomic (16).csv,10,18012487,AtlantaClassicComics,624.99,USD,Detective Comics # 408 CGC Graded 8.5 DC Comic Book Neal Adams Art Batman JH11,no publication year in the title,https://www.hipcomic.com/listing/detective-comics-408-cgc-graded-85-dc-comic-book-neal-adams-art-batman-jh11/18012487
hipcomic (16).csv,12,10240378,comicage,1200.00,CAD,Star Wars (1999) # 10 (CGC 9.8) 1st App A’sharad Hett (Darth Krayt),publisher not stated and not determinable from the series,https://www.hipcomic.com/listing/star-wars-1999-10-cgc-98-1st-app-asharad-hett-darth-krayt/10240378
hipcomic (16).csv,13,21147952,rdbeard,635.00,USD,"SUPERMAN #94 - CGC-6.5, OW-W - Golden Age",no publication year in the title,https://www.hipcomic.com/listing/superman-94-cgc-65-ow-w-golden-age/21147952
hipcomic (16).csv,14,21839591,AtlantaClassicComics,375.00,USD,Marvel Spotlight # 28 CGC Graded 9.2 Comic Book Moon Knight Solo Issue JH44,no publication year in the title,https://www.hipcomic.com/listing/marvel-spotlight-28-cgc-graded-92-comic-book-moon-knight-solo-issue-jh44/21839591
hipcomic (16).csv,16,21815849,AtlantaClassicComics,375.00,USD,Daredevil # 7 CGC Graded Qualified 6.0 Marvel Comic Book 1st Red Costume JH43,no publication year in the title,https://www.hipcomic.com/listing/daredevil-7-cgc-graded-qualified-60-marvel-comic-book-1st-red-costume-jh43/21815849
hipcomic (16).csv,17,12931230,dtacollectibles,700.00,USD,DC Comics Presents #49 CGC 9.8 Black Adam comic book Shazam 4253450009,no publication year in the title,https://www.hipcomic.com/listing/dc-comics-presents-49-cgc-98-black-adam-comic-book-shazam-4253450009/12931230
hipcomic (16).csv,18,21838961,modigity2099,600.00,USD,Megaton #1 Cgc 9.8 Wp 1st Erik Larsen Pro Work  (Megaton Comics November 1983),publisher not stated and not determinable from the series,https://www.hipcomic.com/listing/megaton-1-cgc-98-wp-1st-erik-larsen-pro-work-megaton-comics-november-1983/21838961
hipcomic (16).csv,19,15487504,rdbeard,735.00,USD,"SKYMAN #1 - CGC-6.5, OW - Columbia - Origin Skyman - Golden Age",publisher not stated and not determinable from the series; no publication year in the title,https://www.hipcomic.com/listing/skyman-1-cgc-65-ow-columbia-origin-skyman-golden-age/15487504
hipcomic (16).csv,20,8831438,dtacollectibles,560.00,USD,AMAZING SPIDER-MAN #210 CGC 9.4 MARVEL First Madame Web 3804843001,no publication year in the title,https://www.hipcomic.com/listing/amazing-spider-man-210-cgc-94-marvel-first-madame-web-3804843001/8831438
hipcomic (16).csv,21,10240144,comicage,1000.00,CAD,Incredible Hulk  #258 (CGC SS 9.8) Signed By Al Milgrom!!,no publication year in the title,https://www.hipcomic.com/listing/incredible-hulk-258-cgc-ss-98-signed-by-al-milgrom/10240144
hipcomic (16).csv,25,15486494,rdbeard,1095.00,USD,"WEIRD HORRORS #1 - CGC-7.0, OW-W  - St John - Golden Age",no publication year in the title,https://www.hipcomic.com/listing/weird-horrors-1-cgc-70-ow-w-st-john-golden-age/15486494
hipcomic (16).csv,27,17189664,rdbeard,955.00,USD,"ZAGO #3 - CGC-7.5, WP - Fox - Kamen - Golden Age",publisher not stated and not determinable from the series; no publication year in the title,https://www.hipcomic.com/listing/zago-3-cgc-75-wp-fox-kamen-golden-age/17189664
hipcomic (16).csv,28,12041923,legacycomics,125.00,USD,Jennifer Blood #1 Blood Red Sketch Cover (2011) CGC 9.6 Signature Series,publisher not stated and not determinable from the series,https://www.hipcomic.com/listing/jennifer-blood-1-blood-red-sketch-cover-2011-cgc-96-signature-series/12041923
hipcomic (16).csv,29,15486624,rdbeard,505.00,USD,"SUPERMAN #93 - CGC-6.0, OW-W - Golden Age",no publication year in the title,https://www.hipcomic.com/listing/superman-93-cgc-60-ow-w-golden-age/15486624
hipcomic (16).csv,30,15706009,vintageexplosion,242.00,USD,BATMAN: HARLEY QUINN #1-- CGC 9.4--1999--comic book-- 4346835006,publisher not stated and not determinable from the series; no publication year in the title,https://www.hipcomic.com/listing/batman-harley-quinn-1-cgc-94-1999-comic-book-4346835006/15706009
hipcomic (16).csv,31,15841952,dtacollectibles,315.00,USD,MAD MAGAZINE #169-CGC 9.6-ALFRED E. NEWMAN-Drucker- 0744902010,publisher not stated and not determinable from the series; no publication year in the title,https://www.hipcomic.com/listing/mad-magazine-169-cgc-96-alfred-e-newman-drucker-0744902010/15841952
hipcomic (16).csv,32,14452679,comicage,2000.00,CAD,Faust : Singha's Talons (1999) # 1 ( CGC 9.8 SS ) Signed Tim Vigil Census = 1,publisher not stated and not determinable from the series,https://www.hipcomic.com/listing/faust-singhas-talons-1999-1-cgc-98-ss-signed-tim-vigil-census-1/14452679
hipcomic (16).csv,33,15670967,dtacollectibles,266.00,USD,Venom: Lethal Protector #1 - CGC 9.8 MARVEL COMIC BOOK - 3862511008,no publication year in the title,https://www.hipcomic.com/listing/venom-lethal-protector-1-cgc-98-marvel-comic-book-3862511008/15670967
hipcomic (16).csv,37,20496318,anthonyscomicbookart,449.97,USD,All Star Western #10 - Jonah Hex 1st appearance - CGC 5.5 - 1972,publisher not stated and not determinable from the series,https://www.hipcomic.com/listing/all-star-western-10-jonah-hex-1st-appearance-cgc-55-1972/20496318
hipcomic (16).csv,40,13864023,comicage,2250.00,CAD,Speed Racer (1987) CGC 9.8 (SS) Signed & Sketch Ken Steacy ~ Now comics Census=1,no issue number in the title; publisher not stated and not determinable from the series,https://www.hipcomic.com/listing/speed-racer-1987-cgc-98-ss-signed-sketch-ken-steacy-now-comics-census1/13864023
hipcomic (16).csv,42,12099329,legacycomics,100.00,USD,The Magdalena #1 Benitez Cover (2000) CGC 9.6 Signature Series Benitez Signed,publisher not stated and not determinable from the series,https://www.hipcomic.com/listing/the-magdalena-1-benitez-cover-2000-cgc-96-signature-series-benitez-signed/12099329
hipcomic (16).csv,44,19465982,comicage,800.00,CAD,Wolverine Limited Series (1982)#4 (CGC 9.8) Signed Claremont  & Rubinstein,signed or conserved book without a stated label type,https://www.hipcomic.com/listing/wolverine-limited-series-19824-cgc-98-signed-claremont-rubinstein/19465982
hipcomic (16).csv,46,12074047,legacycomics,150.00,USD,Lady Mechanika #3 Cover A (2012) CGC 9.8 Signature Series Double Signed,publisher not stated and not determinable from the series,https://www.hipcomic.com/listing/lady-mechanika-3-cover-a-2012-cgc-98-signature-series-double-signed/12074047
hipcomic (16).csv,47,8736715,dtacollectibles,1050.00,USD,WEIRD MYSTERIES #3 CGC 2.5 1953-PRE-CODE HORROR-decapitation-1968303006,publisher not stated and not determinable from the series,https://www.hipcomic.com/listing/weird-mysteries-3-cgc-25-1953-pre-code-horror-decapitation-1968303006/8736715
hipcomic (16).csv,48,18004575,rdbeard,895.00,USD,"AMAZING ADVENTURES #1 - CGC-6.5, OW-W - Wood - Schomburg - Golden Age",publisher not stated and not determinable from the series; no publication year in the title,https://www.hipcomic.com/listing/amazing-adventures-1-cgc-65-ow-w-wood-schomburg-golden-age/18004575
hipcomic (16).csv,49,16693176,rdbeard,875.00,USD,"CLASSICS: ILLUSTRATED ... GREAT INDIAN STORIES (#3) - CGC-6.5, OW - Rare!!",publisher not stated and not determinable from the series; no publication year in the title,https://www.hipcomic.com/listing/classics-illustrated-great-indian-stories-3-cgc-65-ow-rare/16693176
hipcomic (17).csv,3,17047148,rdbeard,585.00,USD,"WONDER WOMAN #61 - CGC-6.0, CR-OW - Golden Age",no publication year in the title,https://www.hipcomic.com/listing/wonder-woman-61-cgc-60-cr-ow-golden-age/17047148
hipcomic (17).csv,6,19096137,papercinema,1885.00,USD,Sunny #11 CGC 3.0-Spicy Good Girl Art-1st issue 2108275003,publisher not stated and not determinable from the series; no publication year in the title,https://www.hipcomic.com/listing/sunny-11-cgc-30-spicy-good-girl-art-1st-issue-2108275003/19096137
hipcomic (17).csv,8,13535658,comicage,1500.00,CAD,Spider-Man And His Amazing Friends (1981) # 1 (CGC 9.8) Signed Romita Jr,signed or conserved book without a stated label type,https://www.hipcomic.com/listing/spider-man-and-his-amazing-friends-1981-1-cgc-98-signed-romita-jr/13535658
hipcomic (17).csv,11,17193824,rdbeard,2050.00,USD,"ZOOT COMICS #7 - CGC-8.0, OW - Fox - Origin/1st Rulah - Golden Age",publisher not stated and not determinable from the series; no publication year in the title,https://www.hipcomic.com/listing/zoot-comics-7-cgc-80-ow-fox-origin-1st-rulah-golden-age/17193824
hipcomic (17).csv,12,17847808,rdbeard,735.00,USD,"FLASH COMICS #72 - CGC-6.5, OW-W - Golden Age",publisher not stated and not determinable from the series; no publication year in the title,https://www.hipcomic.com/listing/flash-comics-72-cgc-65-ow-w-golden-age/17847808
hipcomic (17).csv,13,15351363,comicage,450.00,CAD,Avengers west coast 94 CGC 9.4 (SS),publisher not stated and not determinable from the series; no publication year in the title,https://www.hipcomic.com/listing/avengers-west-coast-94-cgc-94-ss/15351363
hipcomic (17).csv,16,17596426,rdbeard,765.00,USD,"ROCKETMAN #1 - CGC-7.5, OW - Ajax-Farrell - Golden Age",publisher not stated and not determinable from the series; no publication year in the title,https://www.hipcomic.com/listing/rocketman-1-cgc-75-ow-ajax-farrell-golden-age/17596426
hipcomic (17).csv,17,19096236,papercinema,1875.00,USD,Battlefield #9 CGC 8.0 1953-Atlas Korean War comic 3713862013,publisher not stated and not determinable from the series,https://www.hipcomic.com/listing/battlefield-9-cgc-80-1953-atlas-korean-war-comic-3713862013/19096236
hipcomic (17).csv,19,15842196,dtacollectibles,1260.00,USD,Star Ranger #12 CGC 2.0-1938-Rare COMIC BOOK-Centaur 2107758001,no publication year in the title,https://www.hipcomic.com/listing/star-ranger-12-cgc-20-1938-rare-comic-book-centaur-2107758001/15842196
hipcomic (17).csv,20,14087877,comicage,800.00,CAD,Ronin (1983) # 1 (CGC 9.8 SS) Signed Frank Miller,publisher not stated and not determinable from the series,https://www.hipcomic.com/listing/ronin-1983-1-cgc-98-ss-signed-frank-miller/14087877
hipcomic (17).csv,21,15670243,dtacollectibles,910.00,USD,Mysterious Adventures #22 CGC 7.0 Zombie 1954 Pre-Code horror 2025567011,publisher not stated and not determinable from the series,https://www.hipcomic.com/listing/mysterious-adventures-22-cgc-70-zombie-1954-pre-code-horror-2025567011/15670243
hipcomic (17).csv,24,21798327,rdbeard,725.00,USD,"WEIRD ADVENTURES (Z/D) #10 (#1) - CGC-7.5, OW - Golden Age",publisher not stated and not determinable from the series; no publication year in the title,https://www.hipcomic.com/listing/weird-adventures-z-d-10-1-cgc-75-ow-golden-age/21798327
hipcomic (17).csv,26,12117198,legacycomics,225.00,USD,Raise the Dead #1 Black-and-White CGC 9.8 Signature Series Arthur Suydam Signed,publisher not stated and not determinable from the series; no publication year in the title,https://www.hipcomic.com/listing/raise-the-dead-1-black-and-white-cgc-98-signature-series-arthur-suydam-signed/12117198
hipcomic (17).csv,27,10834278,comicage,2500.00,CAD,Spider-Man Comics (1995) # 1 (CGC 9.6) Signed Sketch  Saviuk | Census=1 Wallmart,signed or conserved book without a stated label type; publisher not stated and not determinable from the series,https://www.hipcomic.com/listing/spider-man-comics-1995-1-cgc-96-signed-sketch-saviuk-census1-wallmart/10834278
hipcomic (17).csv,28,21815864,AtlantaClassicComics,900.00,USD,Whiz Comics # 61 CGC Graded 5.0 Fawcett Comic Book Captain Marvel Shazam JH43,no publication year in the title,https://www.hipcomic.com/listing/whiz-comics-61-cgc-graded-50-fawcett-comic-book-captain-marvel-shazam-jh43/21815864
hipcomic (17).csv,29,12072943,legacycomics,200.00,USD,"Justice League #6 CGC 9.6 Signature Series Double Signed Jim Lee, Alex Sinclair",no publication year in the title,https://www.hipcomic.com/listing/justice-league-6-cgc-96-signature-series-double-signed-jim-lee-alex-sinclair/12072943
hipcomic (17).csv,30,21770723,anthonyscomicbookart,999.95,USD,Super-Mystery Comics #v5 #3 - Rudy Palais Cover & Art (CGC 5.0) 1945,publisher not stated and not determinable from the series,https://www.hipcomic.com/listing/super-mystery-comics-v5-3-rudy-palais-cover-art-cgc-50-1945/21770723
hipcomic (17).csv,31,10240465,comicage,1350.00,CAD,Batgirl (2014) # 35 (CGC) | 1st App New Costume Batgirl Of Burnside| Newsstand,no numeric grade in the title,https://www.hipcomic.com/listing/batgirl-2014-35-cgc-1st-app-new-costume-batgirl-of-burnside-newsstand/10240465
hipcomic (17).csv,32,10238541,comicage,250.00,CAD,Wonder Woman Black & Gold (2021) # 1 (CGC 9.8) Fradon Variant Cover 1:25 | CGC=6,publisher not stated and not determinable from the series,https://www.hipcomic.com/listing/wonder-woman-black-gold-2021-1-cgc-98-fradon-variant-cover-125-cgc6/10238541
hipcomic (17).csv,34,16389783,comicage,1000.00,CAD,Master Of The Universe (1986) # 1 (CGC 9.8) Mike Carlin • White Pages,publisher not stated and not determinable from the series,https://www.hipcomic.com/listing/master-of-the-universe-1986-1-cgc-98-mike-carlin-o-white-pages/16389783
hipcomic (17).csv,35,17492767,rdbeard,1100.00,USD,"DETECTIVE COMICS #113 - CGC-7.0, WP - Batman/Robin - Golden Age",no publication year in the title,https://www.hipcomic.com/listing/detective-comics-113-cgc-70-wp-batman-robin-golden-age/17492767
hipcomic (17).csv,37,20910572,AtlantaClassicComics,574.99,USD,Marvel Super Heroes Secret Wars 8 CGC Graded 9.2 Marvel Comic Book Symbiote JH30,no publication year in the title,https://www.hipcomic.com/listing/marvel-super-heroes-secret-wars-8-cgc-graded-92-marvel-comic-book-symbiote-jh30/20910572
hipcomic (17).csv,38,15670297,dtacollectibles,1960.00,USD,Super-Mystery Vol. 6 #4 CGC 7.0 1947 Great MEAT CLEAVER cvr- 2090628002,publisher not stated and not determinable from the series,https://www.hipcomic.com/listing/super-mystery-vol-6-4-cgc-70-1947-great-meat-cleaver-cvr-2090628002/15670297
hipcomic (17).csv,39,17391420,comicage,1000.00,CAD,X-Men (1992) # 5 (CGC 9.8) Signed By Jim Lee * Chris Claremont * Scott Williams,signed or conserved book without a stated label type,https://www.hipcomic.com/listing/x-men-1992-5-cgc-98-signed-by-jim-lee-chris-claremont-scott-williams/17391420
hipcomic (17).csv,40,18099227,AtlantaClassicComics,874.99,USD,Green Lantern # 40 CGC Graded 6.0 DC Comic Book Hal Jordan Crisis JH11,no publication year in the title,https://www.hipcomic.com/listing/green-lantern-40-cgc-graded-60-dc-comic-book-hal-jordan-crisis-jh11/18099227
hipcomic (17).csv,41,17623941,rdbeard,575.00,USD,"ZEGRA #4 - CGC-7.0, OW-W - Fox - Golden Age",publisher not stated and not determinable from the series; no publication year in the title,https://www.hipcomic.com/listing/zegra-4-cgc-70-ow-w-fox-golden-age/17623941
hipcomic (17).csv,42,21367269,rdbeard,2185.00,USD,"THING! #15 - CGC-7.5, OW-W - Classic Ditko cover & 4 stories - Golden Age",publisher not stated and not determinable from the series; no publication year in the title,https://www.hipcomic.com/listing/thing-15-cgc-75-ow-w-classic-ditko-cover-4-stories-golden-age/21367269
hipcomic (17).csv,43,10940290,comicage,500.00,CAD,Conan The Barbarian (1991) # 242 (CGC 9.6 WP) Signed Jim Lee,signed or conserved book without a stated label type,https://www.hipcomic.com/listing/conan-the-barbarian-1991-242-cgc-96-wp-signed-jim-lee/10940290
hipcomic (17).csv,44,12074019,legacycomics,125.00,USD,Lady Mechanika #2 Incentive Sketch (2011) CGC 9.4 Signature Series Triple Signed,publisher not stated and not determinable from the series,https://www.hipcomic.com/listing/lady-mechanika-2-incentive-sketch-2011-cgc-94-signature-series-triple-signed/12074019
hipcomic (17).csv,45,21815875,AtlantaClassicComics,562.50,USD,Fantastic Four #45 CGC Graded 6.5 Marvel Comic Book 1st Inhumans Appearance JH43,no publication year in the title,https://www.hipcomic.com/listing/fantastic-four-45-cgc-graded-65-marvel-comic-book-1st-inhumans-appearance-jh43/21815875
hipcomic (17).csv,46,6573305,dtacollectibles,350.00,USD,Strawberry Shortcake #1 CGC 9.8-Marvel comics First issue-2038909024,no publication year in the title,https://www.hipcomic.com/listing/strawberry-shortcake-1-cgc-98-marvel-comics-first-issue-2038909024/6573305
hipcomic (17).csv,47,4865323,dtacollectibles,280.00,USD,New Mutants Annual #6 CGC 9.8 First Shatterstar 2006680009,publisher not stated and not determinable from the series; no publication year in the title,https://www.hipcomic.com/listing/new-mutants-annual-6-cgc-98-first-shatterstar-2006680009/4865323
hipcomic (17).csv,49,19296020,rdbeard,1960.00,USD,"MARCH OF COMICS #41  - Donald Duck - CGC-7.5, OW-W - Barks - Kelly - Golden Age",publisher not stated and not determinable from the series; no publication year in the title,https://www.hipcomic.com/listing/march-of-comics-41-donald-duck-cgc-75-ow-w-barks-kelly-golden-age/19296020
hipcomic (18).csv,2,15670782,dtacollectibles,420.00,USD,Inhumans #1 CGC 9.8 wp Black Bolt movie coming Marvel 0242814002,no publication year in the title,https://www.hipcomic.com/listing/inhumans-1-cgc-98-wp-black-bolt-movie-coming-marvel-0242814002/15670782
hipcomic (18).csv,3,21815874,AtlantaClassicComics,562.50,USD,Detective Comics # 389 CGC Graded 9.2 DC Comic Book Batman Neal Adams Cover JH43,no publication year in the title,https://www.hipcomic.com/listing/detective-comics-389-cgc-graded-92-dc-comic-book-batman-neal-adams-cover-jh43/21815874
hipcomic (18).csv,4,12072940,legacycomics,150.00,USD,Justice League #4 Kubert Cover CGC 9.6 Signature Series Double Signed Jim Lee,no publication year in the title,https://www.hipcomic.com/listing/justice-league-4-kubert-cover-cgc-96-signature-series-double-signed-jim-lee/12072940
hipcomic (18).csv,5,17667560,comicage,2050.00,CAD,G.I. Joe 1986 #43 (CGC 9.8) Signed Larry Hama * Canadian Price Variant *Census=1,signed or conserved book without a stated label type,https://www.hipcomic.com/listing/gi-joe-1986-43-cgc-98-signed-larry-hama-canadian-price-variant-census1/17667560
hipcomic (18).csv,6,13072879,dtacollectibles,399.00,USD,IRON MAN #282 CGC 9.8 FIRST WAR MACHINE-MARVEL 4253451011,no publication year in the title,https://www.hipcomic.com/listing/iron-man-282-cgc-98-first-war-machine-marvel-4253451011/13072879
hipcomic (18).csv,9,12029084,legacycomics,100.00,USD,Dv8 Gods and Monsters #1 CGC Signature Series 9.4 Retailer Incentive Edition,publisher not stated and not determinable from the series; no publication year in the title,https://www.hipcomic.com/listing/dv8-gods-and-monsters-1-cgc-signature-series-94-retailer-incentive-edition/12029084
hipcomic (18).csv,13,20726942,comicage,950.00,CAD,Marvel Comics Presents (1988) # 1 (CGC 9.8 WP) Signed Milgrom Claremont Simonson,signed or conserved book without a stated label type,https://www.hipcomic.com/listing/marvel-comics-presents-1988-1-cgc-98-wp-signed-milgrom-claremont-simonson/20726942
hipcomic (18).csv,14,15486446,rdbeard,1085.00,USD,"PLANET COMICS #60 - CGC-7.5, OW - Fiction House - Evans - Ingels - Golden Age",no publication year in the title,https://www.hipcomic.com/listing/planet-comics-60-cgc-75-ow-fiction-house-evans-ingels-golden-age/15486446
hipcomic (18).csv,15,15670279,dtacollectibles,2100.00,USD,Funny Picture Stories Vol. 2 #1 CGC 4.5 1937 Charles Biro-Super rare comic 21...,published before 1938 (no matching era category),https://www.hipcomic.com/listing/funny-picture-stories-vol-2-1-cgc-45-1937-charles-biro-super-rare-comic-21/15670279
hipcomic (18).csv,19,13733879,comicage,3000.00,CAD,Super-Mystery Comics #v7 (1948) # 6 CGC 4.0) Canadian • Census=1 Highest Graded,publisher not stated and not determinable from the series,https://www.hipcomic.com/listing/super-mystery-comics-v7-1948-6-cgc-40-canadian-o-census1-highest-graded/13733879
hipcomic (18).csv,21,16314402,rdbeard,630.00,USD,"BATMAN #85- CGC-6.0, OW-W - Joker - Vicki Vale - Golden Age",no publication year in the title,https://www.hipcomic.com/listing/batman-85-cgc-60-ow-w-joker-vicki-vale-golden-age/16314402
hipcomic (18).csv,22,14274722,comicage,1500.00,CAD,Attack (1952) #1 (CGC 4.5) Harry Harrison • Ernie Bache • Census = 10,publisher not stated and not determinable from the series,https://www.hipcomic.com/listing/attack-1952-1-cgc-45-harry-harrison-o-ernie-bache-o-census-10/14274722
hipcomic (18).csv,23,12041322,legacycomics,125.00,USD,G.I. Joe: A Real American Hero #4 (2002) CGC 9.4 Signature Series Campbell,publisher not stated and not determinable from the series,https://www.hipcomic.com/listing/gi-joe-a-real-american-hero-4-2002-cgc-94-signature-series-campbell/12041322
hipcomic (18).csv,25,19410437,AtlantaClassicComics,599.99,USD,World's Finest Comics #13 CGC Qualified Graded 3.5 DC Comic Book Golden Age JH18,no publication year in the title,https://www.hipcomic.com/listing/worlds-finest-comics-13-cgc-qualified-graded-35-dc-comic-book-golden-age-jh18/19410437
hipcomic (18).csv,31,19002025,rdbeard,1255.00,USD,"UNCLE SAM QUARTERLY #4 - CGC-7.5, OW-W - Quality -  Golden Age",no publication year in the title,https://www.hipcomic.com/listing/uncle-sam-quarterly-4-cgc-75-ow-w-quality-golden-age/19002025
hipcomic (18).csv,32,21815828,AtlantaClassicComics,937.50,USD,Walt Disney's Comics & Stories # 74 CGC Graded 7.5 Dell Comic Book 1946 JH43,publisher not stated and not determinable from the series,https://www.hipcomic.com/listing/walt-disneys-comics-stories-74-cgc-graded-75-dell-comic-book-1946-jh43/21815828
hipcomic (18).csv,33,19410168,AtlantaClassicComics,499.99,USD,(Uncanny) X-Men # 58 CGC Graded 5.0 Marvel Comic Book Neal Adam JH18,no publication year in the title,https://www.hipcomic.com/listing/uncanny-x-men-58-cgc-graded-50-marvel-comic-book-neal-adam-jh18/19410168
hipcomic (18).csv,35,15979803,legacycomics,100.00,USD,Lady Mechanika #0 (2012) CGC 9.6 Signed by Joe Benitez & Peter Steigerwald,signed or conserved book without a stated label type; publisher not stated and not determinable from the series,https://www.hipcomic.com/listing/lady-mechanika-0-2012-cgc-96-signed-by-joe-benitez-peter-steigerwald/15979803
hipcomic (18).csv,38,19632319,rdbeard,1765.00,USD,"MOVIE COMICS #1 - CGC-6.5, OW-W - DC - Scarce - Son of Frankenstein - Golden Age",no publication year in the title,https://www.hipcomic.com/listing/movie-comics-1-cgc-65-ow-w-dc-scarce-son-of-frankenstein-golden-age/19632319
hipcomic (18).csv,41,21054841,rdbeard,335.00,USD,"AMAZING SPIDER-MAN #200 - CGC-9.8, WP - Giant origin issue",no publication year in the title,https://www.hipcomic.com/listing/amazing-spider-man-200-cgc-98-wp-giant-origin-issue/21054841
hipcomic (18).csv,44,15998445,vintageexplosion,2035.00,USD,Wilbur Comics #5 -- CGC 3.0 -- First KATY KEENE -- Archie comic book -- 13968...,publisher not stated and not determinable from the series; no publication year in the title,https://www.hipcomic.com/listing/wilbur-comics-5-cgc-30-first-katy-keene-archie-comic-book-13968/15998445
hipcomic (18).csv,45,15486581,rdbeard,1000.00,USD,"WORLD WAR III #2- CGC-6.5, OW-W - Ace - Scarce! - Golden Age",publisher not stated and not determinable from the series; no publication year in the title,https://www.hipcomic.com/listing/world-war-iii-2-cgc-65-ow-w-ace-scarce-golden-age/15486581
hipcomic (18).csv,47,17508243,rdbeard,785.00,USD,"EERIE #11 - CGC-6.5, OW-W - Avon - Golden Age",no publication year in the title,https://www.hipcomic.com/listing/eerie-11-cgc-65-ow-w-avon-golden-age/17508243
hipcomic (18).csv,48,5057965,dtacollectibles,560.00,USD,HEART THROBS #103 CGC 9.4 White pages-DC Romance 2039902004,no publication year in the title,https://www.hipcomic.com/listing/heart-throbs-103-cgc-94-white-pages-dc-romance-2039902004/5057965
hipcomic (19).csv,2,19421272,shauk786,1124.99,USD,GREEN LANTERN #1 FOIL EDITION CGC 9.8 COMPLETE SET OF NINE COVERS .,lot or multi-issue set; no publication year in the title,https://www.hipcomic.com/listing/green-lantern-1-foil-edition-cgc-98-complete-set-of-nine-covers/19421272
hipcomic (19).csv,3,12099698,legacycomics,80.00,USD,Megaton #2 (1985) CGC 6.5 Signature Series Signed by Erik Larsen,publisher not stated and not determinable from the series,https://www.hipcomic.com/listing/megaton-2-1985-cgc-65-signature-series-signed-by-erik-larsen/12099698
hipcomic (19).csv,4,10874778,dtacollectibles,210.00,USD,Thundercats #1 CGC 9.2 comic book 1985- 1st issue cartoon 3961792012,publisher not stated and not determinable from the series,https://www.hipcomic.com/listing/thundercats-1-cgc-92-comic-book-1985-1st-issue-cartoon-3961792012/10874778
hipcomic (19).csv,6,17231749,rdbeard,595.00,USD,"DETECTIVE COMICS #201 - CGC-6.0, OW-W - Batman - Golden Age",no publication year in the title,https://www.hipcomic.com/listing/detective-comics-201-cgc-60-ow-w-batman-golden-age/17231749
hipcomic (19).csv,8,13733891,comicage,2400.00,CAD,Red Seal Comics (1947) # 22 (CGC 4.0) Canadian Version • Census=1 Highest Graded,publisher not stated and not determinable from the series,https://www.hipcomic.com/listing/red-seal-comics-1947-22-cgc-40-canadian-version-o-census1-highest-graded/13733891
hipcomic (19).csv,9,5503982,dtacollectibles,700.00,USD,POPULAR TEEN-AGERS #19-CGC 4.0 1953-L.B. COLE-0356169019,publisher not stated and not determinable from the series,https://www.hipcomic.com/listing/popular-teen-agers-19-cgc-40-1953-lb-cole-0356169019/5503982
hipcomic (19).csv,11,19095819,papercinema,2600.00,USD,Funny Picture Stories #4  1937 - Comics Magazine -CGC 4.5 - Comic Book-210953...,publisher not stated and not determinable from the series; published before 1938 (no matching era category),https://www.hipcomic.com/listing/funny-picture-stories-4-1937-comics-magazine-cgc-45-comic-book-210953/19095819
hipcomic (19).csv,12,4177092,dtacollectibles,413.00,USD,MARVEL TALES #132-ATLAS HORROR-cgc 6.0-1955 - 0165457006,publisher not stated and not determinable from the series; no publication year in the title,https://www.hipcomic.com/listing/marvel-tales-132-atlas-horror-cgc-60-1955-0165457006/4177092
hipcomic (19).csv,13,17394326,rdbeard,645.00,USD,"WONDER WOMAN #54 - CGC-6.0, OW-W - Golden Age",no publication year in the title,https://www.hipcomic.com/listing/wonder-woman-54-cgc-60-ow-w-golden-age/17394326
hipcomic (19).csv,14,20541621,anthonyscomicbookart,2249.88,USD,Boy Commandos #1 CGC (7.0) Origin & 1st Appearance of Liberty Belle - 1942,publisher not stated and not determinable from the series,https://www.hipcomic.com/listing/boy-commandos-1-cgc-70-origin-1st-appearance-of-liberty-belle-1942/20541621
hipcomic (19).csv,16,15486625,rdbeard,960.00,USD,"TOMB OF TERROR #14 - CGC-7.0, OW - Harvey - Golden Age",no publication year in the title,https://www.hipcomic.com/listing/tomb-of-terror-14-cgc-70-ow-harvey-golden-age/15486625
hipcomic (19).csv,17,12041319,legacycomics,130.00,USD,G.I. Joe: A Real American Hero #2 (2001) CGC 9.4 Signature Series Campbell,publisher not stated and not determinable from the series,https://www.hipcomic.com/listing/gi-joe-a-real-american-hero-2-2001-cgc-94-signature-series-campbell/12041319
hipcomic (19).csv,20,19552481,rdbeard,965.00,USD,"MASTER COMICS #17 - CGC-7.5, OW - Bulletman - Minute-Man - Golden Age",publisher not stated and not determinable from the series; no publication year in the title,https://www.hipcomic.com/listing/master-comics-17-cgc-75-ow-bulletman-minute-man-golden-age/19552481
hipcomic (19).csv,21,2662152,dtacollectibles,805.00,USD,JIM RAY'S AVIATION SKETCHBOOK #1-CGC 9.0-1946-SOUTHERN STATES 1197194020,publisher not stated and not determinable from the series; no publication year in the title,https://www.hipcomic.com/listing/jim-rays-aviation-sketchbook-1-cgc-90-1946-southern-states-1197194020/2662152
hipcomic (19).csv,22,13535478,comicage,1250.00,CAD,Amazing Spider-Man Annual # 16 (CGC 9.8 WP SS) Signed John Romita Jr!!,no publication year in the title,https://www.hipcomic.com/listing/amazing-spider-man-annual-16-cgc-98-wp-ss-signed-john-romita-jr/13535478
hipcomic (19).csv,24,12073496,legacycomics,150.00,USD,Lady Death: Icon #1 CGC 9.6 Signature Series Signed by Brian Pulido Phoenix Con,publisher not stated and not determinable from the series; no publication year in the title,https://www.hipcomic.com/listing/lady-death-icon-1-cgc-96-signature-series-signed-by-brian-pulido-phoenix-con/12073496
hipcomic (19).csv,25,17893711,rdbeard,1135.00,USD,"ACTION COMICS #83 - CGC-7.0, WP - Superman - Intro Hocus & Pocus - Golden Age",no publication year in the title,https://www.hipcomic.com/listing/action-comics-83-cgc-70-wp-superman-intro-hocus-pocus-golden-age/17893711
hipcomic (19).csv,26,14908159,AtlantaClassicComics,575.00,USD,Amazing Spider-Man V2 # 36 CGC Graded 9.4 Marvel Comic Book 9/11 Straczynski JH7,no publication year in the title,https://www.hipcomic.com/listing/amazing-spider-man-v2-36-cgc-graded-94-marvel-comic-book-9-11-straczynski-jh7/14908159
hipcomic (19).csv,28,20025995,Subz100,2310.00,USD,Something is Killing the Children 26 27 28 29 30 Connecting Variants Tao CGC 9.8,lot or multi-issue set; no publication year in the title,https://www.hipcomic.com/listing/something-is-killing-the-children-26-27-28-29-30-connecting-variants-tao-cgc-98/20025995
hipcomic (19).csv,29,8854417,dtacollectibles,385.00,USD,TALES OF THE TEEN TITANS #44 CGC 9.6 1st NIGHTWING 3810014020,no publication year in the title,https://www.hipcomic.com/listing/tales-of-the-teen-titans-44-cgc-96-1st-nightwing-3810014020/8854417
hipcomic (19).csv,30,8854526,dtacollectibles,490.00,USD,AMAZING SPIDER-MAN ANNUAL #16 CGC 9.6 1st Monica Rambeau 3809694005,no publication year in the title,https://www.hipcomic.com/listing/amazing-spider-man-annual-16-cgc-96-1st-monica-rambeau-3809694005/8854526
hipcomic (19).csv,32,12041918,legacycomics,125.00,USD,"The Infinite #2 CGC 9.8 Signature Series Signed by Robert Kirkman, Rob Liefeld",publisher not stated and not determinable from the series; no publication year in the title,https://www.hipcomic.com/listing/the-infinite-2-cgc-98-signature-series-signed-by-robert-kirkman-rob-liefeld/12041918
hipcomic (19).csv,35,2666201,dtacollectibles,322.00,USD,New Titans #99- CGC 9.8-first Arsenal-key Issue-nightwing- 0241120023,no publication year in the title,https://www.hipcomic.com/listing/new-titans-99-cgc-98-first-arsenal-key-issue-nightwing-0241120023/2666201
hipcomic (19).csv,36,3532730,dtacollectibles,1113.00,USD,Homer the Happy Ghost #1 -CGC Graded 8.0- DeCarlo- Highest graded- 1173075006,publisher not stated and not determinable from the series; no publication year in the title,https://www.hipcomic.com/listing/homer-the-happy-ghost-1-cgc-graded-80-decarlo-highest-graded-1173075006/3532730
hipcomic (19).csv,37,21502824,rdbeard,1725.00,USD,"MARY MARVEL COMICS #1 - CGC-7.0, WP - Origin Georgia Silvana - Golden Age",publisher not stated and not determinable from the series; no publication year in the title,https://www.hipcomic.com/listing/mary-marvel-comics-1-cgc-70-wp-origin-georgia-silvana-golden-age/21502824
hipcomic (19).csv,38,15485632,rdbeard,650.00,USD,"SHOCK SUSPENSTORIES #14 - CGC-6.0, OW-W - EC - Golden Age",no publication year in the title,https://www.hipcomic.com/listing/shock-suspenstories-14-cgc-60-ow-w-ec-golden-age/15485632
hipcomic (19).csv,40,18854281,AtlantaClassicComics,349.99,USD,Incredible Hulk # 271 CGC Graded 8.0 Marvel Comic Book 1st Rocket Raccoon JH16,no publication year in the title,https://www.hipcomic.com/listing/incredible-hulk-271-cgc-graded-80-marvel-comic-book-1st-rocket-raccoon-jh16/18854281
hipcomic (19).csv,42,14275710,comicage,1000.00,CAD,L’Invincible Iron Man 1972 # 10 (CGC 3.5 SS) Signed Jim Starlin •Off-White Pages,publisher not stated and not determinable from the series,https://www.hipcomic.com/listing/linvincible-iron-man-1972-10-cgc-35-ss-signed-jim-starlin-ooff-white-pages/14275710
hipcomic (19).csv,43,21749588,rdbeard,2120.00,USD,"HAUNT OF FEAR #19 - CGC-7.5, OW-W - EC - Decapitation cover - SOTI - Golden Age",publisher not stated and not determinable from the series; no publication year in the title,https://www.hipcomic.com/listing/haunt-of-fear-19-cgc-75-ow-w-ec-decapitation-cover-soti-golden-age/21749588
hipcomic (19).csv,45,2111612,dtacollectibles,490.00,USD,Realistic Romances #1-CGC 6.0 Highest Graded-SOUTHERN STATES 1161206006,publisher not stated and not determinable from the series; no publication year in the title,https://www.hipcomic.com/listing/realistic-romances-1-cgc-60-highest-graded-southern-states-1161206006/2111612
hipcomic (19).csv,46,12117270,legacycomics,149.99,USD,The Red Star: Sword of Lies #1 CGC 9.8 Signature Series Signed Christian Gossett,publisher not stated and not determinable from the series; no publication year in the title,https://www.hipcomic.com/listing/the-red-star-sword-of-lies-1-cgc-98-signature-series-signed-christian-gossett/12117270
hipcomic (19).csv,48,20246107,comicage,1000.00,CAD,Quasar (1990) # 13 (CGC 9.8 SS) Signed Jim Lee • Census=1,publisher not stated and not determinable from the series,https://www.hipcomic.com/listing/quasar-1990-13-cgc-98-ss-signed-jim-lee-o-census1/20246107
hipcomic (19).csv,49,19588944,comicage,750.00,CAD,Detective Comics Facsimile (2028) # 31 (CGC 9.8 SS) Signed & Sketch tim Vigil,no publication year in the title,https://www.hipcomic.com/listing/detective-comics-facsimile-2028-31-cgc-98-ss-signed-sketch-tim-vigil/19588944
hipcomic (20).csv,2,13871388,ksoat,399.00,USD,Captain and The Kids #1 CGC 3.5 1939,publisher not stated and not determinable from the series,https://www.hipcomic.com/listing/captain-and-the-kids-1-cgc-35-1939/13871388
hipcomic (20).csv,4,13735878,comicage,1500.00,CAD,All-True Crime Cases (1948) # 30 (CGC 5.0) Canada • Census=1 Highest Graded,publisher not stated and not determinable from the series,https://www.hipcomic.com/listing/all-true-crime-cases-1948-30-cgc-50-canada-o-census1-highest-graded/13735878
hipcomic (20).csv,8,18449457,rdbeard,640.00,USD,"DOLL MAN QUARTERLY #3 - CGC-7.0, OW - Quality - Golden Age",no publication year in the title,https://www.hipcomic.com/listing/doll-man-quarterly-3-cgc-70-ow-quality-golden-age/18449457
hipcomic (20).csv,10,10703277,comicage,1000.00,CAD,AVengers (1983) # 232 (CGC 9.6) CPV Signed Sketch (Starfox) Al Milgrom |Census=1,signed or conserved book without a stated label type,https://www.hipcomic.com/listing/avengers-1983-232-cgc-96-cpv-signed-sketch-starfox-al-milgrom-census1/10703277
hipcomic (20).csv,11,15485490,rdbeard,710.00,USD,"ACTION COMICS #197 - CGC-7.0, OW-W - Superman - Golden Age",no publication year in the title,https://www.hipcomic.com/listing/action-comics-197-cgc-70-ow-w-superman-golden-age/15485490
hipcomic (20).csv,12,21442263,comicage,750.00,CAD,Absolute Batman (2026)  # 15 (CGC 9.8) Signed Dragotta Snyder& Jock,signed or conserved book without a stated label type,https://www.hipcomic.com/listing/absolute-batman-2026-15-cgc-98-signed-dragotta-snyder-jock/21442263
hipcomic (20).csv,14,12243307,comicage,900.00,CAD,Raphael Teenage Mutant Ninja Turtles TMNT  (1985) # 1 (CGC 8.5) 1st App Casey,publisher not stated and not determinable from the series,https://www.hipcomic.com/listing/raphael-teenage-mutant-ninja-turtles-tmnt-1985-1-cgc-85-1st-app-casey/12243307
hipcomic (20).csv,15,21329243,rdbeard,1625.00,USD,"WEIRD SCIENCE #13 ( #3) - CGC-7.5, OW - EC - Robot cover - Golden Age",publisher not stated and not determinable from the series; no publication year in the title,https://www.hipcomic.com/listing/weird-science-13-3-cgc-75-ow-ec-robot-cover-golden-age/21329243
hipcomic (20).csv,17,12072828,legacycomics,150.00,USD,Justice League #4 Jim Lee Sketch Cover CGC 8.5 Signature Series Double Signed,no publication year in the title,https://www.hipcomic.com/listing/justice-league-4-jim-lee-sketch-cover-cgc-85-signature-series-double-signed/12072828
hipcomic (20).csv,18,20924144,AtlantaClassicComics,749.99,USD,Amazing Spider-Man # 301 CGC Graded 9.6 Marvel Comic Book McFarlane Venom JH32,no publication year in the title,https://www.hipcomic.com/listing/amazing-spider-man-301-cgc-graded-96-marvel-comic-book-mcfarlane-venom-jh32/20924144
hipcomic (20).csv,19,21394698,legacycomics,90.00,USD,Executive Assistant Iris #1 CGC 9.6 Signed Wizard World Philadelphia 2009,signed or conserved book without a stated label type; publisher not stated and not determinable from the series,https://www.hipcomic.com/listing/executive-assistant-iris-1-cgc-96-signed-wizard-world-philadelphia-2009/21394698
hipcomic (20).csv,21,21543375,rdbeard,1085.00,USD,DETECTIVE COMICS #96 - CGC-6.5 - OW-W - Batman/Robin - Golden Age,no publication year in the title,https://www.hipcomic.com/listing/detective-comics-96-cgc-65-ow-w-batman-robin-golden-age/21543375
hipcomic (20).csv,22,12099696,legacycomics,175.00,USD,Masquerade #1 Frank Cho cover 2009 CGC 9.6 Signature Series Signed by Frank Cho,publisher not stated and not determinable from the series,https://www.hipcomic.com/listing/masquerade-1-frank-cho-cover-2009-cgc-96-signature-series-signed-by-frank-cho/12099696
hipcomic (20).csv,23,10239868,comicage,600.00,CAD,Batman Special #1 CPV(CGC 9.6) Signed By Michael Golden,signed or conserved book without a stated label type; no publication year in the title,https://www.hipcomic.com/listing/batman-special-1-cpvcgc-96-signed-by-michael-golden/10239868
hipcomic (20).csv,24,15486613,rdbeard,975.00,USD,"STRANGE WORLDS #1 - CGC-6.0, OW - Avon - Kubert - Golden Age",no publication year in the title,https://www.hipcomic.com/listing/strange-worlds-1-cgc-60-ow-avon-kubert-golden-age/15486613
hipcomic (20).csv,26,20026405,anthonyscomicbookart,1249.88,USD,"Harley Quinn #1 CGC (9.8) Sketches by Chad Hardin, Adam Hughes, Allison Sohn",no publication year in the title,https://www.hipcomic.com/listing/harley-quinn-1-cgc-98-sketches-by-chad-hardin-adam-hughes-allison-sohn/20026405
hipcomic (20).csv,27,15486242,rdbeard,1250.00,USD,"MYSTERIOUS ADVENTURES #4 - CGC-6.5, OW-W - Pre-code horror - Golden Age",publisher not stated and not determinable from the series; no publication year in the title,https://www.hipcomic.com/listing/mysterious-adventures-4-cgc-65-ow-w-pre-code-horror-golden-age/15486242
hipcomic (20).csv,28,15671069,dtacollectibles,700.00,USD,POPULAR TEEN-AGERS #10-CGC 4.0 1952-L.B. COLE-spanking-2026450002,publisher not stated and not determinable from the series,https://www.hipcomic.com/listing/popular-teen-agers-10-cgc-40-1952-lb-cole-spanking-2026450002/15671069
hipcomic (20).csv,29,12665903,comicage,2000.00,CAD,X-Men Holo (1991) # 1 (CGC SS) Signed Jim Lee Scott Williams & Chris Claremont,no numeric grade in the title; publisher not stated and not determinable from the series,https://www.hipcomic.com/listing/x-men-holo-1991-1-cgc-ss-signed-jim-lee-scott-williams-chris-claremont/12665903
hipcomic (20).csv,31,10239513,comicage,450.00,CAD,Michael Turner’s Soulfire Preview (2003) #1 (CGC 9.8) |,publisher not stated and not determinable from the series,https://www.hipcomic.com/listing/michael-turners-soulfire-preview-2003-1-cgc-98-/10239513
hipcomic (20).csv,32,15485545,rdbeard,1725.00,USD,"SAINT #1 - CGC-7.0, CR-OW - Avon - Classic bondage cover - Kamen - Golden Age",no publication year in the title,https://www.hipcomic.com/listing/saint-1-cgc-70-cr-ow-avon-classic-bondage-cover-kamen-golden-age/15485545
hipcomic (20).csv,33,15485552,rdbeard,1635.00,USD,"COMIC CAVALCADE #7 CGC-7.5, WP - Flash, Green Lantern, Wonder Woman - Golden Age",publisher not stated and not determinable from the series; no publication year in the title,https://www.hipcomic.com/listing/comic-cavalcade-7-cgc-75-wp-flash-green-lantern-wonder-woman-golden-age/15485552
hipcomic (20).csv,36,6749853,dtacollectibles,490.00,USD,G.I. Joe Real American Hero #11 CGC 9.8 RARE 2nd PRINTING - 2066887023,publisher not stated and not determinable from the series; no publication year in the title,https://www.hipcomic.com/listing/gi-joe-real-american-hero-11-cgc-98-rare-2nd-printing-2066887023/6749853
hipcomic (20).csv,39,20250194,AtlantaClassicComics,624.99,USD,Cry For Dawn # 4 CGC Graded 9.6 Comic Book SIGNED 2X / Sketch JSA Certified JH24,signed or conserved book without a stated label type; publisher not stated and not determinable from the series; no publication year in the title,https://www.hipcomic.com/listing/cry-for-dawn-4-cgc-graded-96-comic-book-signed-2x-sketch-jsa-certified-jh24/20250194
hipcomic (20).csv,42,10239553,comicage,500.00,CAD,Sinister War # 1 (CGC 9.8)  Dikto Variant Cover,no publication year in the title,https://www.hipcomic.com/listing/sinister-war-1-cgc-98-dikto-variant-cover/10239553
hipcomic (20).csv,43,10636514,dtacollectibles,280.00,USD,Destroyer Duck #1 CGC 9.4 1st appearance of GROO-1982-3860859007,publisher not stated and not determinable from the series; no publication year in the title,https://www.hipcomic.com/listing/destroyer-duck-1-cgc-94-1st-appearance-of-groo-1982-3860859007/10636514
hipcomic (20).csv,45,18854262,AtlantaClassicComics,999.99,USD,Cartoon Network Presents # 1 CGC Graded 9.4 DC Comic Book Platinum Edition JH16,no publication year in the title,https://www.hipcomic.com/listing/cartoon-network-presents-1-cgc-graded-94-dc-comic-book-platinum-edition-jh16/18854262
hipcomic (20).csv,46,16141496,silveragecomics,2999.99,USD,DC COMICS PRESENTS #26 CGC 9.6 WP NOT 9.8 UK PENCE PRICE VARIANT ONLY 1 HIGHER|,no publication year in the title,https://www.hipcomic.com/listing/dc-comics-presents-26-cgc-96-wp-not-98-uk-pence-price-variant-only-1-higher-/16141496
hipcomic (20).csv,49,12100059,legacycomics,100.00,USD,The New Mutants #100 CGC 8.5 Signature Series Signed by Rob Liefeld 2nd Printing,no publication year in the title,https://www.hipcomic.com/listing/the-new-mutants-100-cgc-85-signature-series-signed-by-rob-liefeld-2nd-printing/12100059
hipcomic (21).csv,2,13811911,dtacollectibles,497.00,USD,Strawberry Shortcake #1 CGC 9.8 RARE NEWSSTAND-Marvel comics 3990900004,no publication year in the title,https://www.hipcomic.com/listing/strawberry-shortcake-1-cgc-98-rare-newsstand-marvel-comics-3990900004/13811911
hipcomic (21).csv,4,20869936,anthonyscomicbookart,999.88,USD,"Superman: The Wedding Album #1 CGC (8.0) Signed Anderson, Kane, others - 1996",signed or conserved book without a stated label type; publisher not stated and not determinable from the series,https://www.hipcomic.com/listing/superman-the-wedding-album-1-cgc-80-signed-anderson-kane-others-1996/20869936
hipcomic (21).csv,6,17814861,rdbeard,1540.00,USD,"ALL STAR COMICS #32 - CGC-7.5, OW-W - JSA vs Psycho Pirate - Golden Age",no publication year in the title,https://www.hipcomic.com/listing/all-star-comics-32-cgc-75-ow-w-jsa-vs-psycho-pirate-golden-age/17814861
hipcomic (21).csv,7,10240405,comicage,1000.00,CAD,Batman/Superman: Future End (2014) #1 (CGC 9.8 WP) RARE Cover Newsstand,publisher not stated and not determinable from the series,https://www.hipcomic.com/listing/batman-superman-future-end-2014-1-cgc-98-wp-rare-cover-newsstand/10240405
hipcomic (21).csv,8,15486460,rdbeard,1135.00,USD,"WHIZ COMICS #20 - CGC-7.0, OW - Captain Marvel vs Sivana - Golden Age",no publication year in the title,https://www.hipcomic.com/listing/whiz-comics-20-cgc-70-ow-captain-marvel-vs-sivana-golden-age/15486460
hipcomic (21).csv,9,15486837,rdbeard,890.00,USD,"WORLD’S FINEST COMICS #58 - CGC-7.0, OW-W - Batman - Superman - Golden Age",no publication year in the title,https://www.hipcomic.com/listing/worlds-finest-comics-58-cgc-70-ow-w-batman-superman-golden-age/15486837
hipcomic (21).csv,10,13156152,comicage,1500.00,CAD,New Mutants (1983) # 1 (CGC 9.6 OWWP) Signed & Sketch Bob McLeod | CPV Canadian,signed or conserved book without a stated label type,https://www.hipcomic.com/listing/new-mutants-1983-1-cgc-96-owwp-signed-sketch-bob-mcleod-cpv-canadian/13156152
hipcomic (21).csv,13,21417653,AtlantaClassicComics,649.99,USD,Rogue The Savage Land # 3 CGC Graded 9.8 Marvel Comic Book Virgin Variant JH39,no publication year in the title,https://www.hipcomic.com/listing/rogue-the-savage-land-3-cgc-graded-98-marvel-comic-book-virgin-variant-jh39/21417653
hipcomic (21).csv,15,14180461,comicage,700.00,CAD,Batman / Spawn (2023) # 1 (CGC 9.8 SS) Signed & Sketch Jae Lee,publisher not stated and not determinable from the series,https://www.hipcomic.com/listing/batman-spawn-2023-1-cgc-98-ss-signed-sketch-jae-lee/14180461
hipcomic (21).csv,16,12065391,legacycomics,125.00,USD,JLA: Liberty and Justice Preview Ross CGC 9.6 Signature Series Wizard World 2003,no issue number in the title; publisher not stated and not determinable from the series,https://www.hipcomic.com/listing/jla-liberty-and-justice-preview-ross-cgc-96-signature-series-wizard-world-2003/12065391
hipcomic (21).csv,18,12117262,legacycomics,99.99,USD,Red Star: Special Edition CGC 9.2 Signature Series Signed by Christian Gossett,no issue number in the title; publisher not stated and not determinable from the series; no publication year in the title,https://www.hipcomic.com/listing/red-star-special-edition-cgc-92-signature-series-signed-by-christian-gossett/12117262
hipcomic (21).csv,20,12041919,legacycomics,125.00,USD,"The Infinite #2 CGC Signature Series 9.8 Signed by Robert Kirkman, Rob Liefeld",publisher not stated and not determinable from the series; no publication year in the title,https://www.hipcomic.com/listing/the-infinite-2-cgc-signature-series-98-signed-by-robert-kirkman-rob-liefeld/12041919
hipcomic (21).csv,21,17325651,rdbeard,620.00,USD,"PLANET COMICS #62 - CGC-6.5, OW - Fiction House - Evans - Golden Age",no publication year in the title,https://www.hipcomic.com/listing/planet-comics-62-cgc-65-ow-fiction-house-evans-golden-age/17325651
hipcomic (21).csv,24,12117264,legacycomics,149.99,USD,The Red Star: Sword of Lies #1 CGC 9.8 Signature Series Signed Christian Gossett,publisher not stated and not determinable from the series; no publication year in the title,https://www.hipcomic.com/listing/the-red-star-sword-of-lies-1-cgc-98-signature-series-signed-christian-gossett/12117264
hipcomic (21).csv,25,15485523,rdbeard,2485.00,USD,"WEIRD TALES OF THE FUTURE #4 - CGC-7.0, OW-W - Aragon - Wolverton - Golden Age",publisher not stated and not determinable from the series; no publication year in the title,https://www.hipcomic.com/listing/weird-tales-of-the-future-4-cgc-70-ow-w-aragon-wolverton-golden-age/15485523
hipcomic (21).csv,26,11965224,comicage,125.00,CAD,the punsisher war journal CGC 9.4,no issue number in the title; publisher not stated and not determinable from the series; no publication year in the title,https://www.hipcomic.com/listing/the-punsisher-war-journal-cgc-94/11965224
hipcomic (21).csv,29,18152766,rdbeard,765.00,USD,"DETECTIVE COMICS #177 - CGC-6.5, OW-W - Batman/Robin - Golden Age",no publication year in the title,https://www.hipcomic.com/listing/detective-comics-177-cgc-65-ow-w-batman-robin-golden-age/18152766
hipcomic (21).csv,31,18586228,rdbeard,800.00,USD,"MYSTERY IN SPACE #3 - CGC-7.5, OW-W  - DC - Golden Age",no publication year in the title,https://www.hipcomic.com/listing/mystery-in-space-3-cgc-75-ow-w-dc-golden-age/18586228
hipcomic (21).csv,33,4865322,dtacollectibles,245.00,USD,New Avengers #27 CGC 9.8-1st appearance RONIN 2021161006,no publication year in the title,https://www.hipcomic.com/listing/new-avengers-27-cgc-98-1st-appearance-ronin-2021161006/4865322
hipcomic (21).csv,34,12074104,legacycomics,150.00,USD,Lady Mechanika #3 CGC 9. 8 Signature Series Pulp's Comics Edition Double...,publisher not stated and not determinable from the series; no publication year in the title,https://www.hipcomic.com/listing/lady-mechanika-3-cgc-9-8-signature-series-pulps-comics-edition-double/12074104
hipcomic (21).csv,36,19410142,AtlantaClassicComics,374.99,USD,Superman's Girlfriend Lois Lane # 106 CGC Graded 4.5 DC Comic Book JH18,no publication year in the title,https://www.hipcomic.com/listing/supermans-girlfriend-lois-lane-106-cgc-graded-45-dc-comic-book-jh18/19410142
hipcomic (21).csv,37,16505481,comicage,750.00,CAD,Vampirella: Dark Reflections (2024) # 1 (CGC 9.8) Signed & Sketch Tim Vigil,signed or conserved book without a stated label type,https://www.hipcomic.com/listing/vampirella-dark-reflections-2024-1-cgc-98-signed-sketch-tim-vigil/16505481
hipcomic (21).csv,39,15440476,dtacollectibles,385.00,USD,INCREIBLE HULK vs. VENOM #1 CGC 9.8 comic book 1994 3803451014,publisher not stated and not determinable from the series,https://www.hipcomic.com/listing/increible-hulk-vs-venom-1-cgc-98-comic-book-1994-3803451014/15440476
hipcomic (21).csv,41,15670240,dtacollectibles,910.00,USD,Cocomalt Big Book of Comics #1 CGC 2.0 1938-Jack Cole-2109541001,publisher not stated and not determinable from the series,https://www.hipcomic.com/listing/cocomalt-big-book-of-comics-1-cgc-20-1938-jack-cole-2109541001/15670240
hipcomic (21).csv,42,15487294,rdbeard,785.00,USD,"SPACE PATROL #1 - CGC-6.5, WP - Krigstein - Saunders - TV - Golden Age",publisher not stated and not determinable from the series; no publication year in the title,https://www.hipcomic.com/listing/space-patrol-1-cgc-65-wp-krigstein-saunders-tv-golden-age/15487294
hipcomic (21).csv,46,10240423,comicage,1000.00,CAD,Superman: Lois & Clark (2015) #1 (CGC 9.8 WP SS) Signed Tony Daniels,publisher not stated and not determinable from the series,https://www.hipcomic.com/listing/superman-lois-clark-2015-1-cgc-98-wp-ss-signed-tony-daniels/10240423
hipcomic (21).csv,47,21577877,rdbeard,2375.00,USD,"CLASSIC COMICS #2 - CGC-7.5, OW - 1st - Ivanhoe by Sir Walter Scott - Golden Age",publisher not stated and not determinable from the series; no publication year in the title,https://www.hipcomic.com/listing/classic-comics-2-cgc-75-ow-1st-ivanhoe-by-sir-walter-scott-golden-age/21577877
hipcomic (21).csv,48,12243293,comicage,650.00,CAD,Saban's Mighty Morphin Power Rangers (1994) # 1 (CGC 9.8) Power Up Trading Card,publisher not stated and not determinable from the series,https://www.hipcomic.com/listing/sabans-mighty-morphin-power-rangers-1994-1-cgc-98-power-up-trading-card/12243293
hipcomic (22).csv,3,18989747,rdbeard,1600.00,USD,"SHOCK SUSPENSTORIES #12 - CGC-6.0, OW-W - EC - Classic drug issue - Golden Age",no publication year in the title,https://www.hipcomic.com/listing/shock-suspenstories-12-cgc-60-ow-w-ec-classic-drug-issue-golden-age/18989747
hipcomic (22).csv,5,17478409,comicage,1250.00,CAD,Teenage Mutant Ninja (2024) # 1 (CGC SS 9.8) Signed Aaron * Eastmen * Jones,publisher not stated and not determinable from the series,https://www.hipcomic.com/listing/teenage-mutant-ninja-2024-1-cgc-ss-98-signed-aaron-eastmen-jones/17478409
hipcomic (22).csv,8,17913799,rdbeard,815.00,USD,"DAGAR DESERT HAWK #15 - CGC-7.5, OW - Kamen - Fox -  Golden Age",publisher not stated and not determinable from the series; no publication year in the title,https://www.hipcomic.com/listing/dagar-desert-hawk-15-cgc-75-ow-kamen-fox-golden-age/17913799
hipcomic (22).csv,9,10239342,comicage,350.00,CAD,Dark Avengers  #1 (CGC 9.6) Second Printing,no publication year in the title,https://www.hipcomic.com/listing/dark-avengers-1-cgc-96-second-printing/10239342
hipcomic (22).csv,11,14168062,comicage,1000.00,CAD,Thor (1983) # 337 (CGC 9.2) Signed & Sketch Walt Simonson*Canadian Price Variant,signed or conserved book without a stated label type,https://www.hipcomic.com/listing/thor-1983-337-cgc-92-signed-sketch-walt-simonsoncanadian-price-variant/14168062
hipcomic (22).csv,13,16505488,comicage,750.00,CAD,Vampirella: Dark Reflections (2024) # 1 (CGC 9.8) Signed & Sketch Tim Vigil,signed or conserved book without a stated label type,https://www.hipcomic.com/listing/vampirella-dark-reflections-2024-1-cgc-98-signed-sketch-tim-vigil/16505488
hipcomic (22).csv,15,16807193,rdbeard,1200.00,USD,"SHOCK SUSPENSTORIES #7 - CGC-7.0, OW-W - EC - Electrocution cover - Golden Age",no publication year in the title,https://www.hipcomic.com/listing/shock-suspenstories-7-cgc-70-ow-w-ec-electrocution-cover-golden-age/16807193
hipcomic (22).csv,17,4177064,dtacollectibles,693.00,USD,Atom-Age Combat #1-CGC 6.5-Buck Vinson- St John-SOUTHERN STATES 1197124005,no publication year in the title,https://www.hipcomic.com/listing/atom-age-combat-1-cgc-65-buck-vinson-st-john-southern-states-1197124005/4177064
hipcomic (22).csv,19,21286418,anthonyscomicbookart,599.88,USD,Master Comics #132 CGC (7.5) Kurt Schaffenberger Cover - 1953,publisher not stated and not determinable from the series,https://www.hipcomic.com/listing/master-comics-132-cgc-75-kurt-schaffenberger-cover-1953/21286418
hipcomic (22).csv,20,16472497,comicage,600.00,CAD,vampirella/Lady Death (1999) #1 (CGC 9.8) Signed Brian Pulido *Census=1,signed or conserved book without a stated label type; publisher not stated and not determinable from the series,https://www.hipcomic.com/listing/vampirella-lady-death-1999-1-cgc-98-signed-brian-pulido-census1/16472497
hipcomic (22).csv,21,14145913,comicage,600.00,CAD,Teenage Mutant Ninja Turtles Adventure # 1 (CGC 9.6) Canadian Price Variant,publisher not stated and not determinable from the series; no publication year in the title,https://www.hipcomic.com/listing/teenage-mutant-ninja-turtles-adventure-1-cgc-96-canadian-price-variant/14145913
hipcomic (22).csv,22,19096179,papercinema,1125.00,USD,WEIRD MYSTERIES #3 CGC 2.5 1953-PRE-CODE HORROR- 1968303006,publisher not stated and not determinable from the series,https://www.hipcomic.com/listing/weird-mysteries-3-cgc-25-1953-pre-code-horror-1968303006/19096179
hipcomic (22).csv,24,15499145,comicage,500.00,CAD,Batman Adventures Annual (1994) # 1 (CGC 9.8) Harley Quinn Early App,publisher not stated and not determinable from the series,https://www.hipcomic.com/listing/batman-adventures-annual-1994-1-cgc-98-harley-quinn-early-app/15499145
hipcomic (22).csv,26,17359378,comicage,1050.00,CAD,Vengeance  Moon Knight  (2024) # 1 (CGC 9.8 SS) Signed Sketch Cappucio Census=1,publisher not stated and not determinable from the series,https://www.hipcomic.com/listing/vengeance-moon-knight-2024-1-cgc-98-ss-signed-sketch-cappucio-census1/17359378
hipcomic (22).csv,28,15511947,rdbeard,800.00,USD,"THING! #17 - CGC-6.0, OW-W - CDC - Ditko cover - Golden Age",publisher not stated and not determinable from the series; no publication year in the title,https://www.hipcomic.com/listing/thing-17-cgc-60-ow-w-cdc-ditko-cover-golden-age/15511947
hipcomic (22).csv,29,12931287,dtacollectibles,280.00,USD,Avengers #196 CGC 9.4 COMIC BOOK 1st Taskmaster Marvel 4253450016,no publication year in the title,https://www.hipcomic.com/listing/avengers-196-cgc-94-comic-book-1st-taskmaster-marvel-4253450016/12931287
hipcomic (22).csv,31,21329415,AtlantaClassicComics,999.99,USD,Batman Adventures # 12 CGC Graded 8.0 Marvel Comic Book 1st Harley Quinn Ap JH38,no publication year in the title,https://www.hipcomic.com/listing/batman-adventures-12-cgc-graded-80-marvel-comic-book-1st-harley-quinn-ap-jh38/21329415
hipcomic (22).csv,32,19936883,comicage,1000.00,CAD,Faust (2012) # 15 (CGC 9.8 SS) Signed & Sketch Tim Vigil * Census = 1,publisher not stated and not determinable from the series,https://www.hipcomic.com/listing/faust-2012-15-cgc-98-ss-signed-sketch-tim-vigil-census-1/19936883
hipcomic (22).csv,33,15485886,rdbeard,670.00,USD,"ADVENTURE COMICS #112- CGC-7.0, OW-W - Superboy - Aquaman - Golden Age",no publication year in the title,https://www.hipcomic.com/listing/adventure-comics-112-cgc-70-ow-w-superboy-aquaman-golden-age/15485886
hipcomic (22).csv,36,20450146,dant_38,32.00,USD,Detective Comics #403 (1970) Graded CGC Universal,no numeric grade in the title,https://www.hipcomic.com/listing/detective-comics-403-1970-graded-cgc-universal/20450146
hipcomic (22).csv,37,12931220,dtacollectibles,490.00,USD,What If #39 CGC 9.8 THOR BATTLED CONAN Marvel  -1983 4253450022,no publication year in the title,https://www.hipcomic.com/listing/what-if-39-cgc-98-thor-battled-conan-marvel-1983-4253450022/12931220
hipcomic (22).csv,40,2665833,dtacollectibles,623.00,USD,Atom-Age Combat #1-CGC 6.0- Atomic Explosion Cover- Southern States 1173076002,publisher not stated and not determinable from the series; no publication year in the title,https://www.hipcomic.com/listing/atom-age-combat-1-cgc-60-atomic-explosion-cover-southern-states-1173076002/2665833
hipcomic (22).csv,41,2665410,dtacollectibles,252.00,USD,PHANTOM #23 1967 - CGC GRADED-9.4- Mandrake- 1031414004,publisher not stated and not determinable from the series,https://www.hipcomic.com/listing/phantom-23-1967-cgc-graded-94-mandrake-1031414004/2665410
hipcomic (22).csv,42,15671283,dtacollectibles,686.00,USD,Terrifying Tales #12 CGC 3.0 1953- Jungle Comic- L.B. Cole 2114303003,publisher not stated and not determinable from the series,https://www.hipcomic.com/listing/terrifying-tales-12-cgc-30-1953-jungle-comic-lb-cole-2114303003/15671283
hipcomic (22).csv,47,21096590,rdbeard,585.00,USD,"SHOCK SUSPENSTORIES #17 - CGC-6.5, OW-W - EC - Golden Age",no publication year in the title,https://www.hipcomic.com/listing/shock-suspenstories-17-cgc-65-ow-w-ec-golden-age/21096590
hipcomic (22).csv,48,15670825,dtacollectibles,385.00,USD,AMAZING SPIDER-MAN #312 CGC 9.8-GREEN GOBLIN-HOBGOBLIN-3804835024,no publication year in the title,https://www.hipcomic.com/listing/amazing-spider-man-312-cgc-98-green-goblin-hobgoblin-3804835024/15670825
hipcomic (22).csv,49,10238929,comicage,270.00,CAD,Amazing Heroes (1988) # 139 (CGC 8.0) Aliens,publisher not stated and not determinable from the series,https://www.hipcomic.com/listing/amazing-heroes-1988-139-cgc-80-aliens/10238929
hipcomic (23).csv,2,15485527,rdbeard,625.00,USD,"DETECTIVE COMICS #172 - CGC-6.0, OW-W - Batman - Golden age",no publication year in the title,https://www.hipcomic.com/listing/detective-comics-172-cgc-60-ow-w-batman-golden-age/15485527
hipcomic (23).csv,3,10238257,comicage,250.00,CAD,Avengers/JLA (2003) # 1 (CGC 9.8 WP) George Perez,publisher not stated and not determinable from the series,https://www.hipcomic.com/listing/avengers-jla-2003-1-cgc-98-wp-george-perez/10238257
hipcomic (23).csv,4,15762202,rdbeard,815.00,USD,"STRANGE MYSTERIES #8 - CGC-6.5, OW - Superior - Great cover! - Golden Age",publisher not stated and not determinable from the series; no publication year in the title,https://www.hipcomic.com/listing/strange-mysteries-8-cgc-65-ow-superior-great-cover-golden-age/15762202
hipcomic (23).csv,6,16377960,rdbeard,700.00,USD,"THING! #6  - CGC-6.0, OW-W - CDC - Pre-code horror - Golden Age",publisher not stated and not determinable from the series; no publication year in the title,https://www.hipcomic.com/listing/thing-6-cgc-60-ow-w-cdc-pre-code-horror-golden-age/16377960
hipcomic (23).csv,7,21839612,AtlantaClassicComics,206.25,USD,John Constantine Hellblazer # 1 CGC Graded 9.4 DC Comic Book Jamie Delano JH44,no publication year in the title,https://www.hipcomic.com/listing/john-constantine-hellblazer-1-cgc-graded-94-dc-comic-book-jamie-delano-jh44/21839612
hipcomic (23).csv,8,10239732,comicage,500.00,CAD,Incredible Hulk Future Imperfect (1993) # 1 (CGC 9.8 WP) 1st App Maestro,publisher not stated and not determinable from the series,https://www.hipcomic.com/listing/incredible-hulk-future-imperfect-1993-1-cgc-98-wp-1st-app-maestro/10239732
hipcomic (23).csv,10,15486787,rdbeard,450.00,USD,"NORTHWEST MOUNTIES #2 - CGC-7.5, OW - Baker - Golden Age",publisher not stated and not determinable from the series; no publication year in the title,https://www.hipcomic.com/listing/northwest-mounties-2-cgc-75-ow-baker-golden-age/15486787
hipcomic (23).csv,11,15487066,rdbeard,850.00,USD,"ACTION COMICS #125 - CGC-7.0, OW-W - Superman vs Luthor - Golden Age",no publication year in the title,https://www.hipcomic.com/listing/action-comics-125-cgc-70-ow-w-superman-vs-luthor-golden-age/15487066
hipcomic (23).csv,12,13314246,comicage,1200.00,CAD,"Low  (2014) #1-6 9,10 (CGC 9.8 WP) 14 Different Copies * Variants",lot or multi-issue set; publisher not stated and not determinable from the series,https://www.hipcomic.com/listing/low-2014-1-6-910-cgc-98-wp-14-different-copies-variants/13314246
hipcomic (23).csv,13,15486195,rdbeard,1360.00,USD,"FLASH COMICS #23 - CGC-6.0, WP - Nice Moldoff Hawkman cover - Golden Age",publisher not stated and not determinable from the series; no publication year in the title,https://www.hipcomic.com/listing/flash-comics-23-cgc-60-wp-nice-moldoff-hawkman-cover-golden-age/15486195
hipcomic (23).csv,14,4896382,dtacollectibles,154.00,USD,INCREDIBLE HULK #377 CGC 9.6 1st Professor Hulk-Marvel 2014539015,no publication year in the title,https://www.hipcomic.com/listing/incredible-hulk-377-cgc-96-1st-professor-hulk-marvel-2014539015/4896382
hipcomic (23).csv,17,13985511,vintageexplosion,935.00,USD,Fantastic Four #67--CGC 9.0--1967--1st HIM/WARLOCK--2042438016,no publication year in the title,https://www.hipcomic.com/listing/fantastic-four-67-cgc-90-1967-1st-him-warlock-2042438016/13985511
hipcomic (23).csv,18,10240466,comicage,1000.00,CAD,Batman  (1987) #406 (CGC 9.6 WP) Signed Miller | CPV Canadian | Census=1,signed or conserved book without a stated label type,https://www.hipcomic.com/listing/batman-1987-406-cgc-96-wp-signed-miller-cpv-canadian-census1/10240466
hipcomic (23).csv,20,14521447,AtlantaClassicComics,449.99,USD,Official Handbook Of The Marvel Universe V. 2 # 5 CGC Graded 9.8 Comic Book J976,publisher not stated and not determinable from the series; no publication year in the title,https://www.hipcomic.com/listing/official-handbook-of-the-marvel-universe-v-2-5-cgc-graded-98-comic-book-j976/14521447
hipcomic (23).csv,22,15486422,rdbeard,1115.00,USD,"ALL STAR COMICS #25 - CGC-6.5, CR-OW - Hawkman by Kubert - Golden Age",no publication year in the title,https://www.hipcomic.com/listing/all-star-comics-25-cgc-65-cr-ow-hawkman-by-kubert-golden-age/15486422
hipcomic (23).csv,24,3968703,dtacollectibles,105.00,USD,YOUNGBLOOD #1 Second Print-CGC GRADED 9.6-ROB LIEFELD 1248234006,publisher not stated and not determinable from the series; no publication year in the title,https://www.hipcomic.com/listing/youngblood-1-second-print-cgc-graded-96-rob-liefeld-1248234006/3968703
hipcomic (23).csv,27,20003083,comicage,880.00,CAD,Batman (2022) #423 (CGC 9.8)  Fan Expo Special Foil Ed. Signed By Todd McFarlane,signed or conserved book without a stated label type,https://www.hipcomic.com/listing/batman-2022-423-cgc-98-fan-expo-special-foil-ed-signed-by-todd-mcfarlane/20003083
hipcomic (23).csv,29,10240416,comicage,1000.00,CAD,Kitty Pryde And Wolverine  #5 CPV (CGC SS 9.8) Signed By Al Milgrom!!,no publication year in the title,https://www.hipcomic.com/listing/kitty-pryde-and-wolverine-5-cpv-cgc-ss-98-signed-by-al-milgrom/10240416
hipcomic (23).csv,30,13351743,comicage,1500.00,CAD,"Tales Of The Teen Titans Annual (1983) #3 (CGC 9.8 SS WP) Signed, Census 1!!",publisher not stated and not determinable from the series,https://www.hipcomic.com/listing/tales-of-the-teen-titans-annual-1983-3-cgc-98-ss-wp-signed-census-1/13351743
hipcomic (23).csv,31,19856819,papercinema,810.00,USD,Incredible Hulk #4 CGC 9.8-2012-VARIANT COVER-Venom 4632793003,no publication year in the title,https://www.hipcomic.com/listing/incredible-hulk-4-cgc-98-2012-variant-cover-venom-4632793003/19856819
hipcomic (23).csv,32,21815844,AtlantaClassicComics,562.50,USD,Walt Disney's Comics & Stories # 128 CGC Graded 8.0 Dell Comic Book 1951 JH43,publisher not stated and not determinable from the series,https://www.hipcomic.com/listing/walt-disneys-comics-stories-128-cgc-graded-80-dell-comic-book-1951-jh43/21815844
hipcomic (23).csv,35,19762730,papercinema,343.75,USD,ACTION #1 1976-CGC 9.2-1st SUPERMAN-SLEEPING BAG REPRINT-4023078003,publisher not stated and not determinable from the series,https://www.hipcomic.com/listing/action-1-1976-cgc-92-1st-superman-sleeping-bag-reprint-4023078003/19762730
hipcomic (23).csv,37,2665831,dtacollectibles,595.00,USD,KID FROM DODGE CITY #1-CGC 7.0- ATLAS WESTERN-SOUTHERN STATES - 1173075001,publisher not stated and not determinable from the series; no publication year in the title,https://www.hipcomic.com/listing/kid-from-dodge-city-1-cgc-70-atlas-western-southern-states-1173075001/2665831
hipcomic (23).csv,39,14165752,comicage,1000.00,CAD,Starriors (1984) # 1 (CGC 9.8 SS) Signed Sienkiewicz Simonson • CPV  • Census= 3,publisher not stated and not determinable from the series,https://www.hipcomic.com/listing/starriors-1984-1-cgc-98-ss-signed-sienkiewicz-simonson-o-cpv-o-census-3/14165752
hipcomic (23).csv,42,8831450,dtacollectibles,980.00,USD,My Friend Irma #22 CGC 8.0 1954-ATLAS-DAN DECARLO ART-SPICY 3809677009,publisher not stated and not determinable from the series,https://www.hipcomic.com/listing/my-friend-irma-22-cgc-80-1954-atlas-dan-decarlo-art-spicy-3809677009/8831450
hipcomic (23).csv,47,19095414,papercinema,2080.00,USD,Wilbur Comics #5 CGC 3.0 First appearance of KATY KEENE-Archie 1139258005,publisher not stated and not determinable from the series; no publication year in the title,https://www.hipcomic.com/listing/wilbur-comics-5-cgc-30-first-appearance-of-katy-keene-archie-1139258005/19095414
hipcomic (24).csv,4,21839583,AtlantaClassicComics,337.50,USD,Detective Comics # 469 CGC Graded 9.0 DC Comic Book Batman Dr. Phosphorus JH44,no publication year in the title,https://www.hipcomic.com/listing/detective-comics-469-cgc-graded-90-dc-comic-book-batman-dr-phosphorus-jh44/21839583
hipcomic (24).csv,5,17469591,rdbeard,925.00,USD,"ZOOT COMICS #14 (5/48) - CGC-7.0, OW-W - Baker - Golden Age - Highest graded!",publisher not stated and not determinable from the series,https://www.hipcomic.com/listing/zoot-comics-14-5-48-cgc-70-ow-w-baker-golden-age-highest-graded/17469591
hipcomic (24).csv,8,10239793,comicage,450.00,CAD,Uncanny X-Men #258 (CGC 9.8 WP)  Jim Lee!!,no publication year in the title,https://www.hipcomic.com/listing/uncanny-x-men-258-cgc-98-wp-jim-lee/10239793
hipcomic (24).csv,9,14793163,ksoat,299.00,USD,Komic Kartoons #1 CGC 3.5 Fall 1945,publisher not stated and not determinable from the series,https://www.hipcomic.com/listing/komic-kartoons-1-cgc-35-fall-1945/14793163
hipcomic (24).csv,10,19627779,superflycomics,750.00,USD,CGC 9.8 Promethea #32 Magical Edition (2005) DOUBLE SIGNED Alan Moore Williams,signed or conserved book without a stated label type; publisher not stated and not determinable from the series,https://www.hipcomic.com/listing/cgc-98-promethea-32-magical-edition-2005-double-signed-alan-moore-williams/19627779
hipcomic (24).csv,11,12352078,dtacollectibles,245.00,USD,AVENGERS #264 CGC 9.8-YELLOWJACKET-comic book-3990902019,no publication year in the title,https://www.hipcomic.com/listing/avengers-264-cgc-98-yellowjacket-comic-book-3990902019/12352078
hipcomic (24).csv,12,10240299,comicage,1500.00,CAD,Kitty Pryde And Wolverine  #1 CPV (CGC SS 9.8) Signed By Al Milgrom!! Census=2,no publication year in the title,https://www.hipcomic.com/listing/kitty-pryde-and-wolverine-1-cpv-cgc-ss-98-signed-by-al-milgrom-census2/10240299
hipcomic (24).csv,14,11473971,dtacollectibles,280.00,USD,GROO #3 CGC 9.8-1983-comic book-ARAGONES 4039468018,publisher not stated and not determinable from the series; no publication year in the title,https://www.hipcomic.com/listing/groo-3-cgc-98-1983-comic-book-aragones-4039468018/11473971
hipcomic (24).csv,15,2665848,dtacollectibles,343.00,USD,Clubhouse Rascals #1 1956 -CGC 7.5 Southern States - 1173076011,publisher not stated and not determinable from the series,https://www.hipcomic.com/listing/clubhouse-rascals-1-1956-cgc-75-southern-states-1173076011/2665848
hipcomic (24).csv,20,15670976,dtacollectibles,308.00,USD,Fantastic Four #252 CGC 9.8 comic book - ANNIHILUS Marvel 3879912003,no publication year in the title,https://www.hipcomic.com/listing/fantastic-four-252-cgc-98-comic-book-annihilus-marvel-3879912003/15670976
hipcomic (24).csv,23,20193195,Subz100,2210.00,USD,"Something is Killing the Children 6, Frison 1:25 Ghost Variant, CGC Graded 9.8",no publication year in the title,https://www.hipcomic.com/listing/something-is-killing-the-children-6-frison-125-ghost-variant-cgc-graded-98/20193195
hipcomic (24).csv,24,18859214,rdbeard,765.00,USD,"PLANET COMICS #57 - CGC-6.5, OW - FH - Baker -Ingels - Evans - Golden Age",no publication year in the title,https://www.hipcomic.com/listing/planet-comics-57-cgc-65-ow-fh-baker-ingels-evans-golden-age/18859214
hipcomic (24).csv,25,5559713,dtacollectibles,700.00,USD,Is This Tomorrow #nn CGC 7.5 no price blank circle variant-anti-Communist 011...,publisher not stated and not determinable from the series; no publication year in the title,https://www.hipcomic.com/listing/is-this-tomorrow-nn-cgc-75-no-price-blank-circle-variant-anti-communist-011/5559713
hipcomic (24).csv,26,10240166,comicage,650.00,CAD,Amazing Spider-Man: Deadball (1993) # 5 (CGC 9.8 WP) Census=3 Montreal Expos,publisher not stated and not determinable from the series,https://www.hipcomic.com/listing/amazing-spider-man-deadball-1993-5-cgc-98-wp-census3-montreal-expos/10240166
hipcomic (24).csv,30,21849494,AtlantaClassicComics,299.99,USD,Walt Disney Comics & Stories # 72 CGC Graded 5.5 Dell Comic Book 1946 Barks JH28,publisher not stated and not determinable from the series,https://www.hipcomic.com/listing/walt-disney-comics-stories-72-cgc-graded-55-dell-comic-book-1946-barks-jh28/21849494
hipcomic (24).csv,31,2663931,dtacollectibles,805.00,USD,ALL GREAT COMICS #1-CGC 9.2-1946-HIGH GRADE-SOUTHERN STATES 1197194001,publisher not stated and not determinable from the series; no publication year in the title,https://www.hipcomic.com/listing/all-great-comics-1-cgc-92-1946-high-grade-southern-states-1197194001/2663931
hipcomic (24).csv,34,15486802,rdbeard,910.00,USD,"PLANET COMICS #43 - CGC-6.5, OW - Fiction House - Futura begins - Golden Age",no publication year in the title,https://www.hipcomic.com/listing/planet-comics-43-cgc-65-ow-fiction-house-futura-begins-golden-age/15486802
hipcomic (24).csv,38,10240392,comicage,1200.00,CAD,Amazing Spider-Man Annual #16 CPV (CGC SS 9.4) Signed By John Romita Jr!!,no publication year in the title,https://www.hipcomic.com/listing/amazing-spider-man-annual-16-cpv-cgc-ss-94-signed-by-john-romita-jr/10240392
hipcomic (24).csv,40,10240391,comicage,480.00,CAD,Justice League (2016) # 50 (CGC) | 3 Jokers | Rare Newsstand,no numeric grade in the title,https://www.hipcomic.com/listing/justice-league-2016-50-cgc-3-jokers-rare-newsstand/10240391
hipcomic (24).csv,41,17904658,rdbeard,1025.00,USD,"DAGAR DESERT FOX #14 (#1) - CGC-6.5, OW - Kamen - Bondage cover -  Golden Age",publisher not stated and not determinable from the series; no publication year in the title,https://www.hipcomic.com/listing/dagar-desert-fox-14-1-cgc-65-ow-kamen-bondage-cover-golden-age/17904658
hipcomic (24).csv,42,15521551,comicage,1000.00,CAD,Green Lantern (1984) # 175 (CGC 9.8) Signed Dave Gibbons Canadian Price Variant,signed or conserved book without a stated label type,https://www.hipcomic.com/listing/green-lantern-1984-175-cgc-98-signed-dave-gibbons-canadian-price-variant/15521551
hipcomic (24).csv,44,16473075,comicage,750.00,CAD,Amazing Spider-Man:Facsimile Edition(2023) #129(CGC 9.8) Signed Sketch Isherwood,signed or conserved book without a stated label type,https://www.hipcomic.com/listing/amazing-spider-manfacsimile-edition2023-129cgc-98-signed-sketch-isherwood/16473075
hipcomic (24).csv,45,4177067,dtacollectibles,630.00,USD,Topsy-Turvy #1 CGC 7.0- 1st Appearance of Cookie -SOUTHERN STATES - 1161205001,publisher not stated and not determinable from the series; no publication year in the title,https://www.hipcomic.com/listing/topsy-turvy-1-cgc-70-1st-appearance-of-cookie-southern-states-1161205001/4177067
hipcomic (24).csv,46,15487572,rdbeard,335.00,USD,"SUPERBOY #19 - CGC-6.0, OW-W - Golden Age",no publication year in the title,https://www.hipcomic.com/listing/superboy-19-cgc-60-ow-w-golden-age/15487572
hipcomic (24).csv,47,14314388,comicage,1000.00,CAD,Harley Quinn 30th Anniversary Special (2022) #1 (CGC 9.9) Signed Hughes Census=3,signed or conserved book without a stated label type,https://www.hipcomic.com/listing/harley-quinn-30th-anniversary-special-2022-1-cgc-99-signed-hughes-census3/14314388
hipcomic (24).csv,49,17533163,rdbeard,1075.00,USD,"MISTER MYSTERY #3 - CGC-7.5, WP - Aragon - Pre-Code horror - Golden Age",publisher not stated and not determinable from the series; no publication year in the title,https://www.hipcomic.com/listing/mister-mystery-3-cgc-75-wp-aragon-pre-code-horror-golden-age/17533163
hipcomic (25).csv,3,19095826,papercinema,1950.00,USD,Funny Picture Stories Vol. 2 #1  1937 - Centaur -CGC 4.5 - Comic Book-2109541002,published before 1938 (no matching era category),https://www.hipcomic.com/listing/funny-picture-stories-vol-2-1-1937-centaur-cgc-45-comic-book-2109541002/19095826
hipcomic (25).csv,5,15486796,rdbeard,1025.00,USD,"FLYING SAUCERS #1 - CGC-6.5, OW - Avon classic by Wally Wood - Golden Age",publisher not stated and not determinable from the series; no publication year in the title,https://www.hipcomic.com/listing/flying-saucers-1-cgc-65-ow-avon-classic-by-wally-wood-golden-age/15486796
hipcomic (25).csv,6,15486855,rdbeard,850.00,USD,"BRENDA STARR V2 #10 - CGC-7.5, OW-W - Superior - Golden Age",publisher not stated and not determinable from the series; no publication year in the title,https://www.hipcomic.com/listing/brenda-starr-v2-10-cgc-75-ow-w-superior-golden-age/15486855
hipcomic (25).csv,8,15841946,dtacollectibles,245.00,USD,Spectacular Spider-Man #101 CGC 9.4-1985- Black costume cover 3804835010,no publication year in the title,https://www.hipcomic.com/listing/spectacular-spider-man-101-cgc-94-1985-black-costume-cover-3804835010/15841946
hipcomic (25).csv,9,13733984,comicage,800.00,CAD,G-I In Battle (1952) # 1 (CGC 5.0) Farrell Publication,publisher not stated and not determinable from the series,https://www.hipcomic.com/listing/g-i-in-battle-1952-1-cgc-50-farrell-publication/13733984
hipcomic (25).csv,12,12675580,comicage,600.00,CAD,30th Anniversary Spawn (2022) # 1 (CGC 9.8 SS WP) Signed Sketch Anthony Fowler,publisher not stated and not determinable from the series,https://www.hipcomic.com/listing/30th-anniversary-spawn-2022-1-cgc-98-ss-wp-signed-sketch-anthony-fowler/12675580
hipcomic (25).csv,13,15486502,rdbeard,1065.00,USD,"MYSTERIOUS ADVENTURES #9 - CGC-6.0, OW-W - Story - Pre-code horror - Golden Age",publisher not stated and not determinable from the series; no publication year in the title,https://www.hipcomic.com/listing/mysterious-adventures-9-cgc-60-ow-w-story-pre-code-horror-golden-age/15486502
hipcomic (25).csv,14,12786920,comicage,200.00,CAD,Beware (1974) # 6 (CGC 9.4)  Never Pressed,publisher not stated and not determinable from the series,https://www.hipcomic.com/listing/beware-1974-6-cgc-94-never-pressed/12786920
hipcomic (25).csv,16,13072858,dtacollectibles,487.50,USD,Dark Mysteries #1 CGC 3.0 1951-SKULL cover-Wally Wood-1163277006,publisher not stated and not determinable from the series,https://www.hipcomic.com/listing/dark-mysteries-1-cgc-30-1951-skull-cover-wally-wood-1163277006/13072858
hipcomic (25).csv,21,21861990,anthonyscomicbookart,299.95,USD,X-Men Facsimile Ed #1 - Sketch Cvr Steve Kurth & Nick Justus (CGC Sig 9.8) 2023,publisher not stated and not determinable from the series,https://www.hipcomic.com/listing/x-men-facsimile-ed-1-sketch-cvr-steve-kurth-nick-justus-cgc-sig-98-2023/21861990
hipcomic (25).csv,25,21442168,rdbeard,865.00,USD,DETECTIVE COMICS #213 - CGC-6.0 - OW-W - Origin/1st - Mirror Man - Golden Age,no publication year in the title,https://www.hipcomic.com/listing/detective-comics-213-cgc-60-ow-w-origin-1st-mirror-man-golden-age/21442168
hipcomic (25).csv,26,15486605,rdbeard,985.00,USD,"MONSTER #1 - CGC-6.5, OW - Fiction House -  Pre-Code horror - Golden Age",no publication year in the title,https://www.hipcomic.com/listing/monster-1-cgc-65-ow-fiction-house-pre-code-horror-golden-age/15486605
hipcomic (25).csv,27,15670538,dtacollectibles,350.00,USD,Disney's Darkwing Duck Limited Series #1 CGC 9.6 1st issue 1998430014,publisher not stated and not determinable from the series; no publication year in the title,https://www.hipcomic.com/listing/disneys-darkwing-duck-limited-series-1-cgc-96-1st-issue-1998430014/15670538
hipcomic (25).csv,30,15530947,comicage,1000.00,CAD,Green Lantern (1984) # 183 (CGC 9.8) Signed Dave Gibbons Canadian Price Variant,signed or conserved book without a stated label type,https://www.hipcomic.com/listing/green-lantern-1984-183-cgc-98-signed-dave-gibbons-canadian-price-variant/15530947
hipcomic (25).csv,32,14633512,dtacollectibles,560.00,USD,Comic Capers #6 CGC 7.0 Timely-Last issue-comic book 4376331003,no publication year in the title,https://www.hipcomic.com/listing/comic-capers-6-cgc-70-timely-last-issue-comic-book-4376331003/14633512
hipcomic (25).csv,33,2665724,dtacollectibles,490.00,USD,STRAIGHT ARROW #1-CGC 7.0-FIRST APPEARANCE-WESTERN-SOUTHERN STATES 1161203003,publisher not stated and not determinable from the series; no publication year in the title,https://www.hipcomic.com/listing/straight-arrow-1-cgc-70-first-appearance-western-southern-states-1161203003/2665724
hipcomic (25).csv,34,21815836,AtlantaClassicComics,562.50,USD,Walt Disney's Comics & Stories # 70 CGC Graded 7.0 Dell Comic Book 1946 JH43,publisher not stated and not determinable from the series,https://www.hipcomic.com/listing/walt-disneys-comics-stories-70-cgc-graded-70-dell-comic-book-1946-jh43/21815836
hipcomic (25).csv,35,16505471,comicage,1000.00,CAD,Amazing Spider-Man : Facsimile Edition (2022) # 238 (CGC 9.8SS) Signed Isherwood,signed or conserved book without a stated label type,https://www.hipcomic.com/listing/amazing-spider-man-facsimile-edition-2022-238-cgc-98ss-signed-isherwood/16505471
hipcomic (25).csv,39,16464002,rdbeard,895.00,USD,"WOMEN TO LOVE nn - CGC-7.0, OW-W - Realistic - Scarce! -  Golden Age",no issue number in the title; publisher not stated and not determinable from the series; no publication year in the title,https://www.hipcomic.com/listing/women-to-love-nn-cgc-70-ow-w-realistic-scarce-golden-age/16464002
hipcomic (25).csv,42,17613875,AtlantaClassicComics,349.99,USD,Uncanny X-Men # 130 CGC Graded 8.5 Marvel Comic Book 1st Dazzler Appearance JH9,no publication year in the title,https://www.hipcomic.com/listing/uncanny-x-men-130-cgc-graded-85-marvel-comic-book-1st-dazzler-appearance-jh9/17613875
hipcomic (25).csv,46,18770357,AtlantaClassicComics,749.99,USD,Conan The Barbarian # 22 CGC Graded 9.6 Marvel Comic Book Barry Smith JH13,no publication year in the title,https://www.hipcomic.com/listing/conan-the-barbarian-22-cgc-graded-96-marvel-comic-book-barry-smith-jh13/18770357
hipcomic (25).csv,47,20025854,Subz100,450.00,USD,"Lady Death Cataclysmic Majesty 1, Naughty Metallic Mausoleum Variant, CGC 10",adult-variant wording (needs a manual look before Merchant Center); publisher not stated and not determinable from the series; no publication year in the title,https://www.hipcomic.com/listing/lady-death-cataclysmic-majesty-1-naughty-metallic-mausoleum-variant-cgc-10/20025854
hipcomic (26).csv,2,19097142,papercinema,715.00,USD,Superboy #68 // CGC 2.5 // DC // First appearance of Bizarro // 3731485014,no publication year in the title,https://www.hipcomic.com/listing/superboy-68-cgc-25-dc-first-appearance-of-bizarro-3731485014/19097142
hipcomic (26).csv,3,21839588,AtlantaClassicComics,262.50,USD,Marvel Spotlight # 28 CGC Graded 5.5 Comic Book Moon Knight Solo Issue JH42,no publication year in the title,https://www.hipcomic.com/listing/marvel-spotlight-28-cgc-graded-55-comic-book-moon-knight-solo-issue-jh42/21839588
hipcomic (26).csv,9,2665795,dtacollectibles,693.00,USD,LOVE CLASSICS #1-1949-CGC 8.0-WHITE PAGES!!-MARVEL-SOUTHERN STATES 1197194029,lot or multi-issue set; no publication year in the title,https://www.hipcomic.com/listing/love-classics-1-1949-cgc-80-white-pages-marvel-southern-states-1197194029/2665795
hipcomic (26).csv,10,10238261,comicage,250.00,CAD,Avengers/JLA (2003) # 2 (CGC 9.8 WP),publisher not stated and not determinable from the series,https://www.hipcomic.com/listing/avengers-jla-2003-2-cgc-98-wp/10238261
hipcomic (26).csv,11,15670550,dtacollectibles,350.00,USD,HOUSE OF MYSTERY #167 CGC 9.4 MANHUNTER FROM MARS STORY 2039573016,no publication year in the title,https://www.hipcomic.com/listing/house-of-mystery-167-cgc-94-manhunter-from-mars-story-2039573016/15670550
hipcomic (26).csv,18,20407198,comicage,650.00,CAD,Ms.Marvel (2014) # 1 (CGC 9.8 SS)  Signed Arthur Adams • Kamala Khan,publisher not stated and not determinable from the series,https://www.hipcomic.com/listing/msmarvel-2014-1-cgc-98-ss-signed-arthur-adams-o-kamala-khan/20407198
hipcomic (26).csv,20,17221234,comicage,1050.00,CAD,Something Is Killing The Children (2019) # 1(CGC 9.6) Signed Tynion * Dell'edera,signed or conserved book without a stated label type,https://www.hipcomic.com/listing/something-is-killing-the-children-2019-1cgc-96-signed-tynion-delledera/17221234
hipcomic (26).csv,21,14240233,comicage,900.00,CAD,Here’s Howie (1952) # 5 (CGC 4.5)  Naughty Cover • Census=3 Highest Grade,adult-variant wording (needs a manual look before Merchant Center); publisher not stated and not determinable from the series,https://www.hipcomic.com/listing/heres-howie-1952-5-cgc-45-naughty-cover-o-census3-highest-grade/14240233
hipcomic (26).csv,22,15485864,rdbeard,675.00,USD,"JO-JO COMICS #15 - CGC-7.5, OW-W - Fox - Kamen - Golden Age",publisher not stated and not determinable from the series; no publication year in the title,https://www.hipcomic.com/listing/jo-jo-comics-15-cgc-75-ow-w-fox-kamen-golden-age/15485864
hipcomic (26).csv,23,12098876,dtacollectibles,350.00,USD,CONAN THE BARBARIAN #19 CGC 9.4 comic book-BARRY SMITH 4048257013,publisher not stated and not determinable from the series; no publication year in the title,https://www.hipcomic.com/listing/conan-the-barbarian-19-cgc-94-comic-book-barry-smith-4048257013/12098876
hipcomic (26).csv,24,15670957,dtacollectibles,301.00,USD,SPECTACULAR SPIDER-MAN #28 CGC 9.8-Marvel comic book 3804842002,no publication year in the title,https://www.hipcomic.com/listing/spectacular-spider-man-28-cgc-98-marvel-comic-book-3804842002/15670957
hipcomic (26).csv,26,19879419,anthonyscomicbookart,399.88,USD,Spider-Man #7 CGC (9.8) Signed & Sketched by Humberto Ramos - 2023,signed or conserved book without a stated label type,https://www.hipcomic.com/listing/spider-man-7-cgc-98-signed-sketched-by-humberto-ramos-2023/19879419
hipcomic (26).csv,28,17223740,comicage,850.00,CAD,Fantastic Four (1996)  (CGC 9.0) Signed Ramos * Signed Jim Lee*Williams*Sinclair,no issue number in the title; signed or conserved book without a stated label type; publisher not stated and not determinable from the series,https://www.hipcomic.com/listing/fantastic-four-1996-cgc-90-signed-ramos-signed-jim-leewilliamssinclair/17223740
hipcomic (26).csv,29,21770724,anthonyscomicbookart,849.95,USD,"Teenage Mutant Ninja Turtles #2 - 2nd Print/ 2x ""Signed + Sketch"" (CGC 7.0) 1985",signed or conserved book without a stated label type,https://www.hipcomic.com/listing/teenage-mutant-ninja-turtles-2-2nd-print-2x-signed-sketch-cgc-70-1985/21770724
hipcomic (26).csv,30,4914608,dtacollectibles,455.00,USD,SECRET MYSTERIES #16 CGC 4.0-PRE-CODE HORROR-VIOLENCE-MYRON FASS-2014737002,publisher not stated and not determinable from the series; no publication year in the title,https://www.hipcomic.com/listing/secret-mysteries-16-cgc-40-pre-code-horror-violence-myron-fass-2014737002/4914608
hipcomic (26).csv,33,17838852,rdbeard,575.00,USD,"ACTION COMICS #159 - CGC-6.0, OW-W - Superman - Golden Age",no publication year in the title,https://www.hipcomic.com/listing/action-comics-159-cgc-60-ow-w-superman-golden-age/17838852
hipcomic (26).csv,34,21839627,AtlantaClassicComics,269.99,USD,The Walking Dead # 53 CGC Graded 9.8 Image Comic Book 1st Abraham Rosita JH44,no publication year in the title,https://www.hipcomic.com/listing/the-walking-dead-53-cgc-graded-98-image-comic-book-1st-abraham-rosita-jh44/21839627
hipcomic (26).csv,37,15670841,dtacollectibles,560.00,USD,Rulah Jungle Goddess #19 CGC 4.0 1948-GOOD GIRL ART- 2039517010,publisher not stated and not determinable from the series,https://www.hipcomic.com/listing/rulah-jungle-goddess-19-cgc-40-1948-good-girl-art-2039517010/15670841
hipcomic (26).csv,38,17632124,comicage,2050.00,CAD,Fantastic Four Aschan 0848/2000 #nn CGC 9.8 SS Signed Jim Lee *Williams*Census=2,publisher not stated and not determinable from the series; no publication year in the title,https://www.hipcomic.com/listing/fantastic-four-aschan-0848-2000-nn-cgc-98-ss-signed-jim-lee-williamscensus2/17632124
hipcomic (26).csv,40,21442296,comicage,750.00,CAD,Vengeurs (1984)(Heritage) #126 (CGC 8.0) Signed George Perez • Avengers 196,signed or conserved book without a stated label type; publisher not stated and not determinable from the series,https://www.hipcomic.com/listing/vengeurs-1984heritage-126-cgc-80-signed-george-perez-o-avengers-196/21442296
hipcomic (26).csv,41,12931255,dtacollectibles,175.00,USD,MARVEL TEAM-UP #95 CGC 9.6 First MOCKINGBIRD 4253098018,no publication year in the title,https://www.hipcomic.com/listing/marvel-team-up-95-cgc-96-first-mockingbird-4253098018/12931255
hipcomic (26).csv,42,10940288,comicage,500.00,CAD,Moon Knight (1980) # 1 (CGC 9.4 WP) | Signed Sienkiewicz | 1st App Raoul Bushman,signed or conserved book without a stated label type,https://www.hipcomic.com/listing/moon-knight-1980-1-cgc-94-wp-signed-sienkiewicz-1st-app-raoul-bushman/10940288
hipcomic (26).csv,43,10240379,comicage,750.00,CAD,Sentry (2000) #1 (CGC 9.6 WP SS) Signed And Sketched By Jae Lee | 1st App Sentry,publisher not stated and not determinable from the series,https://www.hipcomic.com/listing/sentry-2000-1-cgc-96-wp-ss-signed-and-sketched-by-jae-lee-1st-app-sentry/10240379
hipcomic (26).csv,44,19577004,comicage,1000.00,CAD,Legends of Stargazers (1989) # 1 (CGC 9.8) Signed Adam Hughes *Census = 3 *,signed or conserved book without a stated label type; publisher not stated and not determinable from the series,https://www.hipcomic.com/listing/legends-of-stargazers-1989-1-cgc-98-signed-adam-hughes-census-3/19577004
hipcomic (26).csv,45,14792189,ksoat,299.00,USD,Punch and Judy #1 CGC 4.0 1944,publisher not stated and not determinable from the series,https://www.hipcomic.com/listing/punch-and-judy-1-cgc-40-1944/14792189
hipcomic (26).csv,46,10240195,comicage,675.00,CAD,Tron (2006) # 1 (CGC 9.8 WP) | 1st app Tron in Comics,publisher not stated and not determinable from the series,https://www.hipcomic.com/listing/tron-2006-1-cgc-98-wp-1st-app-tron-in-comics/10240195
hipcomic (26).csv,48,17391391,comicage,850.00,CAD,X-Men (1991) # 1 (CGC 9.6) Signed By Jim Lee * Chris Claremont * Scott Williams,signed or conserved book without a stated label type,https://www.hipcomic.com/listing/x-men-1991-1-cgc-96-signed-by-jim-lee-chris-claremont-scott-williams/17391391
hipcomic (27).csv,3,18458920,comicage,405.00,CAD,Buzzkill (2013) #1 (CGC 9.8 WP) Donny Cates,publisher not stated and not determinable from the series,https://www.hipcomic.com/listing/buzzkill-2013-1-cgc-98-wp-donny-cates/18458920
hipcomic (27).csv,6,15670527,dtacollectibles,562.50,USD,FRANKENSTEIN #25 CGC 3.5 PRE-CODE HORROR-Skelton cover-DICK BRIEFER 4332358006,publisher not stated and not determinable from the series; no publication year in the title,https://www.hipcomic.com/listing/frankenstein-25-cgc-35-pre-code-horror-skelton-cover-dick-briefer-4332358006/15670527
hipcomic (27).csv,7,12677931,comicage,500.00,CAD,Barbie (1991) # 1 (CGC 9.6 WP) John Romita cover | Poly-Bagged,publisher not stated and not determinable from the series,https://www.hipcomic.com/listing/barbie-1991-1-cgc-96-wp-john-romita-cover-poly-bagged/12677931
hipcomic (27).csv,8,15486791,rdbeard,475.00,USD,"SPIRIT #15 - CGC-7.5, OW - Quality - Eisner cover - Golden Age",no publication year in the title,https://www.hipcomic.com/listing/spirit-15-cgc-75-ow-quality-eisner-cover-golden-age/15486791
hipcomic (27).csv,10,2665972,dtacollectibles,245.00,USD,AMAZING SPIDER-MAN #661-CGC 9.8 VARIANT COVER-PULIDO-ALBERTI- 0216536018,no publication year in the title,https://www.hipcomic.com/listing/amazing-spider-man-661-cgc-98-variant-cover-pulido-alberti-0216536018/2665972
hipcomic (27).csv,12,13168099,comicage,1200.00,CAD,Secret Wars II #1 (CGC SS 9.8) Signed By Al Milgrom!! Canadian Price Variant!,no publication year in the title,https://www.hipcomic.com/listing/secret-wars-ii-1-cgc-ss-98-signed-by-al-milgrom-canadian-price-variant/13168099
hipcomic (27).csv,13,18012422,rdbeard,1010.00,USD,"ALL TOP COMICS #14 - CGC-4.5, OW-W - Phantom Lady by Baker - Golden Age",publisher not stated and not determinable from the series; no publication year in the title,https://www.hipcomic.com/listing/all-top-comics-14-cgc-45-ow-w-phantom-lady-by-baker-golden-age/18012422
hipcomic (27).csv,14,21734242,anthonyscomicbookart,599.95,USD,Classic Comics #1 - The Three Musketeers / HRN 15 3rd Edition (CGC 6.5) 1943,publisher not stated and not determinable from the series,https://www.hipcomic.com/listing/classic-comics-1-the-three-musketeers-hrn-15-3rd-edition-cgc-65-1943/21734242
hipcomic (27).csv,16,20245536,comicage,1000.00,CAD,Fame : Keanu Reeves # nn ( CGC 9.9 SS) Sketch Idris Durcet • TidaWave • Lim 100,publisher not stated and not determinable from the series; no publication year in the title,https://www.hipcomic.com/listing/fame-keanu-reeves-nn-cgc-99-ss-sketch-idris-durcet-o-tidawave-o-lim-100/20245536
hipcomic (27).csv,17,15974740,comicage,1500.00,CAD,Bionic Man Vs Bionic Woman # 1 (CGC SS 9.8) Signed Lee Majors * Lindsay Wagner,publisher not stated and not determinable from the series; no publication year in the title,https://www.hipcomic.com/listing/bionic-man-vs-bionic-woman-1-cgc-ss-98-signed-lee-majors-lindsay-wagner/15974740
hipcomic (27).csv,18,10239231,comicage,350.00,CAD,JLA  / Avengers (2003) # 4 (CGC 9.8 WP) George Perez,publisher not stated and not determinable from the series,https://www.hipcomic.com/listing/jla-avengers-2003-4-cgc-98-wp-george-perez/10239231
hipcomic (27).csv,19,17024705,rdbeard,1325.00,USD,"ROCKET TO THE MOON nn - CGC-6.0, OW - Avon classic by Joe Orlando - Golden Age",no issue number in the title; publisher not stated and not determinable from the series; no publication year in the title,https://www.hipcomic.com/listing/rocket-to-the-moon-nn-cgc-60-ow-avon-classic-by-joe-orlando-golden-age/17024705
hipcomic (27).csv,21,12533912,comicage,550.00,CAD,Amazing Spiderman (1992) #359 (CGC SS9 9.8 WP) | Signed & Sketch Mark Bagley,signed or conserved book without a stated label type,https://www.hipcomic.com/listing/amazing-spiderman-1992-359-cgc-ss9-98-wp-signed-sketch-mark-bagley/12533912
hipcomic (27).csv,23,8854420,dtacollectibles,280.00,USD,Avengers #364 CGC 9.8 1st full appearance of Deathcry 3810014014,no publication year in the title,https://www.hipcomic.com/listing/avengers-364-cgc-98-1st-full-appearance-of-deathcry-3810014014/8854420
hipcomic (27).csv,24,20533402,AtlantaClassicComics,749.99,USD,Caliber Presents # 1 CGC Graded 9.2 Comic Book 1st Appearance Of The Crow JH27,publisher not stated and not determinable from the series; no publication year in the title,https://www.hipcomic.com/listing/caliber-presents-1-cgc-graded-92-comic-book-1st-appearance-of-the-crow-jh27/20533402
hipcomic (27).csv,28,2662118,dtacollectibles,833.00,USD,Pinky Lee #1-CGC 7.5 Highest Graded- Atlas -Stan Lee-SOUTHERN STATES 1197124007,no publication year in the title,https://www.hipcomic.com/listing/pinky-lee-1-cgc-75-highest-graded-atlas-stan-lee-southern-states-1197124007/2662118
hipcomic (27).csv,30,10238635,comicage,270.00,CAD,Hardcore #1 (CGC 9.6) Signed By Marc Silvestri!,signed or conserved book without a stated label type; publisher not stated and not determinable from the series; no publication year in the title,https://www.hipcomic.com/listing/hardcore-1-cgc-96-signed-by-marc-silvestri/10238635
hipcomic (27).csv,31,13775445,comicage,1000.00,CAD,Marvel Super Heroes Secret Wars (1984) #3 (CGC 9.8 WP) Signed Jim Shooter,signed or conserved book without a stated label type,https://www.hipcomic.com/listing/marvel-super-heroes-secret-wars-1984-3-cgc-98-wp-signed-jim-shooter/13775445
hipcomic (27).csv,34,10240233,comicage,750.00,CAD,Secret Wars II #5 (CGC SS 9.8) Signed By Al Milgrom!!,no publication year in the title,https://www.hipcomic.com/listing/secret-wars-ii-5-cgc-ss-98-signed-by-al-milgrom/10240233
hipcomic (27).csv,36,8983510,dtacollectibles,189.00,USD,Blade Runner #1-CGC 9.6-Al Williamson-Marvel-2053548002,no publication year in the title,https://www.hipcomic.com/listing/blade-runner-1-cgc-96-al-williamson-marvel-2053548002/8983510
hipcomic (27).csv,38,17674893,comicage,1050.00,CAD,G. Joe Yearbook #2 (CGC 9.8) Signed Golden * Larry Hama* Canadian Price Variant,signed or conserved book without a stated label type; publisher not stated and not determinable from the series; no publication year in the title,https://www.hipcomic.com/listing/g-joe-yearbook-2-cgc-98-signed-golden-larry-hama-canadian-price-variant/17674893
hipcomic (27).csv,45,16825949,rdbeard,965.00,USD,"SPACE WESTERN COMICS #42 - CGC-7.0, OW-W - Charlton - Classic title - Golden Age",no publication year in the title,https://www.hipcomic.com/listing/space-western-comics-42-cgc-70-ow-w-charlton-classic-title-golden-age/16825949
hipcomic (27).csv,48,20540245,silveragecomics,999.00,USD,DARKER IMAGE #1 (1993) RARE CGC 9.9 MINT WP RIP SAM KEITH 1ST MAXX! DEATHBLOW|,publisher not stated and not determinable from the series,https://www.hipcomic.com/listing/darker-image-1-1993-rare-cgc-99-mint-wp-rip-sam-keith-1st-maxx-deathblow-/20540245
hipcomic (27).csv,49,15755892,rdbeard,900.00,USD,"SPACE ACE #5 (#1) - A-1 #61 - CGC-7.5, OW - ME - Great cover - Golden Age",lot or multi-issue set; publisher not stated and not determinable from the series; no publication year in the title,https://www.hipcomic.com/listing/space-ace-5-1-a-1-61-cgc-75-ow-me-great-cover-golden-age/15755892
hipcomic (28).csv,6,11238389,comicage,650.00,CAD,Razor Annual (1993) #1 (CGC 9.2 SS WP) Signed & Sketch William Tucci,publisher not stated and not determinable from the series,https://www.hipcomic.com/listing/razor-annual-1993-1-cgc-92-ss-wp-signed-sketch-william-tucci/11238389
hipcomic (28).csv,7,16005798,dtacollectibles,343.00,USD,NEW GODS #1 CGC 8.0 First issue DARKSEID comic book 2030204002,no publication year in the title,https://www.hipcomic.com/listing/new-gods-1-cgc-80-first-issue-darkseid-comic-book-2030204002/16005798
hipcomic (28).csv,10,15485917,rdbeard,575.00,USD,"STRANGE FANTASY #6 - CGC-6.0, OW-W - Ajax/Farrell - Golden Age",publisher not stated and not determinable from the series; no publication year in the title,https://www.hipcomic.com/listing/strange-fantasy-6-cgc-60-ow-w-ajax-farrell-golden-age/15485917
hipcomic (28).csv,11,12935519,comicage,500.00,CAD,Venom Lethal Protector II (2023) #1 (CGC 9.8 SS) Signed Alex Ross Sketch Cover,publisher not stated and not determinable from the series,https://www.hipcomic.com/listing/venom-lethal-protector-ii-2023-1-cgc-98-ss-signed-alex-ross-sketch-cover/12935519
hipcomic (28).csv,15,10853316,dtacollectibles,259.00,USD,Usagi Yojimbo #1 CGC 9.2 1st issue-Stan Sakai 3961792007,publisher not stated and not determinable from the series; no publication year in the title,https://www.hipcomic.com/listing/usagi-yojimbo-1-cgc-92-1st-issue-stan-sakai-3961792007/10853316
hipcomic (28).csv,16,15486517,rdbeard,1015.00,USD,"BEWARE #13 (#1) - CGC-6.0, OW-W - Trojan - Pre-code horror - Golden Age",publisher not stated and not determinable from the series; no publication year in the title,https://www.hipcomic.com/listing/beware-13-1-cgc-60-ow-w-trojan-pre-code-horror-golden-age/15486517
hipcomic (28).csv,19,15499216,comicage,1500.00,CAD,Kitty Pryde And Wolverine  #1 (CGC WP 9.8) Census=5 | Canadian Price Variant CPV,no publication year in the title,https://www.hipcomic.com/listing/kitty-pryde-and-wolverine-1-cgc-wp-98-census5-canadian-price-variant-cpv/15499216
hipcomic (28).csv,21,11473967,dtacollectibles,560.00,USD,"AMAZING SPIDER-MAN V.2 #5 CGC 9.8 1st Spider-Woman, Mattie Franklin 4039468021",publisher not stated and not determinable from the series; no publication year in the title,https://www.hipcomic.com/listing/amazing-spider-man-v2-5-cgc-98-1st-spider-woman-mattie-franklin-4039468021/11473967
hipcomic (28).csv,24,15486630,rdbeard,955.00,USD,"STRANGE WORLDS #3 - CGC-4.0, OW-W - Avon - Frazetta/Orlando/Wood - Golden Age",no publication year in the title,https://www.hipcomic.com/listing/strange-worlds-3-cgc-40-ow-w-avon-frazetta-orlando-wood-golden-age/15486630
hipcomic (28).csv,25,8527883,dtacollectibles,420.00,USD,MENS ADVENTURES #11 CGC 6.0 1951-RED MENACE-SUICIDE STORY 3811331013,publisher not stated and not determinable from the series,https://www.hipcomic.com/listing/mens-adventures-11-cgc-60-1951-red-menace-suicide-story-3811331013/8527883
hipcomic (28).csv,26,15671098,dtacollectibles,700.00,USD,Great Comics #1 1941 CGC 5.0-Bob Kane-1st Great Zarro 1569829003,publisher not stated and not determinable from the series,https://www.hipcomic.com/listing/great-comics-1-1941-cgc-50-bob-kane-1st-great-zarro-1569829003/15671098
hipcomic (28).csv,27,18004574,rdbeard,555.00,USD,"ADVENTURE COMICS #138 - CGC-7.0, OW-W - Superboy - Aquaman -  Golden Age",no publication year in the title,https://www.hipcomic.com/listing/adventure-comics-138-cgc-70-ow-w-superboy-aquaman-golden-age/18004574
hipcomic (28).csv,30,17680353,rdbeard,1165.00,USD,"ALL TOP COMICS #9 - CGC-6.5, OW-W - Fox - Baker - Kamen - Golden Age",publisher not stated and not determinable from the series; no publication year in the title,https://www.hipcomic.com/listing/all-top-comics-9-cgc-65-ow-w-fox-baker-kamen-golden-age/17680353
hipcomic (28).csv,31,21839599,AtlantaClassicComics,262.50,USD,Amazing Spider-Man Annual # 21 CGC Graded 9.4 Marvel Comic Book Wedding JH44,no publication year in the title,https://www.hipcomic.com/listing/amazing-spider-man-annual-21-cgc-graded-94-marvel-comic-book-wedding-jh44/21839599
hipcomic (28).csv,32,17676958,rdbeard,595.00,USD,"ZOOT COMICS #15 - CGC-6.5, OW-W - Fox - Baker - Kamen - Golden Age",publisher not stated and not determinable from the series; no publication year in the title,https://www.hipcomic.com/listing/zoot-comics-15-cgc-65-ow-w-fox-baker-kamen-golden-age/17676958
hipcomic (28).csv,33,16472516,comicage,1000.00,CAD,Lady Death : Re-Imagined Aschan  (2002) # 1 (CGC 9.8) Signed Brian Pulido * C =1,signed or conserved book without a stated label type; publisher not stated and not determinable from the series,https://www.hipcomic.com/listing/lady-death-re-imagined-aschan-2002-1-cgc-98-signed-brian-pulido-c-1/16472516
hipcomic (28).csv,36,20150729,comicage,1000.00,CAD,X-Men (1992) # 4 (CGC 9.8) Signed By Jim Lee * Chris Claremont * Scott Williams,signed or conserved book without a stated label type,https://www.hipcomic.com/listing/x-men-1992-4-cgc-98-signed-by-jim-lee-chris-claremont-scott-williams/20150729
hipcomic (28).csv,37,14142723,comicage,800.00,CAD,Vampirella : Dead Flowers (2023) #1 (CGC 9.8 SS) Signed Buzz Sketch Cover • C=1,publisher not stated and not determinable from the series,https://www.hipcomic.com/listing/vampirella-dead-flowers-2023-1-cgc-98-ss-signed-buzz-sketch-cover-o-c1/14142723
hipcomic (28).csv,38,10672537,comicage,500.00,CAD,TMNT Teenage Mutant Ninja Turtles (1986) # 9 (CGC 9.6 SS Eastman) Signed,publisher not stated and not determinable from the series,https://www.hipcomic.com/listing/tmnt-teenage-mutant-ninja-turtles-1986-9-cgc-96-ss-eastman-signed/10672537
hipcomic (28).csv,40,21401114,rdbeard,600.00,USD,DETECTIVE COMICS #209 - CGC-6.0 - OW-W - Batman/Robin - Golden age,no publication year in the title,https://www.hipcomic.com/listing/detective-comics-209-cgc-60-ow-w-batman-robin-golden-age/21401114
hipcomic (28).csv,43,21344986,rdbeard,915.00,USD,"ZOOT COMICS #7 - CGC-6.0, OW-W - Fox - Origin/1st Rulah - Golden Age",publisher not stated and not determinable from the series; no publication year in the title,https://www.hipcomic.com/listing/zoot-comics-7-cgc-60-ow-w-fox-origin-1st-rulah-golden-age/21344986
hipcomic (28).csv,44,18458922,comicage,405.00,CAD,Planetary (1999) # 1 (CGC 9.8 WP) | 1st app planetary,publisher not stated and not determinable from the series,https://www.hipcomic.com/listing/planetary-1999-1-cgc-98-wp-1st-app-planetary/18458922
hipcomic (28).csv,46,10240267,comicage,798.00,CAD,Batman #438 (CGC SS9.8) Double Signed  By Pat Broderick And George Perez,signed or conserved book without a stated label type; no publication year in the title,https://www.hipcomic.com/listing/batman-438-cgc-ss98-double-signed-by-pat-broderick-and-george-perez/10240267
hipcomic (28).csv,49,16524436,comicage,1000.00,CAD,Aftermath : Preview (2000) # nn (CGC 9.8 SS) Signed Brian Pulido * Census = 1,publisher not stated and not determinable from the series,https://www.hipcomic.com/listing/aftermath-preview-2000-nn-cgc-98-ss-signed-brian-pulido-census-1/16524436
hipcomic (29).csv,4,15499202,comicage,650.00,CAD,VIGILANTE (1988) #50 CGC 9.8 (SS) Signed & Sketched Ken Steacy ~ Census=1,publisher not stated and not determinable from the series,https://www.hipcomic.com/listing/vigilante-1988-50-cgc-98-ss-signed-sketched-ken-steacy-census1/15499202
hipcomic (29).csv,5,12931475,dtacollectibles,315.00,USD,X-Men #4 CGC Graded 9.8 - 1st Omega Red -MARVEL-3818687014,no publication year in the title,https://www.hipcomic.com/listing/x-men-4-cgc-graded-98-1st-omega-red-marvel-3818687014/12931475
hipcomic (29).csv,7,20193196,Subz100,2010.00,USD,"Star Wars Thrawn 1 (2018), Francesco Mattina 1:50 Variant Cover, CGC Graded 9.8",publisher not stated and not determinable from the series,https://www.hipcomic.com/listing/star-wars-thrawn-1-2018-francesco-mattina-150-variant-cover-cgc-graded-98/20193196
hipcomic (29).csv,8,10703627,comicage,1000.00,CAD,Defenders (1982) #112 (CGC 9.6) Signed Sketch (Power Princess) Al  Milgrom | CPV,signed or conserved book without a stated label type,https://www.hipcomic.com/listing/defenders-1982-112-cgc-96-signed-sketch-power-princess-al-milgrom-cpv/10703627
hipcomic (29).csv,9,8854385,dtacollectibles,315.00,USD,"Fantastic Four #353 CGC 9.8-1991-1st appearance of Mr. Mobius, 3810014012",no publication year in the title,https://www.hipcomic.com/listing/fantastic-four-353-cgc-98-1991-1st-appearance-of-mr-mobius-3810014012/8854385
hipcomic (29).csv,11,19096549,papercinema,1820.00,USD,Super-Mystery Vol.6 #4  1947 - Ace -CGC 7.0 - Comic Book-2090628002,publisher not stated and not determinable from the series,https://www.hipcomic.com/listing/super-mystery-vol6-4-1947-ace-cgc-70-comic-book-2090628002/19096549
hipcomic (29).csv,14,19097180,papercinema,715.00,USD,NEW GODS #1 CGC 9.4 // First issue // DARKSEID // DC comic book,no publication year in the title,https://www.hipcomic.com/listing/new-gods-1-cgc-94-first-issue-darkseid-dc-comic-book/19097180
hipcomic (29).csv,15,17689039,comicage,450.00,CAD,"Wolverine:Revenge  (2024) #1 (CGC 9.8) Signed Pablo ""Lobos"" Villalobos Census= 3",signed or conserved book without a stated label type,https://www.hipcomic.com/listing/wolverinerevenge-2024-1-cgc-98-signed-pablo-lobos-villalobos-census-3/17689039
hipcomic (29).csv,16,10704558,comicage,1250.00,CAD,Hercules (1984) # 1 (CGC 9.8 SS WP) Signed By Bob Layton | CPV | Census=1,publisher not stated and not determinable from the series,https://www.hipcomic.com/listing/hercules-1984-1-cgc-98-ss-wp-signed-by-bob-layton-cpv-census1/10704558
hipcomic (29).csv,17,18121664,comicage,1000.00,CAD,Green Lantern (1984) # 181 (CGC 9.8) Signed Dave Gibbons Canadian Price Variant,signed or conserved book without a stated label type,https://www.hipcomic.com/listing/green-lantern-1984-181-cgc-98-signed-dave-gibbons-canadian-price-variant/18121664
hipcomic (29).csv,20,20213933,comicage,750.00,CAD,Detective Comics (1988) # 585 (CGC 9.8 WP)  Signed Sketch (Ratcatcher) Bingham,signed or conserved book without a stated label type,https://www.hipcomic.com/listing/detective-comics-1988-585-cgc-98-wp-signed-sketch-ratcatcher-bingham/20213933
hipcomic (29).csv,21,21815833,AtlantaClassicComics,356.25,USD,Walt Disney's Comics & Stories # 53 CGC Graded 5.5 Dell Comic Book 1945 JH43,publisher not stated and not determinable from the series,https://www.hipcomic.com/listing/walt-disneys-comics-stories-53-cgc-graded-55-dell-comic-book-1945-jh43/21815833
hipcomic (29).csv,23,20901271,AtlantaClassicComics,274.99,USD,Amazing Spider-Man # 299 CGC Graded 8.5 Marvel Comic Book Venom McFarlane JH29,no publication year in the title,https://www.hipcomic.com/listing/amazing-spider-man-299-cgc-graded-85-marvel-comic-book-venom-mcfarlane-jh29/20901271
hipcomic (29).csv,31,21365214,papercinema,875.00,USD,"Sports Illustrated Apr 22, 1957 CGC 8.0 -Wally Moon-HIGHEST-4509593002",publisher not stated and not determinable from the series,https://www.hipcomic.com/listing/sports-illustrated-apr-22-1957-cgc-80-wally-moon-highest-4509593002/21365214
hipcomic (29).csv,32,21430999,rdbeard,600.00,USD,DETECTIVE COMICS #210 - CGC-6.5 - OW-W - Batman/Robin - Golden Age,no publication year in the title,https://www.hipcomic.com/listing/detective-comics-210-cgc-65-ow-w-batman-robin-golden-age/21430999
hipcomic (29).csv,35,15730950,ksoat,169.99,USD,Lost Vegas #1 CGC 9.8  2013,publisher not stated and not determinable from the series,https://www.hipcomic.com/listing/lost-vegas-1-cgc-98-2013/15730950
hipcomic (29).csv,37,10703455,comicage,750.00,CAD,Incredible Hulk (1983) # 283 (CGC 9.4) Signed Sketch (Hulk)  Al Milgrom | CPV,signed or conserved book without a stated label type,https://www.hipcomic.com/listing/incredible-hulk-1983-283-cgc-94-signed-sketch-hulk-al-milgrom-cpv/10703455
hipcomic (29).csv,40,12157948,comicage,275.00,CAD,Thief Of Thieves ( CGC 9.8) # 1 |   Cosmicspro Edition,publisher not stated and not determinable from the series; no publication year in the title,https://www.hipcomic.com/listing/thief-of-thieves-cgc-98-1-cosmicspro-edition/12157948
hipcomic (29).csv,44,19937177,comicage,758.00,CAD,Biden’s Titans (2021) # 1 (CGC 9.0 SS) Signed & Sketch Scott Lobdell * Trump,publisher not stated and not determinable from the series,https://www.hipcomic.com/listing/bidens-titans-2021-1-cgc-90-ss-signed-sketch-scott-lobdell-trump/19937177
hipcomic (29).csv,49,12157923,comicage,225.00,CAD,Black Panther #25 (CGC 9.8) Momoko Variant Cover !,no publication year in the title,https://www.hipcomic.com/listing/black-panther-25-cgc-98-momoko-variant-cover/12157923
hipcomic (30).csv,7,2665212,dtacollectibles,315.00,USD,New Titans #99 comic book CGC 9.8-first Arsenal-key Issue-nightwing- 0241120024,no publication year in the title,https://www.hipcomic.com/listing/new-titans-99-comic-book-cgc-98-first-arsenal-key-issue-nightwing-0241120024/2665212
hipcomic (30).csv,8,21815821,AtlantaClassicComics,375.00,USD,Walt Disney's Comics & Stories # 94 CGC Graded 6.5 Dell Comic Book 1948 JH43,publisher not stated and not determinable from the series,https://www.hipcomic.com/listing/walt-disneys-comics-stories-94-cgc-graded-65-dell-comic-book-1948-jh43/21815821
hipcomic (30).csv,10,20150304,comicage,1000.00,CAD,Uncanny X-Men (1990) # 266 (CGC 9.4 WP) Signed Claremont + Kubert + Rubinstein,signed or conserved book without a stated label type,https://www.hipcomic.com/listing/uncanny-x-men-1990-266-cgc-94-wp-signed-claremont-kubert-rubinstein/20150304
hipcomic (30).csv,11,15288212,comicage,500.00,CAD,Starslayer (1982) # 2 (CGC 9.4 SS)  Signed Mike Grell pacific comics *,publisher not stated and not determinable from the series,https://www.hipcomic.com/listing/starslayer-1982-2-cgc-94-ss-signed-mike-grell-pacific-comics/15288212
hipcomic (30).csv,12,17601219,comicage,1000.00,CAD,Secret Wars II (1985)# 1 (CGC 9.8) Signed Signed Shooter *Canadian Price Variant,signed or conserved book without a stated label type,https://www.hipcomic.com/listing/secret-wars-ii-1985-1-cgc-98-signed-signed-shooter-canadian-price-variant/17601219
hipcomic (30).csv,13,19096072,papercinema,675.00,USD,DAREDEVIL #270 CGC 9.8 - First BLACKHEART-COMIC BOOK 3803452005,publisher not stated and not determinable from the series; no publication year in the title,https://www.hipcomic.com/listing/daredevil-270-cgc-98-first-blackheart-comic-book-3803452005/19096072
hipcomic (30).csv,14,8854507,dtacollectibles,210.00,USD,Ren and Stimpy Show #6 CGC 9.8 Spider-man comic book 3809694006,publisher not stated and not determinable from the series; no publication year in the title,https://www.hipcomic.com/listing/ren-and-stimpy-show-6-cgc-98-spider-man-comic-book-3809694006/8854507
hipcomic (30).csv,15,12099890,legacycomics,85.00,USD,Michael Turner's Fathom: Killian's Vessel #1 CGC 9.8 Wizard World V...,publisher not stated and not determinable from the series; no publication year in the title,https://www.hipcomic.com/listing/michael-turners-fathom-killians-vessel-1-cgc-98-wizard-world-v/12099890
hipcomic (30).csv,16,15671855,comicage,250.00,CAD,Avengers/JLA (2003) # 2 (CGC 9.8 WP),publisher not stated and not determinable from the series,https://www.hipcomic.com/listing/avengers-jla-2003-2-cgc-98-wp/15671855
hipcomic (30).csv,17,5617452,dtacollectibles,210.00,USD,JUNGLE  #56 CGC 2.5 1944-BOUND JUNGLE GIRL-2109123008,publisher not stated and not determinable from the series,https://www.hipcomic.com/listing/jungle-56-cgc-25-1944-bound-jungle-girl-2109123008/5617452
hipcomic (30).csv,19,11915221,comicage,500.00,CAD,Marvel Authentix Daredevil #1 CGC 9.8(Kevin Smith Story)W/COA,no publication year in the title,https://www.hipcomic.com/listing/marvel-authentix-daredevil-1-cgc-98kevin-smith-storyw-coa/11915221
hipcomic (30).csv,20,19410152,AtlantaClassicComics,999.99,USD,Algie # 1 CGC Graded 7.5 Timor Golden Age 1955 Comic Book Secret My Variant JH18,publisher not stated and not determinable from the series,https://www.hipcomic.com/listing/algie-1-cgc-graded-75-timor-golden-age-1955-comic-book-secret-my-variant-jh18/19410152
hipcomic (30).csv,21,21815818,AtlantaClassicComics,337.50,USD,Walt Disney's Comics & Stories # 91 CGC Graded 6.0 Dell Comic Book 1948 JH43,publisher not stated and not determinable from the series,https://www.hipcomic.com/listing/walt-disneys-comics-stories-91-cgc-graded-60-dell-comic-book-1948-jh43/21815818
hipcomic (30).csv,22,15485564,rdbeard,1525.00,USD,"BATMAN #78 - CGC-6.0, OW-W - 1st Roh Kar, 1st lawman of Mars - Golden Age",no publication year in the title,https://www.hipcomic.com/listing/batman-78-cgc-60-ow-w-1st-roh-kar-1st-lawman-of-mars-golden-age/15485564
hipcomic (30).csv,23,20910426,AtlantaClassicComics,624.99,USD,Amazing Spider-Man 301 CGC Graded 9.2 Marvel Comic Book Newsstand McFarlane JH31,no publication year in the title,https://www.hipcomic.com/listing/amazing-spider-man-301-cgc-graded-92-marvel-comic-book-newsstand-mcfarlane-jh31/20910426
hipcomic (30).csv,24,20026388,anthonyscomicbookart,549.88,USD,Cosmic Ghost Rider #1 CGC (9.8) Signed & Sketched by Lucio Parrillo - 2018,signed or conserved book without a stated label type; publisher not stated and not determinable from the series,https://www.hipcomic.com/listing/cosmic-ghost-rider-1-cgc-98-signed-sketched-by-lucio-parrillo-2018/20026388
hipcomic (30).csv,26,20533400,AtlantaClassicComics,750.00,USD,Cry For Dawn # 1 CGC Graded 9.6 Comic Book 1st Dawn Appearance Linsner 1989 JH27,publisher not stated and not determinable from the series,https://www.hipcomic.com/listing/cry-for-dawn-1-cgc-graded-96-comic-book-1st-dawn-appearance-linsner-1989-jh27/20533400
hipcomic (30).csv,27,21839615,AtlantaClassicComics,168.75,USD,Amazing Spider-Man # 361 CGC Graded 9.2 Marvel Comic Book Venom Carnage JH44,no publication year in the title,https://www.hipcomic.com/listing/amazing-spider-man-361-cgc-graded-92-marvel-comic-book-venom-carnage-jh44/21839615
hipcomic (30).csv,28,10947331,comicage,800.00,CAD,Star Wars: Return Jedi (1983) # 1 (CGC 9.6 SS) Canadian CPV | Signed Sienkiewicz,publisher not stated and not determinable from the series,https://www.hipcomic.com/listing/star-wars-return-jedi-1983-1-cgc-96-ss-canadian-cpv-signed-sienkiewicz/10947331
hipcomic (30).csv,29,8831447,dtacollectibles,245.00,USD,DAREDEVIL #182 CGC 9.8-ELEKTRA-FRANK MILLER comic book 3826992018,publisher not stated and not determinable from the series; no publication year in the title,https://www.hipcomic.com/listing/daredevil-182-cgc-98-elektra-frank-miller-comic-book-3826992018/8831447
hipcomic (30).csv,30,15472351,ksoat,799.00,USD,Hot Rod and Speedway No. 1 Highest Rated CGC Certified Copy 1952,no numeric grade in the title; publisher not stated and not determinable from the series,https://www.hipcomic.com/listing/hot-rod-and-speedway-no-1-highest-rated-cgc-certified-copy-1952/15472351
hipcomic (30).csv,31,14833345,comicage,500.00,CAD,30th Anniversary Spawn (2022) # 1 (CGC 9.8 SS) Signed  Oezgen  * Ramos,publisher not stated and not determinable from the series,https://www.hipcomic.com/listing/30th-anniversary-spawn-2022-1-cgc-98-ss-signed-oezgen-ramos/14833345
hipcomic (30).csv,32,17207161,comicage,550.00,CAD,Something Is Killing The Children (2020) #7 (CGC 9.8) Signed Tynion * Dell'edera,signed or conserved book without a stated label type,https://www.hipcomic.com/listing/something-is-killing-the-children-2020-7-cgc-98-signed-tynion-delledera/17207161
hipcomic (30).csv,33,5617446,dtacollectibles,490.00,USD,Marines in Battle #19 CGC 7.0 1957- Atlas Korean War comic 1571185020,publisher not stated and not determinable from the series,https://www.hipcomic.com/listing/marines-in-battle-19-cgc-70-1957-atlas-korean-war-comic-1571185020/5617446
hipcomic (30).csv,35,19157706,anthonyscomicbookart,599.95,USD,Lady Death: Necrotic Genesis #1 - Violet Metal Var. AP5 COA - CGC 9.8 - 2022,publisher not stated and not determinable from the series,https://www.hipcomic.com/listing/lady-death-necrotic-genesis-1-violet-metal-var-ap5-coa-cgc-98-2022/19157706
hipcomic (30).csv,38,15499191,comicage,1000.00,CAD,Little Shop Of Horrors (1987) # 1 (CGC 9.4 WP)  Canadian Price Variants CPV,publisher not stated and not determinable from the series,https://www.hipcomic.com/listing/little-shop-of-horrors-1987-1-cgc-94-wp-canadian-price-variants-cpv/15499191
hipcomic (30).csv,39,15046062,dtacollectibles,455.00,USD,Little Eva #1-CGC 7.5 Highest Graded Copy -Southern States Collection 1197194010,publisher not stated and not determinable from the series; no publication year in the title,https://www.hipcomic.com/listing/little-eva-1-cgc-75-highest-graded-copy-southern-states-collection-1197194010/15046062
hipcomic (30).csv,43,17221231,comicage,550.00,CAD,30th Anniversary Spawn (2022) # 1 (CGC 9.4 SS) Signed & Sketch Idris Ducret,publisher not stated and not determinable from the series,https://www.hipcomic.com/listing/30th-anniversary-spawn-2022-1-cgc-94-ss-signed-sketch-idris-ducret/17221231
hipcomic (30).csv,44,10239954,comicage,650.00,CAD,Groo (1985) # 1 (CGC 9.6 WP) Canadian Price Variants CPV | Census 4,publisher not stated and not determinable from the series,https://www.hipcomic.com/listing/groo-1985-1-cgc-96-wp-canadian-price-variants-cpv-census-4/10239954
hipcomic (30).csv,46,17691585,comicage,650.00,CAD,X-Men:Facsimile Edition (2024) # 130 (CGC 9.8) Signed Chris Claremont * Census=1,signed or conserved book without a stated label type,https://www.hipcomic.com/listing/x-menfacsimile-edition-2024-130-cgc-98-signed-chris-claremont-census1/17691585
hipcomic (30).csv,47,10239961,comicage,487.50,CAD,Ghost Rider Director (2005) # 1 (CGC SS 9.8) Signed By Clayton Crain | Census=6,publisher not stated and not determinable from the series,https://www.hipcomic.com/listing/ghost-rider-director-2005-1-cgc-ss-98-signed-by-clayton-crain-census6/10239961
hipcomic (30).csv,48,15452027,dtacollectibles,385.00,USD,Forbidden Worlds #144 CGC 9.4 1967- 1st Little Green Man-2039575014,publisher not stated and not determinable from the series,https://www.hipcomic.com/listing/forbidden-worlds-144-cgc-94-1967-1st-little-green-man-2039575014/15452027
hipcomic (30).csv,49,13246667,dtacollectibles,224.00,USD,FIRESTORM #24 CGC 9.8 1st Blue Devil DC 4254920025,no publication year in the title,https://www.hipcomic.com/listing/firestorm-24-cgc-98-1st-blue-devil-dc-4254920025/13246667
hipcomic (31).csv,2,17394521,AtlantaClassicComics,324.99,USD,Uncanny X-Men # 135 CGC Graded 9.2 Marvel Comic Book Dark Phoenix Wolverine JH10,no publication year in the title,https://www.hipcomic.com/listing/uncanny-x-men-135-cgc-graded-92-marvel-comic-book-dark-phoenix-wolverine-jh10/17394521
hipcomic (31).csv,8,17359382,comicage,1050.00,CAD,Joker : Man Who Stopped Laughing (2022) #1 (CGC 9.9)  Signed Sketch Idris Durcet,signed or conserved book without a stated label type; publisher not stated and not determinable from the series,https://www.hipcomic.com/listing/joker-man-who-stopped-laughing-2022-1-cgc-99-signed-sketch-idris-durcet/17359382
hipcomic (31).csv,10,12652605,comicage,1000.00,CAD,Cloak And Dagger (1983) # 1 (CGC 9.6 SS WP) Canadian Price CPV | Sketch Leonardi,publisher not stated and not determinable from the series,https://www.hipcomic.com/listing/cloak-and-dagger-1983-1-cgc-96-ss-wp-canadian-price-cpv-sketch-leonardi/12652605
hipcomic (31).csv,11,14021051,AtlantaClassicComics,599.99,USD,Modern Comics # 66 CGC Graded FN- 5.5 Comic Book Blackhawk Military Comic JH6,publisher not stated and not determinable from the series; no publication year in the title,https://www.hipcomic.com/listing/modern-comics-66-cgc-graded-fn-55-comic-book-blackhawk-military-comic-jh6/14021051
hipcomic (31).csv,15,17691118,comicage,1050.00,CAD,Uncanny X-Men#166 (CGC 9.6) Signed Claremont  * Census =1 Canadian Price Variant,signed or conserved book without a stated label type; no publication year in the title,https://www.hipcomic.com/listing/uncanny-x-men166-cgc-96-signed-claremont-census-1-canadian-price-variant/17691118
hipcomic (31).csv,16,10238759,comicage,250.00,CAD,Amazing Spider-Man  #346 (CGC 9.6) Venom App,no publication year in the title,https://www.hipcomic.com/listing/amazing-spider-man-346-cgc-96-venom-app/10238759
hipcomic (31).csv,17,21839625,AtlantaClassicComics,299.99,USD,The Walking Dead # 8 CGC Graded 9.8 Image Comic Book Rare 2nd Print JH44,no publication year in the title,https://www.hipcomic.com/listing/the-walking-dead-8-cgc-graded-98-image-comic-book-rare-2nd-print-jh44/21839625
hipcomic (31).csv,20,19937492,comicage,758.00,CAD,All New Captain America (2015) # 1 (CGC 9.4 SS) Sketch Scott Lobdell * Trump,publisher not stated and not determinable from the series,https://www.hipcomic.com/listing/all-new-captain-america-2015-1-cgc-94-ss-sketch-scott-lobdell-trump/19937492
hipcomic (31).csv,22,21815861,AtlantaClassicComics,375.00,USD,Doctor Strange # 169 CGC Graded 6.0 Marvel Comic Book 1st Solo & Origin JH43,no publication year in the title,https://www.hipcomic.com/listing/doctor-strange-169-cgc-graded-60-marvel-comic-book-1st-solo-origin-jh43/21815861
hipcomic (31).csv,23,19592058,AtlantaClassicComics,399.99,USD,Strange Tales # 169 CGC Graded 7.0 Marvel Comic Book 1st Brother Voodoo JH10,no publication year in the title,https://www.hipcomic.com/listing/strange-tales-169-cgc-graded-70-marvel-comic-book-1st-brother-voodoo-jh10/19592058
hipcomic (31).csv,27,12677939,comicage,600.00,CAD,Spider-Man Marvel Tales (1984) # 171 (CGC 9.8 WP) Canadian Price variant CPV,publisher not stated and not determinable from the series,https://www.hipcomic.com/listing/spider-man-marvel-tales-1984-171-cgc-98-wp-canadian-price-variant-cpv/12677939
hipcomic (31).csv,30,12720924,comicage,750.00,CAD,Batman & the Joker Deadly Duo (2023) # 2 (CGC 9.8 SS)  Signed Sketch Sinclair,publisher not stated and not determinable from the series,https://www.hipcomic.com/listing/batman-the-joker-deadly-duo-2023-2-cgc-98-ss-signed-sketch-sinclair/12720924
hipcomic (31).csv,32,12677448,comicage,400.00,CAD,Captain Canuck (2015) # 1 (CGC SS) signed & sketch Richard Comely,no numeric grade in the title; publisher not stated and not determinable from the series,https://www.hipcomic.com/listing/captain-canuck-2015-1-cgc-ss-signed-sketch-richard-comely/12677448
hipcomic (31).csv,33,12157953,comicage,250.00,CAD,Thief Of Thieves ( CGC 9.6 ) # 1 |   Cosmicspro Edition,publisher not stated and not determinable from the series; no publication year in the title,https://www.hipcomic.com/listing/thief-of-thieves-cgc-96-1-cosmicspro-edition/12157953
hipcomic (31).csv,34,20377855,comicage,600.00,CAD,Captain America (1989) # 354 (CGC 9.8) Signed & Sketch Al Milgrom,signed or conserved book without a stated label type,https://www.hipcomic.com/listing/captain-america-1989-354-cgc-98-signed-sketch-al-milgrom/20377855
hipcomic (31).csv,35,14792187,ksoat,299.00,USD,Three Ring Comics #1 CGC 3.5 March 1945,publisher not stated and not determinable from the series,https://www.hipcomic.com/listing/three-ring-comics-1-cgc-35-march-1945/14792187
hipcomic (31).csv,36,12677936,comicage,600.00,CAD,Spider-Man Marvel Tales (1984) # 175 (CGC 9.8 WP) Canadian Price variant CPV,publisher not stated and not determinable from the series,https://www.hipcomic.com/listing/spider-man-marvel-tales-1984-175-cgc-98-wp-canadian-price-variant-cpv/12677936
hipcomic (31).csv,37,15841875,dtacollectibles,273.00,USD,Eternal Warrior #4 CGC 9.8 First appearance of BLOODSHOT 2085316018,publisher not stated and not determinable from the series; no publication year in the title,https://www.hipcomic.com/listing/eternal-warrior-4-cgc-98-first-appearance-of-bloodshot-2085316018/15841875
hipcomic (31).csv,45,16505465,comicage,750.00,CAD,Amazing Spider-Man : Facsimile Edition (2023) # 129 (CGC 9.8SS) Signed Tim Vigil,signed or conserved book without a stated label type,https://www.hipcomic.com/listing/amazing-spider-man-facsimile-edition-2023-129-cgc-98ss-signed-tim-vigil/16505465
hipcomic (31).csv,47,21441459,AtlantaClassicComics,574.99,USD,Detective Comics # 880 CGC Graded 9.4 DC Comic Book Jock Joker Classic Covr JH40,no publication year in the title,https://www.hipcomic.com/listing/detective-comics-880-cgc-graded-94-dc-comic-book-jock-joker-classic-covr-jh40/21441459
hipcomic (31).csv,49,21237639,comicage,650.00,CAD,30th Anniversary Spawn (2022) # 1 (CGC 9.8 SS) Signed & Sketch Idris Ducret,publisher not stated and not determinable from the series,https://www.hipcomic.com/listing/30th-anniversary-spawn-2022-1-cgc-98-ss-signed-sketch-idris-ducret/21237639
hipcomic (32).csv,6,19973753,comicage,600.00,CAD,Amazing Spider-Man (1992) # 365 (CGC 9.8) Signed  Mark Bagley  * 1st App,signed or conserved book without a stated label type,https://www.hipcomic.com/listing/amazing-spider-man-1992-365-cgc-98-signed-mark-bagley-1st-app/19973753
hipcomic (32).csv,7,17847813,rdbeard,695.00,USD,"JUNGLE J0 #1 - CGC-7.0, OW-W - Fox - Wood - Feed Store - Golden Age",publisher not stated and not determinable from the series; no publication year in the title,https://www.hipcomic.com/listing/jungle-j0-1-cgc-70-ow-w-fox-wood-feed-store-golden-age/17847813
hipcomic (32).csv,11,14908149,AtlantaClassicComics,400.00,USD,Spider-Verse # 1 CGC Graded 9.8 Marvel Comic Book VARIANT Signed Rodriguez JH7,signed or conserved book without a stated label type; no publication year in the title,https://www.hipcomic.com/listing/spider-verse-1-cgc-graded-98-marvel-comic-book-variant-signed-rodriguez-jh7/14908149
hipcomic (32).csv,12,8854498,dtacollectibles,210.00,USD,Super-Villain Classics #1 CGC 9.6-Galactus origin issue 3809694019,publisher not stated and not determinable from the series; no publication year in the title,https://www.hipcomic.com/listing/super-villain-classics-1-cgc-96-galactus-origin-issue-3809694019/8854498
hipcomic (32).csv,15,7569341,dtacollectibles,294.00,USD,AMAZING SPIDER-MAN ANNUAL #16 CGC 9.2 1st Monica Rambeau 3810015001,no publication year in the title,https://www.hipcomic.com/listing/amazing-spider-man-annual-16-cgc-92-1st-monica-rambeau-3810015001/7569341
hipcomic (32).csv,18,15485933,rdbeard,525.00,USD,"SPACE PATROL #2 - CGC-6.5, OW-W - Krigstein - TV show - Golden Age",publisher not stated and not determinable from the series; no publication year in the title,https://www.hipcomic.com/listing/space-patrol-2-cgc-65-ow-w-krigstein-tv-show-golden-age/15485933
hipcomic (32).csv,21,19096735,papercinema,675.00,USD,ATOMIC ATTACK # 7 CGC 7.5 ATOM BOMB EXPLOSION 2006305003,publisher not stated and not determinable from the series; no publication year in the title,https://www.hipcomic.com/listing/atomic-attack-7-cgc-75-atom-bomb-explosion-2006305003/19096735
hipcomic (32).csv,23,21442185,comicage,350.00,CAD,Blood Hunt (2024) # 1 (CGC 9.8) Signed Jed Mackay,signed or conserved book without a stated label type,https://www.hipcomic.com/listing/blood-hunt-2024-1-cgc-98-signed-jed-mackay/21442185
hipcomic (32).csv,24,15487453,rdbeard,750.00,USD,"LARS OF MARS #11 - CGC-6.5, OW - Ziff-Davis - Classic cover - Golden Age",no publication year in the title,https://www.hipcomic.com/listing/lars-of-mars-11-cgc-65-ow-ziff-davis-classic-cover-golden-age/15487453
hipcomic (32).csv,25,17847820,rdbeard,665.00,USD,"POWERHOUSE PEPPER COMICS #5 - CGC-6.0, OW-W - Timely - Wolverton -  Golden Age",no publication year in the title,https://www.hipcomic.com/listing/powerhouse-pepper-comics-5-cgc-60-ow-w-timely-wolverton-golden-age/17847820
hipcomic (32).csv,31,14345571,comicage,700.00,CAD,Spider-Man (2023) #7 (CGC 9.8) Signed Ramos • Second Printing / Variant Cover,signed or conserved book without a stated label type,https://www.hipcomic.com/listing/spider-man-2023-7-cgc-98-signed-ramos-o-second-printing-variant-cover/14345571
hipcomic (32).csv,32,17339765,comicage,800.00,CAD,Silver Surfer Rebirth  (2022) # 1 (CGC 9.8 SS) Signed Alex Maleev * census = 9,publisher not stated and not determinable from the series,https://www.hipcomic.com/listing/silver-surfer-rebirth-2022-1-cgc-98-ss-signed-alex-maleev-census-9/17339765
hipcomic (32).csv,33,15486580,rdbeard,470.00,USD,"VIC TORRY AND HIS FLYING SAUCER - CGC-6.5, OW-W - Golden Age",no issue number in the title; publisher not stated and not determinable from the series; no publication year in the title,https://www.hipcomic.com/listing/vic-torry-and-his-flying-saucer-cgc-65-ow-w-golden-age/15486580
hipcomic (32).csv,34,10483559,comicage,500.00,CAD,Power Girl (2009) # 1 (CGC 9.4 SS) Signed Palmiotti & Sketch Conner,publisher not stated and not determinable from the series,https://www.hipcomic.com/listing/power-girl-2009-1-cgc-94-ss-signed-palmiotti-sketch-conner/10483559
hipcomic (32).csv,36,18350514,rdbeard,485.00,USD,"BAFFLING MYSTERIES #24 - CGC-7.0, OW  - Ace - 5th highest graded - Golden Age",publisher not stated and not determinable from the series; no publication year in the title,https://www.hipcomic.com/listing/baffling-mysteries-24-cgc-70-ow-ace-5th-highest-graded-golden-age/18350514
hipcomic (32).csv,39,2835199,dtacollectibles,245.00,USD,PREACHER #13-CGC 9.6-1996-WP-HUNTERS-GARTH ENNIS/STEVE DILLON 0228274001,no publication year in the title,https://www.hipcomic.com/listing/preacher-13-cgc-96-1996-wp-hunters-garth-ennis-steve-dillon-0228274001/2835199
hipcomic (32).csv,40,10704778,comicage,1000.00,CAD,Spectacular Spider-man Annual (1984) # 4 (CGC 9.8 SS) Signed Al Milgrom Ironcat,publisher not stated and not determinable from the series,https://www.hipcomic.com/listing/spectacular-spider-man-annual-1984-4-cgc-98-ss-signed-al-milgrom-ironcat/10704778
hipcomic (32).csv,42,9164213,dtacollectibles,273.00,USD,Star Wars The Return of the Jedi #1-1983 CGC 9.8 - 3826017002,lot or multi-issue set; publisher not stated and not determinable from the series; no publication year in the title,https://www.hipcomic.com/listing/star-wars-the-return-of-the-jedi-1-1983-cgc-98-3826017002/9164213
hipcomic (32).csv,43,21542317,shauk786,599.99,USD,AOC ALEXANDRIA OCASIO-CORTEZ FRESHMAN FORCE #1 FOIL VIRGIN VARIANT CGC 9.8 SS.,publisher not stated and not determinable from the series; no publication year in the title,https://www.hipcomic.com/listing/aoc-alexandria-ocasio-cortez-freshman-force-1-foil-virgin-variant-cgc-98-ss/21542317
hipcomic (32).csv,44,20726934,comicage,750.00,CAD,Absolute Batman Annual (2025) # 1 (CGC 9.8 SS) 1:25 Signed Daniel Warren +Snyder,publisher not stated and not determinable from the series,https://www.hipcomic.com/listing/absolute-batman-annual-2025-1-cgc-98-ss-125-signed-daniel-warren-snyder/20726934
hipcomic (33).csv,2,14398693,comicage,1000.00,CAD,Marvel Super-Heroes #v2 (1992) (CGC 9.6SS) Signed Sam De La Rosa • Erik Larsen,no issue number in the title; signed or conserved book without a stated label type,https://www.hipcomic.com/listing/marvel-super-heroes-v2-1992-cgc-96ss-signed-sam-de-la-rosa-o-erik-larsen/14398693
hipcomic (33).csv,3,17478429,comicage,650.00,CAD,Teenage Mutant Ninja (2024) # 1 (CGC SS 9.8) Signed Aaron * Eastmen * Jones,publisher not stated and not determinable from the series,https://www.hipcomic.com/listing/teenage-mutant-ninja-2024-1-cgc-ss-98-signed-aaron-eastmen-jones/17478429
hipcomic (33).csv,8,20193194,Subz100,1210.00,USD,"Shirtless Bear Fighter 2 (2017), Rare Skottie Young 1:15 Variant, CGC Graded 9.8",publisher not stated and not determinable from the series,https://www.hipcomic.com/listing/shirtless-bear-fighter-2-2017-rare-skottie-young-115-variant-cgc-graded-98/20193194
hipcomic (33).csv,9,21059728,rdbeard,1150.00,USD,"MORE FUN COMICS #91 - CGC-7.5, OW-W - Spectre - Dr Fate - Aquaman - Golden Age",no publication year in the title,https://www.hipcomic.com/listing/more-fun-comics-91-cgc-75-ow-w-spectre-dr-fate-aquaman-golden-age/21059728
hipcomic (33).csv,10,5026268,dtacollectibles,490.00,USD,BLADE Sins of the Father Theatrical Preview #1 CGC 9.6 VERY RARE 2041560001,publisher not stated and not determinable from the series; no publication year in the title,https://www.hipcomic.com/listing/blade-sins-of-the-father-theatrical-preview-1-cgc-96-very-rare-2041560001/5026268
hipcomic (33).csv,11,16928914,comicage,650.00,CAD,Moon Knight : first of Konshu (2024) # 1 (CGC 9.8) Signed Jed Makay * Census = 4,signed or conserved book without a stated label type; publisher not stated and not determinable from the series,https://www.hipcomic.com/listing/moon-knight-first-of-konshu-2024-1-cgc-98-signed-jed-makay-census-4/16928914
hipcomic (33).csv,12,11706380,dtacollectibles,175.00,USD,DAREDEVIL #186 CGC 9.8-MARVEL comic book 4080875022,no publication year in the title,https://www.hipcomic.com/listing/daredevil-186-cgc-98-marvel-comic-book-4080875022/11706380
hipcomic (33).csv,13,20242361,comicage,700.00,CAD,Venom The Enemy Within (1994) # 1 (CGC 9.8 SS) Signed & Sketch Bob Mcleod,publisher not stated and not determinable from the series,https://www.hipcomic.com/listing/venom-the-enemy-within-1994-1-cgc-98-ss-signed-sketch-bob-mcleod/20242361
hipcomic (33).csv,16,12931473,dtacollectibles,301.00,USD,What If #10 CGC 9.6-1978-JANE FOSTER BECOMES THOR - Marvel 4253450021,no publication year in the title,https://www.hipcomic.com/listing/what-if-10-cgc-96-1978-jane-foster-becomes-thor-marvel-4253450021/12931473
hipcomic (33).csv,19,21738906,shauk786,499.99,USD,FAME:SATOSHI TAJIRI “DRAGON CHU/PIKACHU’’ COLOR SPLASH SPOT FOIL VIRGIN CGC 10.0,no issue number in the title; publisher not stated and not determinable from the series; no publication year in the title,https://www.hipcomic.com/listing/famesatoshi-tajiri-dragon-chu-pikachu-color-splash-spot-foil-virgin-cgc-100/21738906
hipcomic (33).csv,20,19096019,papercinema,1950.00,USD,Jackpot Comics #1 CGC 3.5-1941-Rare FIRST issue-Black Hood-Steel Sterling-206...,publisher not stated and not determinable from the series; no publication year in the title,https://www.hipcomic.com/listing/jackpot-comics-1-cgc-35-1941-rare-first-issue-black-hood-steel-sterling-206/19096019
hipcomic (33).csv,22,17847794,rdbeard,715.00,USD,"STRANGE TERRORS #7 - CGC-7.0, OW - Pre-code horror - Kubert - Golden Age",publisher not stated and not determinable from the series; no publication year in the title,https://www.hipcomic.com/listing/strange-terrors-7-cgc-70-ow-pre-code-horror-kubert-golden-age/17847794
hipcomic (33).csv,25,21442276,comicage,250.00,CAD,Absolute Batman Annual (2025) # 1 (CGC 9.8) Daniel Warren Johnson,publisher not stated and not determinable from the series,https://www.hipcomic.com/listing/absolute-batman-annual-2025-1-cgc-98-daniel-warren-johnson/21442276
hipcomic (33).csv,27,19097263,papercinema,910.00,USD,Fantastic Four #36 // CGC 7.0 // First Medusa Frightful Four // MARVEL // 374...,no publication year in the title,https://www.hipcomic.com/listing/fantastic-four-36-cgc-70-first-medusa-frightful-four-marvel-374/19097263
hipcomic (33).csv,28,8555363,dtacollectibles,455.00,USD,MENS ADVENTURES #17 CGC 6.5 1952-Korean War-Atlas War 3811331014,publisher not stated and not determinable from the series,https://www.hipcomic.com/listing/mens-adventures-17-cgc-65-1952-korean-war-atlas-war-3811331014/8555363
hipcomic (33).csv,29,18120544,rdbeard,1000.00,USD,"RULAH JUNGLE GODDESS #17 (#1) - CGC-6.0, OW-W - Fox - Kamen cover - Golden Age",publisher not stated and not determinable from the series; no publication year in the title,https://www.hipcomic.com/listing/rulah-jungle-goddess-17-1-cgc-60-ow-w-fox-kamen-cover-golden-age/18120544
hipcomic (33).csv,30,15670606,dtacollectibles,630.00,USD,SCOOTER COMICS #1 CGC 5.5-Obscure Canadian Teen comic-GGA-RARE 2134029014,publisher not stated and not determinable from the series; no publication year in the title,https://www.hipcomic.com/listing/scooter-comics-1-cgc-55-obscure-canadian-teen-comic-gga-rare-2134029014/15670606
hipcomic (33).csv,31,19095215,papercinema,1425.00,USD,Haunted Thrills #1 CGC 5.0 1952-Pre-code Horror-Cross dressing-Vampires 20916...,publisher not stated and not determinable from the series,https://www.hipcomic.com/listing/haunted-thrills-1-cgc-50-1952-pre-code-horror-cross-dressing-vampires-20916/19095215
hipcomic (33).csv,33,19157677,anthonyscomicbookart,499.95,USD,Lady Death: Majestic #1 - Signed Basaldua & Pulido/Gold Metal  - CGC 9.8 - 2022,signed or conserved book without a stated label type; publisher not stated and not determinable from the series,https://www.hipcomic.com/listing/lady-death-majestic-1-signed-basaldua-pulido-gold-metal-cgc-98-2022/19157677
hipcomic (33).csv,34,10483554,comicage,500.00,CAD,Daredevil #v2 (2000) # 10 (CGC 9.6 SS WP) Origin Echo | Signed Sketch Palmiotti,publisher not stated and not determinable from the series,https://www.hipcomic.com/listing/daredevil-v2-2000-10-cgc-96-ss-wp-origin-echo-signed-sketch-palmiotti/10483554
hipcomic (33).csv,35,19434310,comicage,700.00,CAD,BRZRKR (2021) # 1 (CGC 9.8 SS) Signed & Sketch Tim Vigil * Image Comics * Boom,more than one publisher named in the title,https://www.hipcomic.com/listing/brzrkr-2021-1-cgc-98-ss-signed-sketch-tim-vigil-image-comics-boom/19434310
hipcomic (33).csv,36,19576825,comicage,550.00,CAD,Stray Toasters (1988) # 3 (CGC 9.8 SS) Signed Bill SIENKIEWICS * Census = 5,publisher not stated and not determinable from the series,https://www.hipcomic.com/listing/stray-toasters-1988-3-cgc-98-ss-signed-bill-sienkiewics-census-5/19576825
hipcomic (33).csv,37,10401987,comicage,1000.00,CAD,Crisis On The Infinite Earths (1985) # 1 (CGC 9.6 WP SS) CPV | Signed Wolfman,publisher not stated and not determinable from the series,https://www.hipcomic.com/listing/crisis-on-the-infinite-earths-1985-1-cgc-96-wp-ss-cpv-signed-wolfman/10401987
hipcomic (33).csv,39,19096689,papercinema,520.00,USD,Alter Ego #8  1965 -  -CGC 9.0 - Comic Book-3809677010,publisher not stated and not determinable from the series,https://www.hipcomic.com/listing/alter-ego-8-1965-cgc-90-comic-book-3809677010/19096689
hipcomic (33).csv,48,21860701,anthonyscomicbookart,69.95,USD,Transformers: Generation 1 #1 - Pat Lee Holofoil Wrap Variant (CGC 9.8) 2002,publisher not stated and not determinable from the series,https://www.hipcomic.com/listing/transformers-generation-1-1-pat-lee-holofoil-wrap-variant-cgc-98-2002/21860701
hipcomic (34).csv,2,16833582,comicage,650.00,CAD,30th Anniversary Spawn (2022) # 1 (CGC 9.8 SS) Signed & Sketch Idris Ducret,publisher not stated and not determinable from the series,https://www.hipcomic.com/listing/30th-anniversary-spawn-2022-1-cgc-98-ss-signed-sketch-idris-ducret/16833582
hipcomic (34).csv,6,15669434,dtacollectibles,210.00,USD,Sweethearts #137 CGC 7.5 1973- RARE LAST ISSUE 2044942001,publisher not stated and not determinable from the series,https://www.hipcomic.com/listing/sweethearts-137-cgc-75-1973-rare-last-issue-2044942001/15669434
hipcomic (34).csv,7,3535328,dtacollectibles,350.00,USD,FANTASY ILLUSTRATED #4 CGC 9.0  JEFF JONES - BILL DUBAY 0790835003,publisher not stated and not determinable from the series; no publication year in the title,https://www.hipcomic.com/listing/fantasy-illustrated-4-cgc-90-jeff-jones-bill-dubay-0790835003/3535328
hipcomic (34).csv,8,17339755,comicage,650.00,CAD,Predator VS Wolverine (2024) # 3 (CGC 9.8) Signed Sketch Cory Smith * Census = 1,signed or conserved book without a stated label type,https://www.hipcomic.com/listing/predator-vs-wolverine-2024-3-cgc-98-signed-sketch-cory-smith-census-1/17339755
hipcomic (34).csv,9,20006470,comicage,600.00,CAD,Dracula Blood Hunt (2024) # 1 (CGC 9.8 SS) Signed & Sketch Hugh Rookwood,publisher not stated and not determinable from the series,https://www.hipcomic.com/listing/dracula-blood-hunt-2024-1-cgc-98-ss-signed-sketch-hugh-rookwood/20006470
hipcomic (34).csv,11,19410174,AtlantaClassicComics,274.99,USD,(Uncanny) X-Men # 44 CGC Graded 6.5 Marvel Comic Book Red Raven JH18,no publication year in the title,https://www.hipcomic.com/listing/uncanny-x-men-44-cgc-graded-65-marvel-comic-book-red-raven-jh18/19410174
hipcomic (34).csv,13,18854269,AtlantaClassicComics,299.99,USD,DC Comics Presents # 26 CGC 6.5 Comic Book 1st Teen Titans Raven Cyborg JH16,no publication year in the title,https://www.hipcomic.com/listing/dc-comics-presents-26-cgc-65-comic-book-1st-teen-titans-raven-cyborg-jh16/18854269
hipcomic (34).csv,14,10703283,comicage,300.00,CAD,Captain America (1989) # 354 (CGC 9.4) Signed & Sketch Al Milgrom,signed or conserved book without a stated label type,https://www.hipcomic.com/listing/captain-america-1989-354-cgc-94-signed-sketch-al-milgrom/10703283
hipcomic (34).csv,15,12867905,comicage,550.00,CAD,Classic Illustrated (1950) # 33 (CGC 6.0) HRN 67 Sherlock Holmes • Canadian,publisher not stated and not determinable from the series,https://www.hipcomic.com/listing/classic-illustrated-1950-33-cgc-60-hrn-67-sherlock-holmes-o-canadian/12867905
hipcomic (34).csv,20,15670516,dtacollectibles,805.00,USD,Hedy of Hollywood #39 CGC 6.0-1950-Good Girl Art-Spicy art-3767999020,publisher not stated and not determinable from the series; no publication year in the title,https://www.hipcomic.com/listing/hedy-of-hollywood-39-cgc-60-1950-good-girl-art-spicy-art-3767999020/15670516
hipcomic (34).csv,22,8831443,dtacollectibles,560.00,USD,Alter Ego #8 CGC 9.0 1965- Fanzine fandom- Blackhawk- Biljo White 3809677010,publisher not stated and not determinable from the series,https://www.hipcomic.com/listing/alter-ego-8-cgc-90-1965-fanzine-fandom-blackhawk-biljo-white-3809677010/8831443
hipcomic (34).csv,26,10874771,dtacollectibles,560.00,USD,Special Marvel Edition #15 CGC 7.0 white 1st Shang-Chi Master of Kung Fu 2120...,no publication year in the title,https://www.hipcomic.com/listing/special-marvel-edition-15-cgc-70-white-1st-shang-chi-master-of-kung-fu-2120/10874771
hipcomic (34).csv,27,16524407,comicage,600.00,CAD,Lady Death :Steven Hughes (2000) #1 (CGC 9.8) Signed Pulido * Census =2,signed or conserved book without a stated label type; publisher not stated and not determinable from the series,https://www.hipcomic.com/listing/lady-death-steven-hughes-2000-1-cgc-98-signed-pulido-census-2/16524407
hipcomic (34).csv,30,10226589,comicage,400.00,CAD,Champions (2016) # 1 (CGC SS 9.8) Signed By Artgem & Ramos,publisher not stated and not determinable from the series,https://www.hipcomic.com/listing/champions-2016-1-cgc-ss-98-signed-by-artgem-ramos/10226589
hipcomic (34).csv,32,6118053,dtacollectibles,665.00,USD,BATTLE FRONT #18 CGC 7.5-Dick Ayers-Violent Atlas War Comic 1954 3712147023,publisher not stated and not determinable from the series,https://www.hipcomic.com/listing/battle-front-18-cgc-75-dick-ayers-violent-atlas-war-comic-1954-3712147023/6118053
hipcomic (34).csv,33,21839626,AtlantaClassicComics,224.99,USD,The Walking Dead # 27 CGC Graded 9.6 Image Comic Book 1st Governor Appear JH44,no publication year in the title,https://www.hipcomic.com/listing/the-walking-dead-27-cgc-graded-96-image-comic-book-1st-governor-appear-jh44/21839626
hipcomic (34).csv,38,18368302,rdbeard,460.00,USD,"MYSTERY IN SPACE #7 - CGC-7.0, OW-W  - DC - Golden Age",no publication year in the title,https://www.hipcomic.com/listing/mystery-in-space-7-cgc-70-ow-w-dc-golden-age/18368302
hipcomic (34).csv,42,2665933,dtacollectibles,343.00,USD,DENNIS THE MENACE AND HIS PAL JOEY #1-CGC 8.0-SOUTHERN STATES - 1197124010,publisher not stated and not determinable from the series; no publication year in the title,https://www.hipcomic.com/listing/dennis-the-menace-and-his-pal-joey-1-cgc-80-southern-states-1197124010/2665933
hipcomic (34).csv,43,15158773,anthonyscomicbookart,399.88,USD,Teenage Mutant Ninja Turtles Adventures #4 (CGC 9.8) White Pages - 1989,publisher not stated and not determinable from the series,https://www.hipcomic.com/listing/teenage-mutant-ninja-turtles-adventures-4-cgc-98-white-pages-1989/15158773
hipcomic (34).csv,44,10240432,comicage,750.00,CAD,Venom Carnage (2004) # 1 (CGC SS 9.8 WP) 1st App Toxin | Signed By Clayton Crain,publisher not stated and not determinable from the series,https://www.hipcomic.com/listing/venom-carnage-2004-1-cgc-ss-98-wp-1st-app-toxin-signed-by-clayton-crain/10240432
hipcomic (34).csv,49,15472305,ksoat,699.00,USD,Hot Rod and Speedway No 5 Highest Rated CGC Certified Copy  1953,no numeric grade in the title; publisher not stated and not determinable from the series,https://www.hipcomic.com/listing/hot-rod-and-speedway-no-5-highest-rated-cgc-certified-copy-1953/15472305
hipcomic (35).csv,2,20242367,comicage,500.00,CAD,Danger Girl (1998) # 1 (CGC 9.8 SS) | 1st App Danger • Signed J Scott Campbell,publisher not stated and not determinable from the series,https://www.hipcomic.com/listing/danger-girl-1998-1-cgc-98-ss-1st-app-danger-o-signed-j-scott-campbell/20242367
hipcomic (35).csv,5,19434283,comicage,700.00,CAD,Universal Monsters Frankenstein (2024) #1 (CGC 9.8 SS) Signed & Sketch Tim Vigil,publisher not stated and not determinable from the series,https://www.hipcomic.com/listing/universal-monsters-frankenstein-2024-1-cgc-98-ss-signed-sketch-tim-vigil/19434283
hipcomic (35).csv,7,7060248,dtacollectibles,175.00,USD,AMAZING SPIDER-MAN #360 CGC 9.6 First Carnage MARVEL 1993024007,no publication year in the title,https://www.hipcomic.com/listing/amazing-spider-man-360-cgc-96-first-carnage-marvel-1993024007/7060248
hipcomic (35).csv,10,11146102,comicage,1000.00,CAD,Ball and Chain (1999) #1 (CGC 9.8 SS) Signed & Sketch Scott Lobdell Optioned,publisher not stated and not determinable from the series,https://www.hipcomic.com/listing/ball-and-chain-1999-1-cgc-98-ss-signed-sketch-scott-lobdell-optioned/11146102
hipcomic (35).csv,13,21734252,anthonyscomicbookart,399.95,USD,Mickey Mouse #69 - Paul Murry Cover / Carl Fallberg Story (CGC 8.5) 1960,publisher not stated and not determinable from the series,https://www.hipcomic.com/listing/mickey-mouse-69-paul-murry-cover-carl-fallberg-story-cgc-85-1960/21734252
hipcomic (35).csv,16,17355227,comicage,700.00,CAD,Deadly Neighborhood Spider-Man # 1 (CGC 9.8) Signed Bill Sienkiewicz * Census=1,signed or conserved book without a stated label type; publisher not stated and not determinable from the series; no publication year in the title,https://www.hipcomic.com/listing/deadly-neighborhood-spider-man-1-cgc-98-signed-bill-sienkiewicz-census1/17355227
hipcomic (35).csv,17,21815825,AtlantaClassicComics,337.50,USD,Walt Disney's Comics & Stories # 73 CGC Graded 5.5 Dell Comic Book 1946 JH43,publisher not stated and not determinable from the series,https://www.hipcomic.com/listing/walt-disneys-comics-stories-73-cgc-graded-55-dell-comic-book-1946-jh43/21815825
hipcomic (35).csv,20,20924093,rdbeard,140.00,USD,"HERCULES UNBOUND #1 - CGC-9.6, WP - Wood",publisher not stated and not determinable from the series; no publication year in the title,https://www.hipcomic.com/listing/hercules-unbound-1-cgc-96-wp-wood/20924093
hipcomic (35).csv,25,15797204,comicage,750.00,CAD,Faust  (1992) #v2 #3 ( CGC 9.8 SS) Signed & Sketch Tim Vigil Northstar Census =2,publisher not stated and not determinable from the series,https://www.hipcomic.com/listing/faust-1992-v2-3-cgc-98-ss-signed-sketch-tim-vigil-northstar-census-2/15797204
hipcomic (35).csv,28,10239416,comicage,400.00,CAD,Elektra: Assassin (1986) # 1 (CGC 9.8 WP) Frank Miller |Bill Sienkiewicz Cover,publisher not stated and not determinable from the series,https://www.hipcomic.com/listing/elektra-assassin-1986-1-cgc-98-wp-frank-miller-bill-sienkiewicz-cover/10239416
hipcomic (35).csv,30,15219496,comicage,1000.00,CAD,Book of Slaughter (2022) # 1 (CGC 9.9 SS) Signed Dell'edera * James Tynion IV,publisher not stated and not determinable from the series,https://www.hipcomic.com/listing/book-of-slaughter-2022-1-cgc-99-ss-signed-delledera-james-tynion-iv/15219496
hipcomic (35).csv,32,15487596,rdbeard,325.00,USD,"JUNGLE J0 nn - CGC-5.5, WP - Fox - Golden Age",no issue number in the title; publisher not stated and not determinable from the series; no publication year in the title,https://www.hipcomic.com/listing/jungle-j0-nn-cgc-55-wp-fox-golden-age/15487596
hipcomic (35).csv,33,10947332,comicage,600.00,CAD,Star Wars: Return Jedi (1983) # 1 (CGC 9.4 SS) Canadian CPV | Signed Sienkiewicz,publisher not stated and not determinable from the series,https://www.hipcomic.com/listing/star-wars-return-jedi-1983-1-cgc-94-ss-canadian-cpv-signed-sienkiewicz/10947332
hipcomic (35).csv,34,14142807,comicage,1200.00,CAD,Marvel Super-Heroes #v2 (1992) (CGC 9.8 SS) Signed Sam De La Rosa • Erik Larsen,no issue number in the title,https://www.hipcomic.com/listing/marvel-super-heroes-v2-1992-cgc-98-ss-signed-sam-de-la-rosa-o-erik-larsen/14142807
hipcomic (35).csv,35,21815846,AtlantaClassicComics,337.50,USD,Walt Disney's Comics & Stories # 122 CGC Graded 7.0 Dell Comic Book 1950 JH43,publisher not stated and not determinable from the series,https://www.hipcomic.com/listing/walt-disneys-comics-stories-122-cgc-graded-70-dell-comic-book-1950-jh43/21815846
hipcomic (35).csv,37,19763942,AtlantaClassicComics,499.99,USD,Superman's Pal Jimmy Olsen # 134 CGC Graded 6.0 DC Comic Book 1st Darkseid JH21,no publication year in the title,https://www.hipcomic.com/listing/supermans-pal-jimmy-olsen-134-cgc-graded-60-dc-comic-book-1st-darkseid-jh21/19763942
hipcomic (35).csv,38,12813933,comicage,500.00,CAD,Batman (1988) # 421 (CGC 9.6 WP)  Signed Sketch (Batman) Jerry Bingham,signed or conserved book without a stated label type,https://www.hipcomic.com/listing/batman-1988-421-cgc-96-wp-signed-sketch-batman-jerry-bingham/12813933
hipcomic (35).csv,43,20160235,comicage,500.00,CAD,Deathlok (2014) # 1 (CGC 9.8 SS) Sketch Scott Lobdell • Trump Cover,publisher not stated and not determinable from the series,https://www.hipcomic.com/listing/deathlok-2014-1-cgc-98-ss-sketch-scott-lobdell-o-trump-cover/20160235
hipcomic (35).csv,45,15543651,anthonyscomicbookart,799.64,USD,Archie's Madhouse #1 (CGC 6.0) 1st Issue - 2 On Census In 6.0 - 1959,publisher not stated and not determinable from the series,https://www.hipcomic.com/listing/archies-madhouse-1-cgc-60-1st-issue-2-on-census-in-60-1959/15543651
hipcomic (35).csv,47,20938831,papercinema,1000.00,USD,"Sports Illustrated SEP 1, 1958 CGC 8.0 -FLOYD PATTERSON-HIGHEST-4509593003",publisher not stated and not determinable from the series,https://www.hipcomic.com/listing/sports-illustrated-sep-1-1958-cgc-80-floyd-patterson-highest-4509593003/20938831
hipcomic (36).csv,3,12720917,comicage,750.00,CAD,Detective Comics Batman (2023) # 1067 (CGC 9.8 SS)  Signed Alex Sinclair 1:50,publisher not stated and not determinable from the series,https://www.hipcomic.com/listing/detective-comics-batman-2023-1067-cgc-98-ss-signed-alex-sinclair-150/12720917
hipcomic (36).csv,4,13603874,comicage,750.00,CAD,30th Anniversary Spawn (2022) # 1 (CGC 9.8 SS WP) Signed & Sketch Carlo Barberi,publisher not stated and not determinable from the series,https://www.hipcomic.com/listing/30th-anniversary-spawn-2022-1-cgc-98-ss-wp-signed-sketch-carlo-barberi/13603874
hipcomic (36).csv,5,21147956,rdbeard,625.00,USD,"SPIRIT #18 - CGC-7.0, OW-W - Quality - Eisner - Silk Satin - Golden Age",no publication year in the title,https://www.hipcomic.com/listing/spirit-18-cgc-70-ow-w-quality-eisner-silk-satin-golden-age/21147956
hipcomic (36).csv,8,10240149,comicage,1000.00,CAD,G.I. Joe Yearbook  (1985) # 1 (CGC 9.6 WP SS) Signed By Michael Golden CPV,publisher not stated and not determinable from the series,https://www.hipcomic.com/listing/gi-joe-yearbook-1985-1-cgc-96-wp-ss-signed-by-michael-golden-cpv/10240149
hipcomic (36).csv,10,18701086,rdbeard,425.00,USD,"JUNGLE COMICS #106 - CGC-6.5, OW - Baker - Bondage cover - Golden Age",no publication year in the title,https://www.hipcomic.com/listing/jungle-comics-106-cgc-65-ow-baker-bondage-cover-golden-age/18701086
hipcomic (36).csv,11,6209347,dtacollectibles,315.00,USD,Amazing Spider-Man #252 Finnish Edition CGC 3.0 signed by Ron Frenz 0182584003,signed or conserved book without a stated label type; no publication year in the title,https://www.hipcomic.com/listing/amazing-spider-man-252-finnish-edition-cgc-30-signed-by-ron-frenz-0182584003/6209347
hipcomic (36).csv,12,15219487,comicage,1000.00,CAD,Book of Slaughter (2022) # 1 (CGC 9.9 SS) Signed Dell'edera * James Tynion IV,publisher not stated and not determinable from the series,https://www.hipcomic.com/listing/book-of-slaughter-2022-1-cgc-99-ss-signed-delledera-james-tynion-iv/15219487
hipcomic (36).csv,13,19421278,shauk786,999.99,USD,Spawn's Universe #1 Four Covers Set A-D Signed By J Scott Campbell CGC 9.8 SS,publisher not stated and not determinable from the series; no publication year in the title,https://www.hipcomic.com/listing/spawns-universe-1-four-covers-set-a-d-signed-by-j-scott-campbell-cgc-98-ss/19421278
hipcomic (36).csv,15,19588970,comicage,750.00,CAD,Mark Spears Monsters (2025) # 6 (CGC 9.8 SS) Signed & Sketch Tim Vigil * Variant,publisher not stated and not determinable from the series,https://www.hipcomic.com/listing/mark-spears-monsters-2025-6-cgc-98-ss-signed-sketch-tim-vigil-variant/19588970
hipcomic (36).csv,16,13603880,comicage,750.00,CAD,30th Anniversary Spawn (2022) # 1 (CGC 9.8 SS WP) Signed & Sketch Carlo Barberi,publisher not stated and not determinable from the series,https://www.hipcomic.com/listing/30th-anniversary-spawn-2022-1-cgc-98-ss-wp-signed-sketch-carlo-barberi/13603880
hipcomic (36).csv,20,14016744,comicage,1000.00,CAD,Uncanny X - Men (1989) #248 (CGC 9.8 SS) Signed Jim Lee•Chris Claremont,publisher not stated and not determinable from the series,https://www.hipcomic.com/listing/uncanny-x-men-1989-248-cgc-98-ss-signed-jim-leeochris-claremont/14016744
hipcomic (36).csv,24,21899599,comicage,1000.00,CAD,Amazing Spider-Man (1988) # 308 (CGC 9.8 WP) Signed Full Todd Mcfarlane • C=12,signed or conserved book without a stated label type,https://www.hipcomic.com/listing/amazing-spider-man-1988-308-cgc-98-wp-signed-full-todd-mcfarlane-o-c12/21899599
hipcomic (36).csv,25,14070812,comicage,600.00,CAD,Hardware (1993) # 1 (CGC 9.8 SS WP) Signed (Cowan) & Sketch (Palmiotti),publisher not stated and not determinable from the series,https://www.hipcomic.com/listing/hardware-1993-1-cgc-98-ss-wp-signed-cowan-sketch-palmiotti/14070812
hipcomic (36).csv,29,15351386,comicage,650.00,CAD,The Hood (2002) # 1 (CGC 9.8) MCU Ironheart 1st App Parker Robbins (Hood),publisher not stated and not determinable from the series,https://www.hipcomic.com/listing/the-hood-2002-1-cgc-98-mcu-ironheart-1st-app-parker-robbins-hood/15351386
hipcomic (36).csv,30,10238680,comicage,250.00,CAD,I Am Batman  (2021) #0  (CGC 9.8 WP),publisher not stated and not determinable from the series,https://www.hipcomic.com/listing/i-am-batman-2021-0-cgc-98-wp/10238680
hipcomic (36).csv,33,10238878,comicage,250.00,CAD,JLA  / Avengers (2003) # 3 (CGC 9.8 WP) George Perez,publisher not stated and not determinable from the series,https://www.hipcomic.com/listing/jla-avengers-2003-3-cgc-98-wp-george-perez/10238878
hipcomic (36).csv,36,4610164,dtacollectibles,168.00,USD,Personality Classics #2 CGC 9.6  Marilyn Monroe issue!  1997006001,publisher not stated and not determinable from the series; no publication year in the title,https://www.hipcomic.com/listing/personality-classics-2-cgc-96-marilyn-monroe-issue-1997006001/4610164
hipcomic (36).csv,38,17943744,comicage,500.00,CAD,West Coast Avengers #1 (CGC SS 9.6) CPV Signed By Al Milgrom!!,no publication year in the title,https://www.hipcomic.com/listing/west-coast-avengers-1-cgc-ss-96-cpv-signed-by-al-milgrom/17943744
hipcomic (36).csv,42,10239643,comicage,300.00,CAD,Clans Of Belari #1 (CGC 9.8) (2021) Variant Cover,publisher not stated and not determinable from the series,https://www.hipcomic.com/listing/clans-of-belari-1-cgc-98-2021-variant-cover/10239643
hipcomic (36).csv,44,10238872,comicage,250.00,CAD,Rust (1992) # 1 (CGC 9.4 WP) Early Spawn Advertising,publisher not stated and not determinable from the series,https://www.hipcomic.com/listing/rust-1992-1-cgc-94-wp-early-spawn-advertising/10238872
hipcomic (36).csv,45,15453330,dtacollectibles,210.00,USD,AVENGERS #189 CGC 9.8-COMIC BOOK-Hawkeye-comic book-4393772009,no publication year in the title,https://www.hipcomic.com/listing/avengers-189-cgc-98-comic-book-hawkeye-comic-book-4393772009/15453330
hipcomic (36).csv,46,20246169,comicage,500.00,CAD,Justice League International (1988) # 19 (CGC 9.8 SS) Signed Kevin Maguire,publisher not stated and not determinable from the series,https://www.hipcomic.com/listing/justice-league-international-1988-19-cgc-98-ss-signed-kevin-maguire/20246169
hipcomic (36).csv,48,19423622,shauk786,299.99,USD,GUN HONEY #4 WILL JACK VIRGIN VARIANT CGC 9.8 GORGEOUS SLAB WHITE PAGES.,publisher not stated and not determinable from the series; no publication year in the title,https://www.hipcomic.com/listing/gun-honey-4-will-jack-virgin-variant-cgc-98-gorgeous-slab-white-pages/19423622
hipcomic (37).csv,4,21815841,AtlantaClassicComics,337.50,USD,Walt Disney's Comics & Stories # 71 CGC Graded 4.5 Dell Comic Book 1946 JH43,publisher not stated and not determinable from the series,https://www.hipcomic.com/listing/walt-disneys-comics-stories-71-cgc-graded-45-dell-comic-book-1946-jh43/21815841
hipcomic (37).csv,5,15487366,rdbeard,355.00,USD,"ADVENTURE COMICS #173- CGC-6.5, OW-W - Superboy - Aquaman - Golden Age",no publication year in the title,https://www.hipcomic.com/listing/adventure-comics-173-cgc-65-ow-w-superboy-aquaman-golden-age/15487366
hipcomic (37).csv,6,19410136,AtlantaClassicComics,299.99,USD,Captain America # 111 CGC Graded 6.0 Marvel Comic Book Steranko Cover JH18,no publication year in the title,https://www.hipcomic.com/listing/captain-america-111-cgc-graded-60-marvel-comic-book-steranko-cover-jh18/19410136
hipcomic (37).csv,7,15349577,comicage,750.00,CAD,Faust 777 : The Wrath  (1998) # 0 ( CGC 9.9) Signed & Sketch Tim Vigil * Avatar,signed or conserved book without a stated label type; publisher not stated and not determinable from the series,https://www.hipcomic.com/listing/faust-777-the-wrath-1998-0-cgc-99-signed-sketch-tim-vigil-avatar/15349577
hipcomic (37).csv,11,19576827,comicage,550.00,CAD,Stray Toasters (1988) # 2 (CGC 9.8 SS) Signed Bill SIENKIEWICS * Census = 5,publisher not stated and not determinable from the series,https://www.hipcomic.com/listing/stray-toasters-1988-2-cgc-98-ss-signed-bill-sienkiewics-census-5/19576827
hipcomic (37).csv,13,19096305,papercinema,474.50,USD,Moon Knight #25 CGC 9.8 // 1ST BLACK SPECTRE // comic book // 3961792011,no publication year in the title,https://www.hipcomic.com/listing/moon-knight-25-cgc-98-1st-black-spectre-comic-book-3961792011/19096305
hipcomic (37).csv,15,10240131,comicage,700.00,CAD,Amazing Spider-Man Annual #16 CPV (CGC SS 9.2) Signed By John Romita Jr!!,no publication year in the title,https://www.hipcomic.com/listing/amazing-spider-man-annual-16-cpv-cgc-ss-92-signed-by-john-romita-jr/10240131
hipcomic (37).csv,16,10238379,comicage,225.00,CAD,Sinister War # 1 (CGC 9.8)  Frank Variant Cover,no publication year in the title,https://www.hipcomic.com/listing/sinister-war-1-cgc-98-frank-variant-cover/10238379
hipcomic (37).csv,17,19095685,papercinema,585.00,USD,Haunted Thrills #4 CGC 5.0 1952-Pre-code Horror-3898195009,publisher not stated and not determinable from the series,https://www.hipcomic.com/listing/haunted-thrills-4-cgc-50-1952-pre-code-horror-3898195009/19095685
hipcomic (37).csv,19,17207119,comicage,550.00,CAD,Something Is Killing The Children (2024) #38(CGC 9.8) Signed Tynion * Dell'edera,signed or conserved book without a stated label type,https://www.hipcomic.com/listing/something-is-killing-the-children-2024-38cgc-98-signed-tynion-delledera/17207119
hipcomic (37).csv,21,15670964,dtacollectibles,259.00,USD,FANTASTIC FOUR #214 CGC 9.8 Marvel comic book-1980-38799110,no publication year in the title,https://www.hipcomic.com/listing/fantastic-four-214-cgc-98-marvel-comic-book-1980-38799110/15670964
hipcomic (37).csv,22,19096107,papercinema,845.00,USD,Mysterious Adventures #22  1954 - Story -CGC 7.0 - Comic Book-2025567011,publisher not stated and not determinable from the series,https://www.hipcomic.com/listing/mysterious-adventures-22-1954-story-cgc-70-comic-book-2025567011/19096107
hipcomic (37).csv,25,10402537,comicage,400.00,CAD,Deadpool Kills Marvel Universe # 1 (CGC 8.0 SS) Signed & Sketch Dave Johnson,publisher not stated and not determinable from the series; no publication year in the title,https://www.hipcomic.com/listing/deadpool-kills-marvel-universe-1-cgc-80-ss-signed-sketch-dave-johnson/10402537
hipcomic (37).csv,28,19936877,comicage,600.00,CAD,Faust (2012) # 15 (CGC 9.6 SS) Signed & Sketch Tim Vigil * Census Higher = 2,publisher not stated and not determinable from the series,https://www.hipcomic.com/listing/faust-2012-15-cgc-96-ss-signed-sketch-tim-vigil-census-higher-2/19936877
hipcomic (37).csv,32,19097520,papercinema,1012.50,USD,Jo-Jo Comics #12 CGC 6.5 1948- Great headlight cover 2112107015,publisher not stated and not determinable from the series,https://www.hipcomic.com/listing/jo-jo-comics-12-cgc-65-1948-great-headlight-cover-2112107015/19097520
hipcomic (37).csv,33,17207124,comicage,550.00,CAD,Something Is Killing The Children (2024) #38(CGC 9.8) Signed Tynion * Dell'edera,signed or conserved book without a stated label type,https://www.hipcomic.com/listing/something-is-killing-the-children-2024-38cgc-98-signed-tynion-delledera/17207124
hipcomic (37).csv,34,15485479,rdbeard,615.00,USD,"RULAH JUNGLE GODDESS #18 (#2) - CGC-6.0, OW-W - Fox - Kamen cover - Golden Age",publisher not stated and not determinable from the series; no publication year in the title,https://www.hipcomic.com/listing/rulah-jungle-goddess-18-2-cgc-60-ow-w-fox-kamen-cover-golden-age/15485479
hipcomic (37).csv,38,10239627,comicage,370.00,CAD,Wonder Girl #1 (CGC SS 9.8) Signed By J. Scott Campbell!!,no publication year in the title,https://www.hipcomic.com/listing/wonder-girl-1-cgc-ss-98-signed-by-j-scott-campbell/10239627
hipcomic (37).csv,39,15472308,ksoat,699.00,USD,Hot Rod and Speedway No 4 Highest Rated CGC Certified Copy 1953,no numeric grade in the title; publisher not stated and not determinable from the series,https://www.hipcomic.com/listing/hot-rod-and-speedway-no-4-highest-rated-cgc-certified-copy-1953/15472308
hipcomic (37).csv,40,20754555,RandyPierce3,1000.00,USD,INVINCIBLE #1 CGC 9.9 HTF SS SIGNED Lipwei Chang Foil Exclusive MegaCon Variant,no publication year in the title,https://www.hipcomic.com/listing/invincible-1-cgc-99-htf-ss-signed-lipwei-chang-foil-exclusive-megacon-variant/20754555
hipcomic (37).csv,43,20150330,comicage,300.00,CAD,Daredevil Yellow  (2001) # 1 (CGC 9.4) Signed Jeph Loeb,signed or conserved book without a stated label type; publisher not stated and not determinable from the series,https://www.hipcomic.com/listing/daredevil-yellow-2001-1-cgc-94-signed-jeph-loeb/20150330
hipcomic (37).csv,49,19253056,papercinema,585.00,USD,Scooter #1  1946 - Bell Features -CGC 5.5 - Comic Book-2134029014,publisher not stated and not determinable from the series,https://www.hipcomic.com/listing/scooter-1-1946-bell-features-cgc-55-comic-book-2134029014/19253056
hipcomic (38).csv,2,10239788,comicage,600.00,CAD,Secret Wars II #1 CPV (CGC SS 9.6) Signed By Al Milgrom!!,no publication year in the title,https://www.hipcomic.com/listing/secret-wars-ii-1-cpv-cgc-ss-96-signed-by-al-milgrom/10239788
hipcomic (38).csv,3,20475933,comicage,850.00,CAD,X-Men (1991) # 1 (CGC 9.8) Signed By Jim Lee * Chris Claremont * Scott Williams,signed or conserved book without a stated label type,https://www.hipcomic.com/listing/x-men-1991-1-cgc-98-signed-by-jim-lee-chris-claremont-scott-williams/20475933
hipcomic (38).csv,7,21815852,AtlantaClassicComics,337.50,USD,Walt Disney's Comics & Stories # 80 CGC Graded 6.5 Dell Comic Book May 1947 JH43,publisher not stated and not determinable from the series,https://www.hipcomic.com/listing/walt-disneys-comics-stories-80-cgc-graded-65-dell-comic-book-may-1947-jh43/21815852
hipcomic (38).csv,8,10151506,Tmitchell5,300.00,USD,Teenage Mutant Ninja Turtles #95 CGC 9.8 signature series signed twice.,publisher not stated and not determinable from the series; no publication year in the title,https://www.hipcomic.com/listing/teenage-mutant-ninja-turtles-95-cgc-98-signature-series-signed-twice/10151506
hipcomic (38).csv,9,15486782,rdbeard,450.00,USD,"JUNGLE COMICS #83 - CGC-7.5, OW-W - Fiction House - Bondage cover! - Golden Age",no publication year in the title,https://www.hipcomic.com/listing/jungle-comics-83-cgc-75-ow-w-fiction-house-bondage-cover-golden-age/15486782
hipcomic (38).csv,11,21417658,AtlantaClassicComics,299.99,USD,What If ? # 105 CGC Graded 9.2 Marvel Comic Book 1st Spider-Girl Appearance JH39,no publication year in the title,https://www.hipcomic.com/listing/what-if-105-cgc-graded-92-marvel-comic-book-1st-spider-girl-appearance-jh39/21417658
hipcomic (38).csv,15,13524321,comicage,750.00,CAD,Daredevil #v2 (1999) # 9 (CGC 9.8 SS WP) Origin Echo | Signed Sketch Palmiotti,publisher not stated and not determinable from the series,https://www.hipcomic.com/listing/daredevil-v2-1999-9-cgc-98-ss-wp-origin-echo-signed-sketch-palmiotti/13524321
hipcomic (38).csv,16,15452147,dtacollectibles,168.00,USD,Comix International #5-CGC 9.0 -WARREN-RICHARD CORBEN 0207407006,publisher not stated and not determinable from the series; no publication year in the title,https://www.hipcomic.com/listing/comix-international-5-cgc-90-warren-richard-corben-0207407006/15452147
hipcomic (38).csv,19,21839617,AtlantaClassicComics,150.00,USD,Amazing Spider-Man # 362 CGC Graded 9.8 Marvel Comic Book Venom Carnage JH44,no publication year in the title,https://www.hipcomic.com/listing/amazing-spider-man-362-cgc-graded-98-marvel-comic-book-venom-carnage-jh44/21839617
hipcomic (38).csv,20,19496540,rdbeard,645.00,USD,"BILL BARNES COMICS #1 - CGC-6.5, CR-OW - Crowley - 3rd highest  - Golden Age",publisher not stated and not determinable from the series; no publication year in the title,https://www.hipcomic.com/listing/bill-barnes-comics-1-cgc-65-cr-ow-crowley-3rd-highest-golden-age/19496540
hipcomic (38).csv,22,14346134,comicage,500.00,CAD,30th Anniversary Spawn (2022) # 1 (CGC 9.8 SS) Signed & Sketch Jhonny Desjardins,publisher not stated and not determinable from the series,https://www.hipcomic.com/listing/30th-anniversary-spawn-2022-1-cgc-98-ss-signed-sketch-jhonny-desjardins/14346134
hipcomic (38).csv,27,21386757,rdbeard,345.00,USD,"ADVENTURE COMICS #194 - CGC-6.5, OW-W - Superboy - Aquaman - Golden Age",no publication year in the title,https://www.hipcomic.com/listing/adventure-comics-194-cgc-65-ow-w-superboy-aquaman-golden-age/21386757
hipcomic (38).csv,28,13302847,comicage,270.00,CAD,Wonder Girl #1 (CGC SS 9.8) Campbell Variant Cover,no publication year in the title,https://www.hipcomic.com/listing/wonder-girl-1-cgc-ss-98-campbell-variant-cover/13302847
hipcomic (38).csv,33,21816976,AtlantaClassicComics,149.99,USD,Howard The Duck Magazine # 7 CGC Graded 9.0 Marvel Comic Book Man-Thing JH6,no publication year in the title,https://www.hipcomic.com/listing/howard-the-duck-magazine-7-cgc-graded-90-marvel-comic-book-man-thing-jh6/21816976
hipcomic (38).csv,37,19762726,vintageexplosion,247.50,USD,GROO #3 CGC 9.8--1983--Pacific--comic book--4039468017,publisher not stated and not determinable from the series; no publication year in the title,https://www.hipcomic.com/listing/groo-3-cgc-98-1983-pacific-comic-book-4039468017/19762726
hipcomic (38).csv,38,13535648,comicage,600.00,CAD,X-Men Annual (1990) # 14 (CGC 9.8 WP) 1st Cameo Gambit • Signed Arthur Adams,signed or conserved book without a stated label type,https://www.hipcomic.com/listing/x-men-annual-1990-14-cgc-98-wp-1st-cameo-gambit-o-signed-arthur-adams/13535648
hipcomic (38).csv,41,15522802,rdbeard,650.00,USD,"WITCHES TALES #11 - CGC-7.5, OW-W - Harvey - Pre-code horror - Golden Age",no publication year in the title,https://www.hipcomic.com/listing/witches-tales-11-cgc-75-ow-w-harvey-pre-code-horror-golden-age/15522802
hipcomic (38).csv,42,18770375,AtlantaClassicComics,499.99,USD,Detective Comics # 416 CGC Graded 9.2 DC Comic Book Batman Robin Batgirl JH13,no publication year in the title,https://www.hipcomic.com/listing/detective-comics-416-cgc-graded-92-dc-comic-book-batman-robin-batgirl-jh13/18770375
hipcomic (38).csv,43,21815854,AtlantaClassicComics,337.50,USD,Batman # 200 CGC Graded 7.5 DC Comic Book Neal Adams Cover Origin Retold JH43,no publication year in the title,https://www.hipcomic.com/listing/batman-200-cgc-graded-75-dc-comic-book-neal-adams-cover-origin-retold-jh43/21815854
hipcomic (38).csv,45,17691555,comicage,550.00,CAD,Death Of Superman 30th Anniversary Special #1 (CGC 9.8) Signed Jim Lee Census=10,signed or conserved book without a stated label type; publisher not stated and not determinable from the series; no publication year in the title,https://www.hipcomic.com/listing/death-of-superman-30th-anniversary-special-1-cgc-98-signed-jim-lee-census10/17691555
hipcomic (38).csv,49,14033007,comicage,400.00,CAD,Iron First (1992) #14 (CGC 9.6 SS) Signed Chris Claremont,publisher not stated and not determinable from the series,https://www.hipcomic.com/listing/iron-first-1992-14-cgc-96-ss-signed-chris-claremont/14033007
hipcomic (39).csv,4,17688982,comicage,550.00,CAD,Predator : The Last Hunt (2024) # 1 (CGC 9.4) Signed Lucio Parrillo * Census =1,signed or conserved book without a stated label type; publisher not stated and not determinable from the series,https://www.hipcomic.com/listing/predator-the-last-hunt-2024-1-cgc-94-signed-lucio-parrillo-census-1/17688982
hipcomic (39).csv,6,15288178,comicage,300.00,CAD,Usagi Yojimbo Summer Special (1986) # 1 (CGC 9.4 WP) | Netflix,publisher not stated and not determinable from the series,https://www.hipcomic.com/listing/usagi-yojimbo-summer-special-1986-1-cgc-94-wp-netflix/15288178
hipcomic (39).csv,7,4573522,dtacollectibles,175.00,USD,Bloodshot #6 First appearance of  Ninjak CGC 9.8 Valiant 1993826012,no publication year in the title,https://www.hipcomic.com/listing/bloodshot-6-first-appearance-of-ninjak-cgc-98-valiant-1993826012/4573522
hipcomic (39).csv,8,15669601,dtacollectibles,210.00,USD,WONDER WOMAN #226-CGC 9.6-1976--comic book 4376334010,no publication year in the title,https://www.hipcomic.com/listing/wonder-woman-226-cgc-96-1976-comic-book-4376334010/15669601
hipcomic (39).csv,12,21633420,AtlantaClassicComics,274.99,USD,Detective Comics # 583 CGC Graded 9.6 DC Comic Book 1st Scarface JH42,no publication year in the title,https://www.hipcomic.com/listing/detective-comics-583-cgc-graded-96-dc-comic-book-1st-scarface-jh42/21633420
hipcomic (39).csv,14,16524424,comicage,600.00,CAD,Purgatori (2001) # 0 (CGC 9.8 SS) Signed Brian Pulido * Census = 1 *Chaos Comics,publisher not stated and not determinable from the series,https://www.hipcomic.com/listing/purgatori-2001-0-cgc-98-ss-signed-brian-pulido-census-1-chaos-comics/16524424
hipcomic (39).csv,16,21633426,AtlantaClassicComics,349.99,USD,Conan The Barbarian # 275 CGC Graded 9.4 Marvel Comic Book Last Issue JH42,no publication year in the title,https://www.hipcomic.com/listing/conan-the-barbarian-275-cgc-graded-94-marvel-comic-book-last-issue-jh42/21633426
hipcomic (39).csv,17,15706424,vintageexplosion,220.00,USD,Venom: Lethal Protector #1 CGC 9.8--MARVEL--COMIC BOOK--4023080024,no publication year in the title,https://www.hipcomic.com/listing/venom-lethal-protector-1-cgc-98-marvel-comic-book-4023080024/15706424
hipcomic (39).csv,18,15487518,rdbeard,625.00,USD,"SPACE WESTERN COMICS #41 (#2) - CGC-6.0, OW-W - Classic title! - Golden Age",publisher not stated and not determinable from the series; no publication year in the title,https://www.hipcomic.com/listing/space-western-comics-41-2-cgc-60-ow-w-classic-title-golden-age/15487518
hipcomic (39).csv,27,2667105,dtacollectibles,245.00,USD,BRAVE AND THE BOLD #200 CGC 9.6-First Katana-Suicide Squad- 0273024004,no publication year in the title,https://www.hipcomic.com/listing/brave-and-the-bold-200-cgc-96-first-katana-suicide-squad-0273024004/2667105
hipcomic (39).csv,28,8751011,dtacollectibles,175.00,USD,Venom: Sinner Takes All #3 CGC 9.4-1995-She-Venom 3803451007,publisher not stated and not determinable from the series; no publication year in the title,https://www.hipcomic.com/listing/venom-sinner-takes-all-3-cgc-94-1995-she-venom-3803451007/8751011
hipcomic (39).csv,29,17478441,comicage,800.00,CAD,Teenage Mutant Ninja #1 (CGC 9.8) Signed Gal*Aaron *Eastmen* Jones*Colored Vigil,signed or conserved book without a stated label type; publisher not stated and not determinable from the series; no publication year in the title,https://www.hipcomic.com/listing/teenage-mutant-ninja-1-cgc-98-signed-galaaron-eastmen-jonescolored-vigil/17478441
hipcomic (39).csv,31,10239606,comicage,350.00,CAD,All New Captain America #1 (CGC SS 9.8)  Signed By Skottie Young!!,publisher not stated and not determinable from the series; no publication year in the title,https://www.hipcomic.com/listing/all-new-captain-america-1-cgc-ss-98-signed-by-skottie-young/10239606
hipcomic (39).csv,34,20160826,comicage,408.00,CAD,Grayson (2014) # 1 (CGC 9.0 SS) Sketch Front Back Scott Lobdell,publisher not stated and not determinable from the series,https://www.hipcomic.com/listing/grayson-2014-1-cgc-90-ss-sketch-front-back-scott-lobdell/20160826
hipcomic (39).csv,36,17478423,comicage,650.00,CAD,Teenage Mutant Ninja (2024) # 1 (CGC SS 9.8) Signed Aaron * Eastmen * Jones *Gal,publisher not stated and not determinable from the series,https://www.hipcomic.com/listing/teenage-mutant-ninja-2024-1-cgc-ss-98-signed-aaron-eastmen-jones-gal/17478423
hipcomic (39).csv,40,10239549,comicage,350.00,CAD,X-Men Annual #14 (CGC SS 9.6) Signed By Arthur Adams!!,no publication year in the title,https://www.hipcomic.com/listing/x-men-annual-14-cgc-ss-96-signed-by-arthur-adams/10239549
hipcomic (39).csv,42,17748026,comicage,600.00,CAD,Dark Nights Death Metal # 1 (CGC 9.8 SS) Signed & Sketch Dave Johnson | Census=2,no publication year in the title,https://www.hipcomic.com/listing/dark-nights-death-metal-1-cgc-98-ss-signed-sketch-dave-johnson-census2/17748026
hipcomic (39).csv,43,10239717,comicage,400.00,CAD,Shazam! Special Edition (2018) #1 (CGC 9.8 WP) Census 2!!,publisher not stated and not determinable from the series,https://www.hipcomic.com/listing/shazam-special-edition-2018-1-cgc-98-wp-census-2/10239717
hipcomic (39).csv,44,14854706,comicage,500.00,CAD,Batman & The Joker : The Deadly Duo  (2023) #7 (CGC 9.8) Signed Meyers*Silvestri,signed or conserved book without a stated label type,https://www.hipcomic.com/listing/batman-the-joker-the-deadly-duo-2023-7-cgc-98-signed-meyerssilvestri/14854706
hipcomic (39).csv,46,17748053,comicage,500.00,CAD,Something Is Killing The Children (2023) #33 (CGC 9.8) Signed Dell'edera *Tynion,signed or conserved book without a stated label type,https://www.hipcomic.com/listing/something-is-killing-the-children-2023-33-cgc-98-signed-delledera-tynion/17748053
hipcomic (39).csv,48,20245986,comicage,125.00,CAD,Amazing Spider-Man Facsimilie (2022) # 121 (CGC 9.8) Foil Edition,publisher not stated and not determinable from the series,https://www.hipcomic.com/listing/amazing-spider-man-facsimilie-2022-121-cgc-98-foil-edition/20245986
hipcomic (40).csv,2,19523598,anthonyscomicbookart,499.95,USD,Absolute Carnage #5 - Signed Ryan Stegman & Donny Cates (CGC 9.8) 2020,signed or conserved book without a stated label type; publisher not stated and not determinable from the series,https://www.hipcomic.com/listing/absolute-carnage-5-signed-ryan-stegman-donny-cates-cgc-98-2020/19523598
hipcomic (40).csv,3,12867906,comicage,400.00,CAD,Classic Illustrated (1950) # 30 (CGC 6.5) HRN 70 The Moonstone,publisher not stated and not determinable from the series,https://www.hipcomic.com/listing/classic-illustrated-1950-30-cgc-65-hrn-70-the-moonstone/12867906
hipcomic (40).csv,7,20939798,RandyPierce3,500.00,USD,INVINCIBLE #1 CGC 9.9 MINT Lipwei Chang Foil Exclusive HTF MegaCon Variant,no publication year in the title,https://www.hipcomic.com/listing/invincible-1-cgc-99-mint-lipwei-chang-foil-exclusive-htf-megacon-variant/20939798
hipcomic (40).csv,10,10240183,comicage,650.00,CAD,New Mutants (1983) # 1 (CGC 9.8 WP) Signed & Sketch Bob McLeod | 2nd App NM,signed or conserved book without a stated label type,https://www.hipcomic.com/listing/new-mutants-1983-1-cgc-98-wp-signed-sketch-bob-mcleod-2nd-app-nm/10240183
hipcomic (40).csv,11,10412274,comicage,1500.00,CAD,"Y The Last Man (2002) 1-60 (NM/Mint) Complete Set # 1 ,2,3 CGC 9.4 9.6 Signed",lot or multi-issue set; more than one grade in the title; signed or conserved book without a stated label type; publisher not stated and not determinable from the series,https://www.hipcomic.com/listing/y-the-last-man-2002-1-60-nm-mint-complete-set-1-23-cgc-94-96-signed/10412274
hipcomic (40).csv,13,14440013,comicage,500.00,CAD,Batman/Superman:World's Finest (2023)#14 (CGC 9.8) Signed Dan Mora*Variant Cover,signed or conserved book without a stated label type; publisher not stated and not determinable from the series,https://www.hipcomic.com/listing/batman-supermanworlds-finest-202314-cgc-98-signed-dan-moravariant-cover/14440013
hipcomic (40).csv,20,5197400,dtacollectibles,350.00,USD,Vicky #4 CGC 7.5 1949-Ace-spicy female imagery-teen humor-2050850003,publisher not stated and not determinable from the series,https://www.hipcomic.com/listing/vicky-4-cgc-75-1949-ace-spicy-female-imagery-teen-humor-2050850003/5197400
hipcomic (40).csv,21,17512236,comicage,350.00,CAD,Deadpool & Wolverine WWIII  (2024) # 1 (CGC 9.4) Signed Gabriele Dell'otto * War,signed or conserved book without a stated label type,https://www.hipcomic.com/listing/deadpool-wolverine-wwiii-2024-1-cgc-94-signed-gabriele-dellotto-war/17512236
hipcomic (40).csv,24,19095786,papercinema,585.00,USD,Wambi Jungle Boy #1 CGC 2.0 // WEIRD MENACE // HEADLIGHTS // 2050380024,publisher not stated and not determinable from the series; no publication year in the title,https://www.hipcomic.com/listing/wambi-jungle-boy-1-cgc-20-weird-menace-headlights-2050380024/19095786
hipcomic (40).csv,25,10239722,comicage,400.00,CAD,Dark Age #1 (2021) (CGC 9.6SS) Signed By Stegmsn  ! Census 1!!,signed or conserved book without a stated label type; publisher not stated and not determinable from the series,https://www.hipcomic.com/listing/dark-age-1-2021-cgc-96ss-signed-by-stegmsn-census-1/10239722
hipcomic (40).csv,28,10238262,comicage,150.00,CAD,Venom # 35 (CGC 9.8) Bagley Variant Cover,no publication year in the title,https://www.hipcomic.com/listing/venom-35-cgc-98-bagley-variant-cover/10238262
hipcomic (40).csv,30,10240113,comicage,650.00,CAD,Terminator (1990) # 1 (CGC 9.6 WP) 1st Published Alex Ross Art ! Rare newsstand,publisher not stated and not determinable from the series,https://www.hipcomic.com/listing/terminator-1990-1-cgc-96-wp-1st-published-alex-ross-art-rare-newsstand/10240113
hipcomic (40).csv,31,19577009,comicage,750.00,CAD,Justice League Vs Godzilla Vs Kong 2(2025)#1 (CGC 9.8) Signed & Sketch Tim Vigil,signed or conserved book without a stated label type; publisher not stated and not determinable from the series,https://www.hipcomic.com/listing/justice-league-vs-godzilla-vs-kong-220251-cgc-98-signed-sketch-tim-vigil/19577009
hipcomic (40).csv,34,17674851,comicage,550.00,CAD,X-Men (1979) # 120 (CGC 70. SS) Signed Chris Claremont * Marvel Comics * Byrne,no numeric grade in the title,https://www.hipcomic.com/listing/x-men-1979-120-cgc-70-ss-signed-chris-claremont-marvel-comics-byrne/17674851
hipcomic (40).csv,41,18702086,anthonyscomicbookart,299.88,USD,Wilbur Comics #17 CGC (8.0) Al Fagaly Cover & Art - 1948,publisher not stated and not determinable from the series,https://www.hipcomic.com/listing/wilbur-comics-17-cgc-80-al-fagaly-cover-art-1948/18702086
hipcomic (40).csv,42,10478268,comicage,300.00,CAD,Daredevil #v2  (2000) #10  (CGC 9.6 WP) Origin Echo,publisher not stated and not determinable from the series,https://www.hipcomic.com/listing/daredevil-v2-2000-10-cgc-96-wp-origin-echo/10478268
hipcomic (40).csv,44,15669681,dtacollectibles,126.00,USD,Avengers #15 CGC 9.8 1st Jonathon Tremont 4330292012,no publication year in the title,https://www.hipcomic.com/listing/avengers-15-cgc-98-1st-jonathon-tremont-4330292012/15669681
hipcomic (40).csv,45,10238668,comicage,200.00,CAD,"Spawn #319 (CGC 9.8) Mcfarlane SketchCover, Census 11!",no publication year in the title,https://www.hipcomic.com/listing/spawn-319-cgc-98-mcfarlane-sketchcover-census-11/10238668
hipcomic (40).csv,46,20901266,AtlantaClassicComics,324.99,USD,Amazing Spider-Man # 298 CGC Graded 9.2 Marvel Comic Book Venom McFarlane JH29,no publication year in the title,https://www.hipcomic.com/listing/amazing-spider-man-298-cgc-graded-92-marvel-comic-book-venom-mcfarlane-jh29/20901266
hipcomic (40).csv,47,18826631,AtlantaClassicComics,374.99,USD,Captain America # 333 CGC Graded 9.8 Marvel Comic Book Johnny Walker JH14,no publication year in the title,https://www.hipcomic.com/listing/captain-america-333-cgc-graded-98-marvel-comic-book-johnny-walker-jh14/18826631
hipcomic (40).csv,48,12346250,comicage,500.00,CAD,Strange Tales Doctor Strange (1968) # 166 ( CGC 8.5 )Jim Steranko | Jim Lawrence,publisher not stated and not determinable from the series,https://www.hipcomic.com/listing/strange-tales-doctor-strange-1968-166-cgc-85-jim-steranko-jim-lawrence/12346250
hipcomic (41).csv,3,15288218,comicage,400.00,CAD,Batman Special #1 CPV(CGC 9.2) Signed By Michael Golden,signed or conserved book without a stated label type; no publication year in the title,https://www.hipcomic.com/listing/batman-special-1-cpvcgc-92-signed-by-michael-golden/15288218
hipcomic (41).csv,7,13593846,dtacollectibles,280.00,USD,Big Ass Comics #2 CGC 8.5 Robert Crumb underground comix 1297065004,publisher not stated and not determinable from the series; no publication year in the title,https://www.hipcomic.com/listing/big-ass-comics-2-cgc-85-robert-crumb-underground-comix-1297065004/13593846
hipcomic (41).csv,8,18770372,AtlantaClassicComics,624.99,USD,Detective Comics # 415 CGC Graded 9.4 DC Comic Book Batman Robin Batgirl JH13,no publication year in the title,https://www.hipcomic.com/listing/detective-comics-415-cgc-graded-94-dc-comic-book-batman-robin-batgirl-jh13/18770372
hipcomic (41).csv,15,15247448,comicage,500.00,CAD,Sandman universe:Nightmare Country-Glass House (2023 )#1 ( CGC 9.8)Signed Frison,signed or conserved book without a stated label type; publisher not stated and not determinable from the series,https://www.hipcomic.com/listing/sandman-universenightmare-country-glass-house-2023-1-cgc-98signed-frison/15247448
hipcomic (41).csv,16,21815813,AtlantaClassicComics,375.00,USD,Tales Of Suspense # 43 CGC Graded 4.0 Marvel Comic Book Iron Man 1st Kala JH43,no publication year in the title,https://www.hipcomic.com/listing/tales-of-suspense-43-cgc-graded-40-marvel-comic-book-iron-man-1st-kala-jh43/21815813
hipcomic (41).csv,17,18328019,comicage,700.00,CAD,Fantastic Four # 45 (CGC 5.5) Marvel Comics • Stan Lee • Jack Kirby •Joe Sinnott,no publication year in the title,https://www.hipcomic.com/listing/fantastic-four-45-cgc-55-marvel-comics-o-stan-lee-o-jack-kirby-ojoe-sinnott/18328019
hipcomic (41).csv,19,10237731,comicage,150.00,CAD,Batman / Judge Dredd  (1991) # NN (CGC 9.6),publisher not stated and not determinable from the series,https://www.hipcomic.com/listing/batman-judge-dredd-1991-nn-cgc-96/10237731
hipcomic (41).csv,20,17355266,comicage,550.00,CAD,Black Widow & Hawkeye (2024) #1 (9.8 CGC SS) Signed Brooks* Phillips * Census =2,publisher not stated and not determinable from the series,https://www.hipcomic.com/listing/black-widow-hawkeye-2024-1-98-cgc-ss-signed-brooks-phillips-census-2/17355266
hipcomic (41).csv,21,15253535,comicage,500.00,CAD,Something Is Killing The Children (2023) #31 (CGC 9.8) Signed Dell'edera *Tynion,signed or conserved book without a stated label type,https://www.hipcomic.com/listing/something-is-killing-the-children-2023-31-cgc-98-signed-delledera-tynion/15253535
hipcomic (41).csv,22,21815858,AtlantaClassicComics,337.50,USD,World's Finest Comics #198 CGC Graded 7.5 DC Comic Book Flash Superman Race JH43,no publication year in the title,https://www.hipcomic.com/listing/worlds-finest-comics-198-cgc-graded-75-dc-comic-book-flash-superman-race-jh43/21815858
hipcomic (41).csv,24,10240413,comicage,1000.00,CAD,Indiana Jones And The Temple Of Doom (1984) # 2 (CGC 9.8 WP) CPV Canadian Price,publisher not stated and not determinable from the series,https://www.hipcomic.com/listing/indiana-jones-and-the-temple-of-doom-1984-2-cgc-98-wp-cpv-canadian-price/10240413
hipcomic (41).csv,25,15670544,dtacollectibles,350.00,USD,MAD #22 CGC 5.5 1955-EC-Bill Elder-special art issue- 4067888001,publisher not stated and not determinable from the series,https://www.hipcomic.com/listing/mad-22-cgc-55-1955-ec-bill-elder-special-art-issue-4067888001/15670544
hipcomic (41).csv,30,21096591,Dave-pcs,720.00,USD,The Dead Who Walk 1952 Avon Classic Pre-code horror Book CGC 2.0,no issue number in the title,https://www.hipcomic.com/listing/the-dead-who-walk-1952-avon-classic-pre-code-horror-book-cgc-20/21096591
hipcomic (41).csv,31,13535646,comicage,500.00,CAD,X-Factor (1988) # 24 (CGC 9.8 WP) Signed Walt Simonson • 1st App Archangel,signed or conserved book without a stated label type,https://www.hipcomic.com/listing/x-factor-1988-24-cgc-98-wp-signed-walt-simonson-o-1st-app-archangel/13535646
hipcomic (41).csv,33,15669595,dtacollectibles,175.00,USD,Wolverines #3 CGC 9.8 1First FANTOMELLE and CULPEPPER.2001511012,publisher not stated and not determinable from the series; no publication year in the title,https://www.hipcomic.com/listing/wolverines-3-cgc-98-1first-fantomelle-and-culpepper2001511012/15669595
hipcomic (41).csv,34,10239148,comicage,400.00,CAD,RoBocop Vs Terminator (1992) # 1 (CGC 9.4)  Rare Platinum Edition Frank Miller,publisher not stated and not determinable from the series,https://www.hipcomic.com/listing/robocop-vs-terminator-1992-1-cgc-94-rare-platinum-edition-frank-miller/10239148
hipcomic (41).csv,35,20668149,anthonyscomicbookart,224.95,USD,Wolverine #4 - Signed Chris Claremont (CGC Qual 9.6) 1982,signed or conserved book without a stated label type,https://www.hipcomic.com/listing/wolverine-4-signed-chris-claremont-cgc-qual-96-1982/20668149
hipcomic (41).csv,36,19973761,comicage,800.00,CAD,Amazing Spider-Man (1992) # 365 (CGC 9.8) Signed & Sketch Mark Bagley  * 1st App,signed or conserved book without a stated label type,https://www.hipcomic.com/listing/amazing-spider-man-1992-365-cgc-98-signed-sketch-mark-bagley-1st-app/19973761
hipcomic (41).csv,37,15811349,comicage,500.00,CAD,Gargoyles (2022) # 1 (CGC 9.8) signed & Sketch Tony Fleecs * Forstner * Census=6,signed or conserved book without a stated label type,https://www.hipcomic.com/listing/gargoyles-2022-1-cgc-98-signed-sketch-tony-fleecs-forstner-census6/15811349
hipcomic (41).csv,39,19776199,papercinema,600.00,USD,Rulah Jungle Goddess #19 CGC 4.0 1948-GOOD GIRL ART- 2039517010,publisher not stated and not determinable from the series,https://www.hipcomic.com/listing/rulah-jungle-goddess-19-cgc-40-1948-good-girl-art-2039517010/19776199
hipcomic (41).csv,40,15670863,dtacollectibles,385.00,USD,SPECTACULAR SPIDER-MAN #13 CGC 9.8-1st RAZORBACK-Marvel comic book 3804842006,no publication year in the title,https://www.hipcomic.com/listing/spectacular-spider-man-13-cgc-98-1st-razorback-marvel-comic-book-3804842006/15670863
hipcomic (41).csv,43,20026399,anthonyscomicbookart,749.88,USD,"Detective Comics #1000 CGC (9.8) Signed & Sketch by Alan Quah, Steve Lydic - '19",signed or conserved book without a stated label type; no publication year in the title,https://www.hipcomic.com/listing/detective-comics-1000-cgc-98-signed-sketch-by-alan-quah-steve-lydic-19/20026399
hipcomic (41).csv,44,14831081,comicage,750.00,CAD,Prince And The New Power generation (1994)#nn ( CGC 9.8)Signed Sketch Rubinstein,signed or conserved book without a stated label type; publisher not stated and not determinable from the series,https://www.hipcomic.com/listing/prince-and-the-new-power-generation-1994nn-cgc-98signed-sketch-rubinstein/14831081
hipcomic (42).csv,3,14831087,comicage,800.00,CAD,Peacemaker Tries Hard  (2023) # 1 (CGC 9.9 SS) Signed Simone Di Meo * Variant,publisher not stated and not determinable from the series,https://www.hipcomic.com/listing/peacemaker-tries-hard-2023-1-cgc-99-ss-signed-simone-di-meo-variant/14831087
hipcomic (42).csv,4,21329277,AtlantaClassicComics,499.99,USD,Superman Adventures Special # 1 CGC Graed 9.2 DC Comic Book Vs. Lobo JH38,no publication year in the title,https://www.hipcomic.com/listing/superman-adventures-special-1-cgc-graed-92-dc-comic-book-vs-lobo-jh38/21329277
hipcomic (42).csv,7,19653097,papercinema,875.00,USD,"Sports Illustrated July 5, 1965 CGC 9.2 HIGHEST -Bill Talbert cover 4632777010",publisher not stated and not determinable from the series,https://www.hipcomic.com/listing/sports-illustrated-july-5-1965-cgc-92-highest-bill-talbert-cover-4632777010/19653097
hipcomic (42).csv,11,19096015,papercinema,650.00,USD,Popular Teen-Agers #19  1953 - Star -CGC 4.0 - Comic Book-0356169019,publisher not stated and not determinable from the series,https://www.hipcomic.com/listing/popular-teen-agers-19-1953-star-cgc-40-comic-book-0356169019/19096015
hipcomic (42).csv,12,14033002,comicage,600.00,CAD,Sovereign Seven (1995) #1 (CGC 9.8 SS) Signed Chris Claremont • Multi Pack Dcu,publisher not stated and not determinable from the series,https://www.hipcomic.com/listing/sovereign-seven-1995-1-cgc-98-ss-signed-chris-claremont-o-multi-pack-dcu/14033002
hipcomic (42).csv,13,18430985,rdbeard,625.00,USD,"JUNGLE J0 #1 - CGC-7.0, OW-W - Fox - Good girl art - Wood - Golden Age",publisher not stated and not determinable from the series; no publication year in the title,https://www.hipcomic.com/listing/jungle-j0-1-cgc-70-ow-w-fox-good-girl-art-wood-golden-age/18430985
hipcomic (42).csv,14,18358077,rdbeard,505.00,USD,"4 Most #4 - CGC-7.0, WP - Fish-in-the-Face cover -  Golden Age",publisher not stated and not determinable from the series; no publication year in the title,https://www.hipcomic.com/listing/4-most-4-cgc-70-wp-fish-in-the-face-cover-golden-age/18358077
hipcomic (42).csv,15,12666154,comicage,500.00,CAD,Spider-Man Keepsake Collection B&W Print  (1990) # 3 (CGC SS) Signed McFarlane,no numeric grade in the title; publisher not stated and not determinable from the series,https://www.hipcomic.com/listing/spider-man-keepsake-collection-bw-print-1990-3-cgc-ss-signed-mcfarlane/12666154
hipcomic (42).csv,16,10238273,comicage,150.00,CAD,Aliens: Aftermath #1 (CGC 9.8) Wachter Variant,publisher not stated and not determinable from the series; no publication year in the title,https://www.hipcomic.com/listing/aliens-aftermath-1-cgc-98-wachter-variant/10238273
hipcomic (42).csv,18,20910508,AtlantaClassicComics,299.99,USD,Wolverine # 88 CGC Graded 9.6 Marvel Comic Book X-Men Deadpool X-Men JH31,no publication year in the title,https://www.hipcomic.com/listing/wolverine-88-cgc-graded-96-marvel-comic-book-x-men-deadpool-x-men-jh31/20910508
hipcomic (42).csv,19,15246273,comicage,500.00,CAD,"Daredevil : Gang War (2024) # 1 (CGC 9.8 SS) Signed  Pablo ""Lobos"" Villalobos",publisher not stated and not determinable from the series,https://www.hipcomic.com/listing/daredevil-gang-war-2024-1-cgc-98-ss-signed-pablo-lobos-villalobos/15246273
hipcomic (42).csv,23,10239644,comicage,500.00,CAD,Naomi (2019) # 1 (CGC 9.8 WP) Convention Edition | Census=3 | Signed Bendis,signed or conserved book without a stated label type,https://www.hipcomic.com/listing/naomi-2019-1-cgc-98-wp-convention-edition-census3-signed-bendis/10239644
hipcomic (42).csv,26,14139896,comicage,400.00,CAD,Batman / Superman : World’s  Finest (2022) #1 (CGC 9.8) Signed Zdarsky Census =4,signed or conserved book without a stated label type; publisher not stated and not determinable from the series,https://www.hipcomic.com/listing/batman-superman-worlds-finest-2022-1-cgc-98-signed-zdarsky-census-4/14139896
hipcomic (42).csv,29,21302138,cpg22,189.99,USD,SUPERGIRL Cosplay CGC 9.8 *BNGRS Comics FULL/N VIRGIN FOIL VARIANT* LTD/10 RARE,no issue number in the title; publisher not stated and not determinable from the series; no publication year in the title,https://www.hipcomic.com/listing/supergirl-cosplay-cgc-98-bngrs-comics-full-n-virgin-foil-variant-ltd-10-rare/21302138
hipcomic (42).csv,31,16524433,comicage,600.00,CAD,Armageddon (1999) # 1 (CGC 9.8 SS) Signed Brian Pulido * Census = 1*Chaos Comics,publisher not stated and not determinable from the series,https://www.hipcomic.com/listing/armageddon-1999-1-cgc-98-ss-signed-brian-pulido-census-1chaos-comics/16524433
hipcomic (42).csv,33,12263368,comicage,800.00,CAD,Strange (2022)  # 1 ( CGC 9.8 SS ) 1:200 Signed Jed Mackay •Stanely “Artgerm”Lau,publisher not stated and not determinable from the series,https://www.hipcomic.com/listing/strange-2022-1-cgc-98-ss-1200-signed-jed-mackay-ostanely-artgermlau/12263368
hipcomic (42).csv,34,17667509,comicage,550.00,CAD,Avengers (2023)  # 1 ( CGC 9.8) Signed  Marco Checchetto*Marvel Comics *Census=2,signed or conserved book without a stated label type,https://www.hipcomic.com/listing/avengers-2023-1-cgc-98-signed-marco-checchettomarvel-comics-census2/17667509
hipcomic (42).csv,35,19096188,papercinema,487.50,USD,Frankenstein #25  1951 - Prize -CGC 3.5 - Comic Book-4332358006,publisher not stated and not determinable from the series,https://www.hipcomic.com/listing/frankenstein-25-1951-prize-cgc-35-comic-book-4332358006/19096188
hipcomic (42).csv,44,14826795,comicage,600.00,CAD,"Deathstroke Inc. (2023) #15 (CGC 9.8 SS) Signed & Sketch Kendrick "" Kunkka "" Lim",publisher not stated and not determinable from the series,https://www.hipcomic.com/listing/deathstroke-inc-2023-15-cgc-98-ss-signed-sketch-kendrick-kunkka-lim/14826795
hipcomic (42).csv,47,8854464,dtacollectibles,210.00,USD,SPAWN #33 CGC 9.8-1995-Image-First appearance THE FREAK 3809694020,no publication year in the title,https://www.hipcomic.com/listing/spawn-33-cgc-98-1995-image-first-appearance-the-freak-3809694020/8854464
hipcomic (43).csv,5,17695546,comicage,500.00,CAD,Resurrection Of Magneto (2024) # 1 (CGC 9.8 SS) Signed Arthur Adams * Variant,publisher not stated and not determinable from the series,https://www.hipcomic.com/listing/resurrection-of-magneto-2024-1-cgc-98-ss-signed-arthur-adams-variant/17695546
hipcomic (43).csv,7,20938849,papercinema,1000.00,USD,"Sports Illustrated Apr 29, 1957 CGC 8.0 -1st Sugar Ray Robinson-4509593007",publisher not stated and not determinable from the series,https://www.hipcomic.com/listing/sports-illustrated-apr-29-1957-cgc-80-1st-sugar-ray-robinson-4509593007/20938849
hipcomic (43).csv,9,17223725,comicage,550.00,CAD,Mighty Morphin Power Rangers/TMNT II (2022) #1( CGC 9.8) Signed & Sketch Durcet,signed or conserved book without a stated label type; publisher not stated and not determinable from the series,https://www.hipcomic.com/listing/mighty-morphin-power-rangers-tmnt-ii-2022-1-cgc-98-signed-sketch-durcet/17223725
hipcomic (43).csv,11,10239813,comicage,337.50,CAD,Walking Dead 2014 Special Anniversary Edition (2014) # 1 (CGC 9.8) Black Friday,publisher not stated and not determinable from the series,https://www.hipcomic.com/listing/walking-dead-2014-special-anniversary-edition-2014-1-cgc-98-black-friday/10239813
hipcomic (43).csv,13,17478435,comicage,650.00,CAD,Teenage Mutant Ninja # 1 (CGC 9.8) Signed Gal * Aaron * Eastmen * Jones * Vigil,signed or conserved book without a stated label type; publisher not stated and not determinable from the series; no publication year in the title,https://www.hipcomic.com/listing/teenage-mutant-ninja-1-cgc-98-signed-gal-aaron-eastmen-jones-vigil/17478435
hipcomic (43).csv,15,15453347,dtacollectibles,245.00,USD,What If #20 CGC 9.8 comic book -AVENGERS-Newsstand edition 4393772025,no publication year in the title,https://www.hipcomic.com/listing/what-if-20-cgc-98-comic-book-avengers-newsstand-edition-4393772025/15453347
hipcomic (43).csv,16,16524418,comicage,600.00,CAD,Lady Death :Tribulation (2000) # 1 (CGC 9.8 SS) Signed Brian Pulido * Census = 1,publisher not stated and not determinable from the series,https://www.hipcomic.com/listing/lady-death-tribulation-2000-1-cgc-98-ss-signed-brian-pulido-census-1/16524418
hipcomic (43).csv,17,19096381,papercinema,643.50,USD,Love Classics #1  1949 - Bell Features -CGC 8.0 - Comic Book-1197194029,publisher not stated and not determinable from the series,https://www.hipcomic.com/listing/love-classics-1-1949-bell-features-cgc-80-comic-book-1197194029/19096381
hipcomic (43).csv,19,18770362,AtlantaClassicComics,499.99,USD,Green Lantern Green Arrow # 86 CGC Graded 9.2 DC Comic Book Drug Cover JH13,no publication year in the title,https://www.hipcomic.com/listing/green-lantern-green-arrow-86-cgc-graded-92-dc-comic-book-drug-cover-jh13/18770362
hipcomic (43).csv,25,12720916,comicage,550.00,CAD,Detective Comics Batman (2022) # 1063 (CGC 9.8 SS)  Signed Alex Sinclair 1:50,publisher not stated and not determinable from the series,https://www.hipcomic.com/listing/detective-comics-batman-2022-1063-cgc-98-ss-signed-alex-sinclair-150/12720916
hipcomic (43).csv,26,19157709,anthonyscomicbookart,349.95,USD,Lady Death: Blasphemy Anthem #1 - Signed Debalfo /Mystery MD Ed - CGC 9.9 - 2019,signed or conserved book without a stated label type; publisher not stated and not determinable from the series,https://www.hipcomic.com/listing/lady-death-blasphemy-anthem-1-signed-debalfo-mystery-md-ed-cgc-99-2019/19157709
hipcomic (43).csv,27,17943693,comicage,270.00,CAD,Lady Demon (2000) # 1 (CGC 9.8 WP) Premium Edition,publisher not stated and not determinable from the series,https://www.hipcomic.com/listing/lady-demon-2000-1-cgc-98-wp-premium-edition/17943693
hipcomic (43).csv,28,15797411,comicage,750.00,CAD,Faust  (1992) #v2 #3 ( CGC 9.8 SS) Signed & Sketch Tim Vigil Northstar Census =2,publisher not stated and not determinable from the series,https://www.hipcomic.com/listing/faust-1992-v2-3-cgc-98-ss-signed-sketch-tim-vigil-northstar-census-2/15797411
hipcomic (43).csv,29,16472485,comicage,700.00,CAD,Teenage Mutant Ninja (2024) # 1 (CGC SS 9.8) Signed Vigil * Eastmen * Drax Gal,publisher not stated and not determinable from the series,https://www.hipcomic.com/listing/teenage-mutant-ninja-2024-1-cgc-ss-98-signed-vigil-eastmen-drax-gal/16472485
hipcomic (43).csv,30,15247441,comicage,500.00,CAD,Grim (2022) # 2 (CGC 9.8 SS) Signed Jenny Frison * Stephanie Phillips * Sketch,publisher not stated and not determinable from the series,https://www.hipcomic.com/listing/grim-2022-2-cgc-98-ss-signed-jenny-frison-stephanie-phillips-sketch/15247441
hipcomic (43).csv,31,16524427,comicage,600.00,CAD,Purgatori (2000) # 1/2 (CGC 9.8 SS) Signed Brian Pulido * Census = 1 * Chaos,publisher not stated and not determinable from the series,https://www.hipcomic.com/listing/purgatori-2000-1-2-cgc-98-ss-signed-brian-pulido-census-1-chaos/16524427
hipcomic (43).csv,37,10238718,comicage,200.00,CAD,Mamo #1 (CGC 9.8) (2021) Nguyen Variant Cover,publisher not stated and not determinable from the series,https://www.hipcomic.com/listing/mamo-1-cgc-98-2021-nguyen-variant-cover/10238718
hipcomic (43).csv,39,16472520,comicage,700.00,CAD,Chastity Love Bites Aschan (2001) # 1 (CGC 9.8) Signed Brian Pulido * Census  =1,signed or conserved book without a stated label type; publisher not stated and not determinable from the series,https://www.hipcomic.com/listing/chastity-love-bites-aschan-2001-1-cgc-98-signed-brian-pulido-census-1/16472520
hipcomic (43).csv,41,10239640,comicage,400.00,CAD,Amazing Spider-Man Annual #22 (CGC SS 9.4) Signed & Sketch Mark Bagley,no publication year in the title,https://www.hipcomic.com/listing/amazing-spider-man-annual-22-cgc-ss-94-signed-sketch-mark-bagley/10239640
hipcomic (43).csv,42,16098412,rdbeard,255.00,USD,"ADVENTURE COMICS #206 - CGC-6.0, OW - Superboy - Aquaman - Johnny Quick",no publication year in the title,https://www.hipcomic.com/listing/adventure-comics-206-cgc-60-ow-superboy-aquaman-johnny-quick/16098412
hipcomic (43).csv,47,14406065,comicage,500.00,CAD,West Coast Avengers(1985) # 1 (CGC 9.6) Signed Al Milgrom*Canadian Price Variant,signed or conserved book without a stated label type,https://www.hipcomic.com/listing/west-coast-avengers1985-1-cgc-96-signed-al-milgromcanadian-price-variant/14406065
hipcomic (44).csv,4,17677625,comicage,500.00,CAD,Amazing Spider-Man (2024) #41 (CGC 9.8) Signed Simone Bianchi * Variant Cover,signed or conserved book without a stated label type,https://www.hipcomic.com/listing/amazing-spider-man-2024-41-cgc-98-signed-simone-bianchi-variant-cover/17677625
hipcomic (44).csv,5,11009159,comicage,500.00,CAD,Sabretooth (2022) # 1 (CGC SS 9.8) Signed & Sketch Leonard Kirk | 1:25 Suayan,publisher not stated and not determinable from the series,https://www.hipcomic.com/listing/sabretooth-2022-1-cgc-ss-98-signed-sketch-leonard-kirk-125-suayan/11009159
hipcomic (44).csv,6,17394525,AtlantaClassicComics,199.99,USD,Batman # 655 CGC Graded 9.6 DC Comic Book Damian Wayne Key JH10,no publication year in the title,https://www.hipcomic.com/listing/batman-655-cgc-graded-96-dc-comic-book-damian-wayne-key-jh10/17394525
hipcomic (44).csv,7,15670881,dtacollectibles,385.00,USD,ALPHA FLIGHT #33 CGC 9.8-Lady Deathstrike first appearance-x-men 3842445009,no publication year in the title,https://www.hipcomic.com/listing/alpha-flight-33-cgc-98-lady-deathstrike-first-appearance-x-men-3842445009/15670881
hipcomic (44).csv,8,16524405,comicage,400.00,CAD,Lady Death :Swimsuit (2001) #1 (CGC 9.8) Signed Pulido * Census =1,signed or conserved book without a stated label type; publisher not stated and not determinable from the series,https://www.hipcomic.com/listing/lady-death-swimsuit-2001-1-cgc-98-signed-pulido-census-1/16524405
hipcomic (44).csv,9,10239720,comicage,500.00,CAD,New Mutants (1983) # 1 (CGC 9.4) Signed & Sketch Bob McLeod | CPV Canadian Price,signed or conserved book without a stated label type,https://www.hipcomic.com/listing/new-mutants-1983-1-cgc-94-signed-sketch-bob-mcleod-cpv-canadian-price/10239720
hipcomic (44).csv,10,17191981,comicage,550.00,CAD,All New Wolverine (2016) # 1 (CGC SS 9.6) Signed Sketch Johnny Desjardins,publisher not stated and not determinable from the series,https://www.hipcomic.com/listing/all-new-wolverine-2016-1-cgc-ss-96-signed-sketch-johnny-desjardins/17191981
hipcomic (44).csv,15,17394524,AtlantaClassicComics,312.49,USD,Catwoman # 45 CGC Graded 9.8 DC Comic Book Adam Hughes Cover Art JH10,no publication year in the title,https://www.hipcomic.com/listing/catwoman-45-cgc-graded-98-dc-comic-book-adam-hughes-cover-art-jh10/17394524
hipcomic (44).csv,16,17798060,comicage,500.00,CAD,Deadpool : Seven Slaughters (2024) # 1 (CGC 9.8 SS) Signed Arthur Adams *Variant,publisher not stated and not determinable from the series,https://www.hipcomic.com/listing/deadpool-seven-slaughters-2024-1-cgc-98-ss-signed-arthur-adams-variant/17798060
hipcomic (44).csv,25,15781131,rdbeard,530.00,USD,"TALES OF HORROR #2 - CGC-6.0, OW-W - Toby - Pre-code horror - Golden Age",publisher not stated and not determinable from the series; no publication year in the title,https://www.hipcomic.com/listing/tales-of-horror-2-cgc-60-ow-w-toby-pre-code-horror-golden-age/15781131
hipcomic (44).csv,29,15039158,comicage,650.00,CAD,Star Wars : Dark Empire II ( 1995)  # 2 ( CGC 9.8) Signed & Sketch  Dave Dorman,signed or conserved book without a stated label type,https://www.hipcomic.com/listing/star-wars-dark-empire-ii-1995-2-cgc-98-signed-sketch-dave-dorman/15039158
hipcomic (44).csv,31,10239407,comicage,400.00,CAD,Super-Villain Classics (1983) # 1 (CGC 9.6 WP)  | Canadian Price Variant,publisher not stated and not determinable from the series,https://www.hipcomic.com/listing/super-villain-classics-1983-1-cgc-96-wp-canadian-price-variant/10239407
hipcomic (44).csv,32,19096245,papercinema,1050.00,USD,My Friend Irma #22 CGC 8.0 1954-ATLAS-DAN DECARLO ART-SPICY 3809677009,publisher not stated and not determinable from the series,https://www.hipcomic.com/listing/my-friend-irma-22-cgc-80-1954-atlas-dan-decarlo-art-spicy-3809677009/19096245
hipcomic (44).csv,35,10240181,comicage,720.00,CAD,Star Wars Jango Fett (2002) # Nn (CGC 9.8 WP) | Boba Fett App As Child,publisher not stated and not determinable from the series,https://www.hipcomic.com/listing/star-wars-jango-fett-2002-nn-cgc-98-wp-boba-fett-app-as-child/10240181
hipcomic (44).csv,36,19653267,papercinema,650.00,USD,SPELLBOUND #3 CGC 2.0-1952 worm cover--PRE-CODE HORROR 4031295014,publisher not stated and not determinable from the series; no publication year in the title,https://www.hipcomic.com/listing/spellbound-3-cgc-20-1952-worm-cover-pre-code-horror-4031295014/19653267
hipcomic (44).csv,38,19653255,papercinema,910.00,USD,Beware Comics #9 CGC 3.5 1954- Pre-code horror-Classic cover 2053451011,publisher not stated and not determinable from the series,https://www.hipcomic.com/listing/beware-comics-9-cgc-35-1954-pre-code-horror-classic-cover-2053451011/19653255
hipcomic (44).csv,40,15669305,dtacollectibles,210.00,USD,Amazing Spider-Man #574 CGC 9.8-2008- Comic book-4330291021,no publication year in the title,https://www.hipcomic.com/listing/amazing-spider-man-574-cgc-98-2008-comic-book-4330291021/15669305
hipcomic (44).csv,43,17863195,comicage,550.00,CAD,Fame : Keanu Reeves # nn ( CGC 9.8 SS) Signed & Sketch Idris Durcet • TidaWave,publisher not stated and not determinable from the series; no publication year in the title,https://www.hipcomic.com/listing/fame-keanu-reeves-nn-cgc-98-ss-signed-sketch-idris-durcet-o-tidawave/17863195
hipcomic (44).csv,45,14854692,comicage,500.00,CAD,Female Force : Taylor Swift #(CGC 9.8 SS) Signed Pablo Villalobos * Edition C,no issue number in the title; publisher not stated and not determinable from the series; no publication year in the title,https://www.hipcomic.com/listing/female-force-taylor-swift-cgc-98-ss-signed-pablo-villalobos-edition-c/14854692
hipcomic (44).csv,46,5710940,dtacollectibles,350.00,USD,Marines in Battle #19 CGC 6.5 High Grade ATLAS war comic 1254138001,publisher not stated and not determinable from the series; no publication year in the title,https://www.hipcomic.com/listing/marines-in-battle-19-cgc-65-high-grade-atlas-war-comic-1254138001/5710940
hipcomic (45).csv,4,19483844,superflycomics,99.99,USD,Red Hood (2025) #1 Cover A CGC 9.8 Canceled,publisher not stated and not determinable from the series,https://www.hipcomic.com/listing/red-hood-2025-1-cover-a-cgc-98-canceled/19483844
hipcomic (45).csv,8,10237757,comicage,160.00,CAD,Bitter Root (2018) # 1 (CGC 9.6 WP) Mignola Cover,publisher not stated and not determinable from the series,https://www.hipcomic.com/listing/bitter-root-2018-1-cgc-96-wp-mignola-cover/10237757
hipcomic (45).csv,9,13398332,dtacollectibles,105.00,USD,DAREDEVIL #197 CGC 9.6 MARVEL COMICS- 1ST Yuriko Oyama-4291314002,no publication year in the title,https://www.hipcomic.com/listing/daredevil-197-cgc-96-marvel-comics-1st-yuriko-oyama-4291314002/13398332
hipcomic (45).csv,12,14832462,comicage,500.00,CAD,Amazing Spider-Man (2023) # 18 (CGC 9.8) Signed & Sketch  Sabrine Rich * virgin,signed or conserved book without a stated label type,https://www.hipcomic.com/listing/amazing-spider-man-2023-18-cgc-98-signed-sketch-sabrine-rich-virgin/14832462
hipcomic (45).csv,13,14275691,comicage,500.00,CAD,"John Carter , Warlord Of Mars (1977) # 1 (CGC 9.8) Marv Wolfman • Gil Kane",publisher not stated and not determinable from the series,https://www.hipcomic.com/listing/john-carter-warlord-of-mars-1977-1-cgc-98-marv-wolfman-o-gil-kane/14275691
hipcomic (45).csv,15,15797718,comicage,500.00,CAD,Gargoyles (2023) # 4 (CGC 9.8) signed & Sketch Tony Fleecs * Forstner * Census=1,signed or conserved book without a stated label type,https://www.hipcomic.com/listing/gargoyles-2023-4-cgc-98-signed-sketch-tony-fleecs-forstner-census1/15797718
hipcomic (45).csv,17,17207129,comicage,550.00,CAD,Something Is Killing The Children (2024) #37(CGC 9.8) Signed Tynion * Dell'edera,signed or conserved book without a stated label type,https://www.hipcomic.com/listing/something-is-killing-the-children-2024-37cgc-98-signed-tynion-delledera/17207129
hipcomic (45).csv,18,12533849,comicage,125.00,CAD,Black Panther #25 (CGC 9.6) Gleason Variant Cover,no publication year in the title,https://www.hipcomic.com/listing/black-panther-25-cgc-96-gleason-variant-cover/12533849
hipcomic (45).csv,20,14051271,comicage,700.00,CAD,X - Men  (1990) # 271 (CGC 9.8 SS) Signed Jim Lee • Williams • Chris Claremont,publisher not stated and not determinable from the series,https://www.hipcomic.com/listing/x-men-1990-271-cgc-98-ss-signed-jim-lee-o-williams-o-chris-claremont/14051271
hipcomic (45).csv,27,21480223,rdbeard,375.00,USD,HIT COMICS #64 - CGC-7.0 - OW-W - Bondage cover - Crandall - Golden Age,publisher not stated and not determinable from the series; no publication year in the title,https://www.hipcomic.com/listing/hit-comics-64-cgc-70-ow-w-bondage-cover-crandall-golden-age/21480223
hipcomic (45).csv,28,8751201,dtacollectibles,210.00,USD,Venom: Lethal Protector #4 CGC 9.8 Marvel 1st appearance Scream-3803451010,no publication year in the title,https://www.hipcomic.com/listing/venom-lethal-protector-4-cgc-98-marvel-1st-appearance-scream-3803451010/8751201
hipcomic (45).csv,31,15253496,comicage,500.00,CAD,House of Slaughter#1 (CGC 9.8) Signed Frison *Tynion IV * Dell'Edera*Shehan Foil,signed or conserved book without a stated label type; no publication year in the title,https://www.hipcomic.com/listing/house-of-slaughter1-cgc-98-signed-frison-tynion-iv-dellederashehan-foil/15253496
hipcomic (45).csv,32,18744215,AtlantaClassicComics,299.99,USD,Amazing Spider-Man # 83 CGC Graded 8.0 Marvel Comic Book Schemer Appearance JH12,no publication year in the title,https://www.hipcomic.com/listing/amazing-spider-man-83-cgc-graded-80-marvel-comic-book-schemer-appearance-jh12/18744215
hipcomic (45).csv,35,15158777,anthonyscomicbookart,399.88,USD,TMNT/Usagi Yojimbo: Wherewhen #1 (CGC 8.0) Sketch Cover by Stan Sakai  - 2023,publisher not stated and not determinable from the series,https://www.hipcomic.com/listing/tmnt-usagi-yojimbo-wherewhen-1-cgc-80-sketch-cover-by-stan-sakai-2023/15158777
hipcomic (45).csv,36,15669390,dtacollectibles,140.00,USD,SPAWN #37 CGC 9.8-1995-Image-Comic book-3879912001,no publication year in the title,https://www.hipcomic.com/listing/spawn-37-cgc-98-1995-image-comic-book-3879912001/15669390
hipcomic (45).csv,37,15253532,comicage,500.00,CAD,Something Is Killing The Children (2023) #33 (CGC 9.8) Signed Dell'edera *Tynion,signed or conserved book without a stated label type,https://www.hipcomic.com/listing/something-is-killing-the-children-2023-33-cgc-98-signed-delledera-tynion/15253532
hipcomic (45).csv,39,19096787,papercinema,735.00,USD,Terrifying Tales #12 CGC 3.0 1953- Jungle Comic- L.B. Cole 2114303003,publisher not stated and not determinable from the series,https://www.hipcomic.com/listing/terrifying-tales-12-cgc-30-1953-jungle-comic-lb-cole-2114303003/19096787
hipcomic (45).csv,40,16472533,comicage,500.00,CAD,Purgatori : Empire Preview (2000) #nn (CGC 9.8) Signed Brian Pulido * Census  =1,signed or conserved book without a stated label type; publisher not stated and not determinable from the series,https://www.hipcomic.com/listing/purgatori-empire-preview-2000-nn-cgc-98-signed-brian-pulido-census-1/16472533
hipcomic (45).csv,49,21837494,CollectorZone,400.00,USD,Harley Quinn #1  Sketch & Signed Texeira Signed Conner & Palmiotti - CGC 9.8,signed or conserved book without a stated label type; no publication year in the title,https://www.hipcomic.com/listing/harley-quinn-1-sketch-signed-texeira-signed-conner-palmiotti-cgc-98/21837494
hipcomic (46).csv,6,15669571,dtacollectibles,210.00,USD,AMAZING SPIDER-MAN #410 CGC 9.6 - 1st Spider-Carnage -Comic Book 3804835002,no publication year in the title,https://www.hipcomic.com/listing/amazing-spider-man-410-cgc-96-1st-spider-carnage-comic-book-3804835002/15669571
hipcomic (46).csv,7,19576824,comicage,550.00,CAD,Stray Toasters (1988) # 4 (CGC 9.8 SS) Signed Bill SIENKIEWICS * Census = 5,publisher not stated and not determinable from the series,https://www.hipcomic.com/listing/stray-toasters-1988-4-cgc-98-ss-signed-bill-sienkiewics-census-5/19576824
hipcomic (46).csv,8,10239046,comicage,300.00,CAD,Hardware: Season One # 1 (CGC 9.8) Ortiz Variant Cover | Census=3,publisher not stated and not determinable from the series; no publication year in the title,https://www.hipcomic.com/listing/hardware-season-one-1-cgc-98-ortiz-variant-cover-census3/10239046
hipcomic (46).csv,9,21738830,shauk786,399.99,USD,FAME: MATT GROENING: SIMPSONS AIR HOMER SPARKLE FOIL MATTHEW WAITE COVER CGC 9.8,no issue number in the title; publisher not stated and not determinable from the series; no publication year in the title,https://www.hipcomic.com/listing/fame-matt-groening-simpsons-air-homer-sparkle-foil-matthew-waite-cover-cgc-98/21738830
hipcomic (46).csv,10,19095499,papercinema,650.00,USD,Popular Teen-Agers #10  1952 - Star -CGC 4.0 - Comic Book-2026450002,publisher not stated and not determinable from the series,https://www.hipcomic.com/listing/popular-teen-agers-10-1952-star-cgc-40-comic-book-2026450002/19095499
hipcomic (46).csv,11,15521524,comicage,500.00,CAD,Green Lantern (1984) # 180 (CGC 9.6) Signed Dave Gibbons Canadian Price Variant,signed or conserved book without a stated label type,https://www.hipcomic.com/listing/green-lantern-1984-180-cgc-96-signed-dave-gibbons-canadian-price-variant/15521524
hipcomic (46).csv,17,21808085,silveragecomics,299.99,USD,MAI THE PSYCHIC GIRL #1 1987 CGC 9.8 WP VIZ ECLIPSE 1ST EVER MANGA IN ENGLISH kg,publisher not stated and not determinable from the series,https://www.hipcomic.com/listing/mai-the-psychic-girl-1-1987-cgc-98-wp-viz-eclipse-1st-ever-manga-in-english-kg/21808085
hipcomic (46).csv,19,10238016,comicage,200.00,CAD,Sinister War # 1 (CGC 9.8)  Ferreira Variant Cover,no publication year in the title,https://www.hipcomic.com/listing/sinister-war-1-cgc-98-ferreira-variant-cover/10238016
hipcomic (46).csv,20,17485830,rdbeard,400.00,USD,"BEYOND #3 - CGC-6.0, OW-W - Ace - Pre-Code horror - Golden Age",publisher not stated and not determinable from the series; no publication year in the title,https://www.hipcomic.com/listing/beyond-3-cgc-60-ow-w-ace-pre-code-horror-golden-age/17485830
hipcomic (46).csv,27,18070911,anthonyscomicbookart,399.88,USD,Something is Killing the Children #4 CGC (9.6) Signed Dell'Edera & Tynion - 2020,signed or conserved book without a stated label type,https://www.hipcomic.com/listing/something-is-killing-the-children-4-cgc-96-signed-delledera-tynion-2020/18070911
hipcomic (46).csv,31,10655521,comicage,800.00,CAD,Star Wars Obi-Wan Kenobi (2022) # 1 (CGC 9.4 SS WP) Signed Ewan McGregor Variant,publisher not stated and not determinable from the series,https://www.hipcomic.com/listing/star-wars-obi-wan-kenobi-2022-1-cgc-94-ss-wp-signed-ewan-mcgregor-variant/10655521
hipcomic (46).csv,32,14165727,comicage,600.00,CAD,Lazarus Planet : Revenge Of The God (2023) #1 (CGC 9.8) Signed Sampere • Wilson,signed or conserved book without a stated label type; publisher not stated and not determinable from the series,https://www.hipcomic.com/listing/lazarus-planet-revenge-of-the-god-2023-1-cgc-98-signed-sampere-o-wilson/14165727
hipcomic (46).csv,33,20193205,Subz100,850.00,USD,"Street Fighter Unlimited 5 (2016), Rare 1:20 Laura Variant D, CGC Graded 9.8",publisher not stated and not determinable from the series,https://www.hipcomic.com/listing/street-fighter-unlimited-5-2016-rare-120-laura-variant-d-cgc-graded-98/20193205
hipcomic (46).csv,38,19577019,comicage,550.00,CAD,New Adventures Of Cholly & Flytrap (1991) # 1 (CGC 9.8 SS) Signed Arthur Suydam,publisher not stated and not determinable from the series,https://www.hipcomic.com/listing/new-adventures-of-cholly-flytrap-1991-1-cgc-98-ss-signed-arthur-suydam/19577019
hipcomic (46).csv,40,20901256,AtlantaClassicComics,324.99,USD,Amazing Spider-Man # 306 CGC Graded 9.6 Marvel Comic Book Todd McFarlane JH29,no publication year in the title,https://www.hipcomic.com/listing/amazing-spider-man-306-cgc-graded-96-marvel-comic-book-todd-mcfarlane-jh29/20901256
hipcomic (46).csv,42,16472527,comicage,500.00,CAD,Purgatori : Empire (2000) # 1 (CGC 9.8 SS) Signed Brian Pulido * Census  =1,publisher not stated and not determinable from the series,https://www.hipcomic.com/listing/purgatori-empire-2000-1-cgc-98-ss-signed-brian-pulido-census-1/16472527
hipcomic (46).csv,45,15478404,comicage,500.00,CAD,Nocterra Blacktop Bill Special (2022) # nn (CGC 9.8 SS) Signed Tony Daniel,publisher not stated and not determinable from the series,https://www.hipcomic.com/listing/nocterra-blacktop-bill-special-2022-nn-cgc-98-ss-signed-tony-daniel/15478404
hipcomic (46).csv,47,17355228,comicage,550.00,CAD,Book of Dorman (2024) # nn (9.8 CGC) Signed & Sketch Dave Dorman * Thunder Press,signed or conserved book without a stated label type; publisher not stated and not determinable from the series,https://www.hipcomic.com/listing/book-of-dorman-2024-nn-98-cgc-signed-sketch-dave-dorman-thunder-press/17355228
hipcomic (46).csv,49,16774228,comicage,350.00,CAD,Incredible Hulk : Facsmile Edition (2023) # 1 (CGC 9.8 SS) Signed Kaare Andrews,publisher not stated and not determinable from the series,https://www.hipcomic.com/listing/incredible-hulk-facsmile-edition-2023-1-cgc-98-ss-signed-kaare-andrews/16774228
hipcomic (47).csv,2,21767956,RandyPierce3,500.00,USD,Uncanny X-Men #266 CGC 9.6 NM+ 1st Gambit NEWSSTAND Kubert Art Claremont Marvel,no publication year in the title,https://www.hipcomic.com/listing/uncanny-x-men-266-cgc-96-nm-1st-gambit-newsstand-kubert-art-claremont-marvel/21767956
hipcomic (47).csv,4,12666293,comicage,400.00,CAD,Fantastic Four FF (2023) # 1 ( CGC 9.6 SS) Signed & Sketch Dave Ross,publisher not stated and not determinable from the series,https://www.hipcomic.com/listing/fantastic-four-ff-2023-1-cgc-96-ss-signed-sketch-dave-ross/12666293
hipcomic (47).csv,5,19220712,anthonyscomicbookart,199.97,USD,Persuasion #2 - DeBalfo Lila Edition C - Virgin Cover Signed 2x - CGC 9.9 2021,signed or conserved book without a stated label type; publisher not stated and not determinable from the series,https://www.hipcomic.com/listing/persuasion-2-debalfo-lila-edition-c-virgin-cover-signed-2x-cgc-99-2021/19220712
hipcomic (47).csv,11,14834220,comicage,500.00,CAD,"Harley Quinn (2023) # 26 (CGC 9.8) Signed Lesey "" Lerix "" Li Variant  * Census=2",signed or conserved book without a stated label type,https://www.hipcomic.com/listing/harley-quinn-2023-26-cgc-98-signed-lesey-lerix-li-variant-census2/14834220
hipcomic (47).csv,17,19098581,papercinema,525.00,USD,Realistic Romances #1-CGC 6.0 Highest Graded-SOUTHERN STATES 1161206006,publisher not stated and not determinable from the series; no publication year in the title,https://www.hipcomic.com/listing/realistic-romances-1-cgc-60-highest-graded-southern-states-1161206006/19098581
hipcomic (47).csv,19,10238865,comicage,300.00,CAD,Justice League Rebirth (2016) # 1 (CGC 9.4) Promo No Price,publisher not stated and not determinable from the series,https://www.hipcomic.com/listing/justice-league-rebirth-2016-1-cgc-94-promo-no-price/10238865
hipcomic (47).csv,21,14442723,comicage,500.00,CAD,"Quantum Leap (1992) # 3 (CGC 9.2 SS) Signed &"" Creator & Ziggy"" Deborah Pratt",publisher not stated and not determinable from the series,https://www.hipcomic.com/listing/quantum-leap-1992-3-cgc-92-ss-signed-creator-ziggy-deborah-pratt/14442723
hipcomic (47).csv,23,21859412,epicomicology,117.55,USD,ELEKTRA ASSASSIN 1 CGC SS 9.2 WHITE PAGES SIGNED BY BILL SIENKIEWICZ,publisher not stated and not determinable from the series; no publication year in the title,https://www.hipcomic.com/listing/elektra-assassin-1-cgc-ss-92-white-pages-signed-by-bill-sienkiewicz/21859412
hipcomic (47).csv,24,12813840,comicage,200.00,CAD,Shang-Chi (2021) #1 (CGC 9.8) Su Variant Cover,publisher not stated and not determinable from the series,https://www.hipcomic.com/listing/shang-chi-2021-1-cgc-98-su-variant-cover/12813840
hipcomic (47).csv,26,10703633,comicage,600.00,CAD,Spectacular Spider-Man (1985) #100 (CGC 9.6) CPV Signed Sketch (Spot) Al Milgrom,signed or conserved book without a stated label type,https://www.hipcomic.com/listing/spectacular-spider-man-1985-100-cgc-96-cpv-signed-sketch-spot-al-milgrom/10703633
hipcomic (47).csv,27,14201225,comicage,500.00,CAD,Fantastic Four (2021) #35 (CGC 9.8) Signed John Romita Jr.* Kirby Variant Cover,signed or conserved book without a stated label type,https://www.hipcomic.com/listing/fantastic-four-2021-35-cgc-98-signed-john-romita-jr-kirby-variant-cover/14201225
hipcomic (47).csv,31,19577021,comicage,550.00,CAD,New Adventures Of Cholly & Flytrap (1991) # 2 (CGC 9.8 SS) Signed Arthur Suydam,publisher not stated and not determinable from the series,https://www.hipcomic.com/listing/new-adventures-of-cholly-flytrap-1991-2-cgc-98-ss-signed-arthur-suydam/19577021
hipcomic (47).csv,32,12666157,comicage,500.00,CAD,Spider-Man Keepsake Collection B&W Print  (1990) # 2 (CGC SS) Signed McFarlane,no numeric grade in the title; publisher not stated and not determinable from the series,https://www.hipcomic.com/listing/spider-man-keepsake-collection-bw-print-1990-2-cgc-ss-signed-mcfarlane/12666157
hipcomic (47).csv,35,14444099,comicage,500.00,CAD,Warlock : Rebirth (2023) # 1 (CGC 9.8 SS) Signed Jim Cheung * Variant Cover,publisher not stated and not determinable from the series,https://www.hipcomic.com/listing/warlock-rebirth-2023-1-cgc-98-ss-signed-jim-cheung-variant-cover/14444099
hipcomic (47).csv,37,11451056,comicage,500.00,CAD,Firestorm (1982) # 1 (CGC 9.8 WP) Signed & Sketch Broderick |1st App Black Bison,signed or conserved book without a stated label type,https://www.hipcomic.com/listing/firestorm-1982-1-cgc-98-wp-signed-sketch-broderick-1st-app-black-bison/11451056
hipcomic (47).csv,44,21162617,AtlantaClassicComics,474.99,USD,Catwoman # 51 CGC Graded 9.6 DC Comic Book Adam Hughes Batman 1st Print JH35,no publication year in the title,https://www.hipcomic.com/listing/catwoman-51-cgc-graded-96-dc-comic-book-adam-hughes-batman-1st-print-jh35/21162617
hipcomic (47).csv,48,14936211,anthonyscomicbookart,499.88,USD,Carnage #1 (CGC 9.8) Signed & Sketched by Art Adams - White Pages - 2010,signed or conserved book without a stated label type,https://www.hipcomic.com/listing/carnage-1-cgc-98-signed-sketched-by-art-adams-white-pages-2010/14936211
hipcomic (47).csv,49,16343246,rdbeard,500.00,USD,"STRANGE TERRORS #2  - CGC-6.0, OW-W - St John - Pre-code horror - Golden Age",no publication year in the title,https://www.hipcomic.com/listing/strange-terrors-2-cgc-60-ow-w-st-john-pre-code-horror-golden-age/16343246
hipcomic (48).csv,2,14471564,comicage,500.00,CAD,Uncanny X - Men (1985) #191 (CGC 9.6) Signed Romita Jr. • Canadian Price Variant,signed or conserved book without a stated label type; publisher not stated and not determinable from the series,https://www.hipcomic.com/listing/uncanny-x-men-1985-191-cgc-96-signed-romita-jr-o-canadian-price-variant/14471564
hipcomic (48).csv,7,15486607,rdbeard,465.00,USD,"WEB OF MYSTERY #5 - CGC-6.0, OW  - Ace - Pre-code horror - Golden Age",publisher not stated and not determinable from the series; no publication year in the title,https://www.hipcomic.com/listing/web-of-mystery-5-cgc-60-ow-ace-pre-code-horror-golden-age/15486607
hipcomic (48).csv,9,20245530,comicage,750.00,CAD,Gen 13 (1995) # 1 (CGC 9.8 SS) Signed Scott Campbell • Cover G Lingerie Cover,publisher not stated and not determinable from the series,https://www.hipcomic.com/listing/gen-13-1995-1-cgc-98-ss-signed-scott-campbell-o-cover-g-lingerie-cover/20245530
hipcomic (48).csv,14,18003061,comicage,200.00,CAD,Sinister War # 1 (CGC 9.8)  Nakayama Variant Cover,no publication year in the title,https://www.hipcomic.com/listing/sinister-war-1-cgc-98-nakayama-variant-cover/18003061
hipcomic (48).csv,20,15974326,comicage,400.00,CAD,Wonder Woman ‘77 Meets Bionic Woman (2017) # 1 (CGC SS 9.8) Signed Alex Ross,publisher not stated and not determinable from the series,https://www.hipcomic.com/listing/wonder-woman-77-meets-bionic-woman-2017-1-cgc-ss-98-signed-alex-ross/15974326
hipcomic (48).csv,23,14442799,comicage,500.00,CAD,Power Rangers Unlimited : The Coinless (2023) # 1 (CGC 9.8 SS) signed Dan Mora,publisher not stated and not determinable from the series,https://www.hipcomic.com/listing/power-rangers-unlimited-the-coinless-2023-1-cgc-98-ss-signed-dan-mora/14442799
hipcomic (48).csv,25,11445913,comicage,425.00,CAD,Mage (1984) # 1 (CGC 9.6 WP) Matt Wagner | 1st Solo # 1,publisher not stated and not determinable from the series,https://www.hipcomic.com/listing/mage-1984-1-cgc-96-wp-matt-wagner-1st-solo-1/11445913
hipcomic (48).csv,28,17688978,comicage,450.00,CAD,"Spider-Gwen: Ghost Rider # 2(CGC 9.8) Signed Pablo ""Lobos"" Villalobos census = 4",signed or conserved book without a stated label type; publisher not stated and not determinable from the series; no publication year in the title,https://www.hipcomic.com/listing/spider-gwen-ghost-rider-2cgc-98-signed-pablo-lobos-villalobos-census-4/17688978
hipcomic (48).csv,30,10412281,comicage,300.00,CAD,Scarlet (2010) # 1 (CGC 9.8 WP) Origin & 1st App Scarlet,publisher not stated and not determinable from the series,https://www.hipcomic.com/listing/scarlet-2010-1-cgc-98-wp-origin-1st-app-scarlet/10412281
hipcomic (48).csv,33,12224359,comicage,650.00,CAD,Deadpool vs X-Force (2014) # 1 (CGC 9.8 (SS) J. Scott Campbell & Edgar Delgado,publisher not stated and not determinable from the series,https://www.hipcomic.com/listing/deadpool-vs-x-force-2014-1-cgc-98-ss-j-scott-campbell-edgar-delgado/12224359
hipcomic (48).csv,35,17559161,comicage,450.00,CAD,Alien Annual (2022) # 1 (CGC 9.8 SS) Signed Gabriele Dell'otto * Census = 1,publisher not stated and not determinable from the series,https://www.hipcomic.com/listing/alien-annual-2022-1-cgc-98-ss-signed-gabriele-dellotto-census-1/17559161
hipcomic (48).csv,36,17673475,comicage,650.00,CAD,G.I. Joe (2022) # 300 (CGC 9.8 SS) Signed Larry Hama * American Hero * Census =1,publisher not stated and not determinable from the series,https://www.hipcomic.com/listing/gi-joe-2022-300-cgc-98-ss-signed-larry-hama-american-hero-census-1/17673475
hipcomic (48).csv,37,17695048,comicage,450.00,CAD,Spine-Tingling Spider-Man (2023) #1 (CGC 9.8) Signed Lucio Parrillo * Census =2,signed or conserved book without a stated label type; publisher not stated and not determinable from the series,https://www.hipcomic.com/listing/spine-tingling-spider-man-2023-1-cgc-98-signed-lucio-parrillo-census-2/17695048
hipcomic (48).csv,41,17207133,comicage,550.00,CAD,Something Is Killing The Children (2023) #29(CGC 9.8) Signed Tynion * Dell'edera,signed or conserved book without a stated label type,https://www.hipcomic.com/listing/something-is-killing-the-children-2023-29cgc-98-signed-tynion-delledera/17207133
hipcomic (48).csv,46,16472500,comicage,600.00,CAD,Lady Death/Medieval witchblade (2001) #1 (CGC 9.8) Signed Brian Pulido *Census=1,signed or conserved book without a stated label type; publisher not stated and not determinable from the series,https://www.hipcomic.com/listing/lady-death-medieval-witchblade-2001-1-cgc-98-signed-brian-pulido-census1/16472500
hipcomic (48).csv,48,20242364,comicage,500.00,CAD,A-Team (1984) # 1 (CGC 9.6) Signed Jim Salicrup * Candian price Variant * Marvel,signed or conserved book without a stated label type,https://www.hipcomic.com/listing/a-team-1984-1-cgc-96-signed-jim-salicrup-candian-price-variant-marvel/20242364
hipcomic (49).csv,7,17691277,comicage,550.00,CAD,Teenage Mutant Ninja Turtles # 1 (CGC 9.6) Signed  Eastman*Aaron*Gal*Jones*Vigil,signed or conserved book without a stated label type; publisher not stated and not determinable from the series; no publication year in the title,https://www.hipcomic.com/listing/teenage-mutant-ninja-turtles-1-cgc-96-signed-eastmanaarongaljonesvigil/17691277
hipcomic (49).csv,10,12783678,comicage,300.00,CAD,Batman / Daredevil (2000)  # 1 (CGC 9.8 WP) Eduardo Barreto Cover & Art,publisher not stated and not determinable from the series,https://www.hipcomic.com/listing/batman-daredevil-2000-1-cgc-98-wp-eduardo-barreto-cover-art/12783678
hipcomic (49).csv,13,12677941,comicage,600.00,CAD,Spider-Man Marvel Tales (1984) # 168 (CGC 9.8 WP) Canadian Price variant CPV,publisher not stated and not determinable from the series,https://www.hipcomic.com/listing/spider-man-marvel-tales-1984-168-cgc-98-wp-canadian-price-variant-cpv/12677941
hipcomic (49).csv,15,13733959,comicage,600.00,CAD,Waterfront (1958) # 34 (CGC 4.5 ) Atomic Bomb Cover • Jack Kirby Cover Census=3,publisher not stated and not determinable from the series,https://www.hipcomic.com/listing/waterfront-1958-34-cgc-45-atomic-bomb-cover-o-jack-kirby-cover-census3/13733959
hipcomic (49).csv,17,13735879,comicage,500.00,CAD,Battle Report (1952) # 2 (CGC 3.5) Farrell Publication • Pete Morisi • Census=3,publisher not stated and not determinable from the series,https://www.hipcomic.com/listing/battle-report-1952-2-cgc-35-farrell-publication-o-pete-morisi-o-census3/13735879
hipcomic (49).csv,19,16463327,comicage,375.00,CAD,TMNT/Usagi Yojimbo : Wherewhen (2023) #1 (CGC 9.8) Signed & Sketch Scott Lobdell,signed or conserved book without a stated label type; publisher not stated and not determinable from the series,https://www.hipcomic.com/listing/tmnt-usagi-yojimbo-wherewhen-2023-1-cgc-98-signed-sketch-scott-lobdell/16463327
hipcomic (49).csv,20,14135295,comicage,500.00,CAD,Amazing Spider - Girl (2006) # 1 (CGC 9.8 SS) Signed Ron Frenz Census = 14,publisher not stated and not determinable from the series,https://www.hipcomic.com/listing/amazing-spider-girl-2006-1-cgc-98-ss-signed-ron-frenz-census-14/14135295
hipcomic (49).csv,24,10239060,comicage,270.00,CAD,Bad Kitty: Reloaded (2001) # 1 (CGC 9.8 WP) Premium Cover,publisher not stated and not determinable from the series,https://www.hipcomic.com/listing/bad-kitty-reloaded-2001-1-cgc-98-wp-premium-cover/10239060
hipcomic (49).csv,29,21329472,anthonyscomicbookart,99.95,USD,Bettie Page Comics #1 - Dave Stevens Cover / Poster Included (CGC 9.6) 1996,publisher not stated and not determinable from the series,https://www.hipcomic.com/listing/bettie-page-comics-1-dave-stevens-cover-poster-included-cgc-96-1996/21329472
hipcomic (49).csv,30,10239749,comicage,500.00,CAD,Inside League Goes Inside The NBA (2015) # 1 (CGC 9.8 WP) Census=1,publisher not stated and not determinable from the series,https://www.hipcomic.com/listing/inside-league-goes-inside-the-nba-2015-1-cgc-98-wp-census1/10239749
hipcomic (49).csv,32,21767959,RandyPierce3,375.00,USD,Wizard #11 CGC 9.8 NM/M Todd McFarlane Spawn cover BEST price!!,publisher not stated and not determinable from the series; no publication year in the title,https://www.hipcomic.com/listing/wizard-11-cgc-98-nm-m-todd-mcfarlane-spawn-cover-best-price/21767959
hipcomic (49).csv,37,19973772,comicage,400.00,CAD,The Amazing Spider-Man (1993) # 374 (CGC 9.8 WP)  Signed Mark Bagley,signed or conserved book without a stated label type,https://www.hipcomic.com/listing/the-amazing-spider-man-1993-374-cgc-98-wp-signed-mark-bagley/19973772
hipcomic (49).csv,41,12677934,comicage,300.00,CAD,Barbie (1991) # 1 (CGC 9.4 WP) John Romita cover | Poly-Bagged,publisher not stated and not determinable from the series,https://www.hipcomic.com/listing/barbie-1991-1-cgc-94-wp-john-romita-cover-poly-bagged/12677934
hipcomic (49).csv,42,16928895,comicage,550.00,CAD,Justice League Vs Godzilla Vs Kong (2024) #7 (CGC 9.8) Signed Sketch Kunkka  Lim,signed or conserved book without a stated label type,https://www.hipcomic.com/listing/justice-league-vs-godzilla-vs-kong-2024-7-cgc-98-signed-sketch-kunkka-lim/16928895
hipcomic (49).csv,49,13971825,dtacollectibles,350.00,USD,AMAZING SPIDER-MAN VS. THE PRODIGY CGC 9.8 Sex-ed comic 1976 4080875008,no issue number in the title; publisher not stated and not determinable from the series,https://www.hipcomic.com/listing/amazing-spider-man-vs-the-prodigy-cgc-98-sex-ed-comic-1976-4080875008/13971825
hipcomic (50).csv,2,11100941,dtacollectibles,245.00,USD,AMAZING SPIDER-MAN ANNUAL #22 CGC 9.8-MARVEL-First SPEED-BALL 4000986002,no publication year in the title,https://www.hipcomic.com/listing/amazing-spider-man-annual-22-cgc-98-marvel-first-speed-ball-4000986002/11100941
hipcomic (50).csv,4,18826594,AtlantaClassicComics,324.99,USD,Grendel # 1 CGC Graded 8.0 Comico Comic Book Matt Wagner Hunter Rose 1983 JH15,publisher not stated and not determinable from the series,https://www.hipcomic.com/listing/grendel-1-cgc-graded-80-comico-comic-book-matt-wagner-hunter-rose-1983-jh15/18826594
hipcomic (50).csv,7,14833388,comicage,500.00,CAD,Robotech : Rick Hunter (2023) # 1 (CGC 9.8 SS) Signed Derrick Chew *Foil Edition,publisher not stated and not determinable from the series,https://www.hipcomic.com/listing/robotech-rick-hunter-2023-1-cgc-98-ss-signed-derrick-chew-foil-edition/14833388
hipcomic (50).csv,8,15669240,dtacollectibles,210.00,USD,X-Men #4 CGC Graded 9.6 - 1st Omega Red -NEWSSTAND-3818687015,no publication year in the title,https://www.hipcomic.com/listing/x-men-4-cgc-graded-96-1st-omega-red-newsstand-3818687015/15669240
hipcomic (50).csv,9,14444116,comicage,500.00,CAD,John Tiffany (2023) # nn (CGC 9.8 SS) Signed & Sketch Dan Panosian * Census = 1,publisher not stated and not determinable from the series,https://www.hipcomic.com/listing/john-tiffany-2023-nn-cgc-98-ss-signed-sketch-dan-panosian-census-1/14444116
hipcomic (50).csv,13,15669565,dtacollectibles,175.00,USD,SPECTACULAR SPIDER-MAN #257 CGC 9.8-MARVEL-comic book 3804823018,no publication year in the title,https://www.hipcomic.com/listing/spectacular-spider-man-257-cgc-98-marvel-comic-book-3804823018/15669565
hipcomic (50).csv,14,15253493,comicage,500.00,CAD,House of Slaughter  # 9 (CGC 9.8) Signed Tynion IV * Dell'Edera * Johns * Virgin,signed or conserved book without a stated label type; no publication year in the title,https://www.hipcomic.com/listing/house-of-slaughter-9-cgc-98-signed-tynion-iv-delledera-johns-virgin/15253493
hipcomic (50).csv,21,17690917,comicage,550.00,CAD,Invincible Iron Man  (2017) # 1 (CGC 9.8) Signed John Tyler Christopher Census=3,signed or conserved book without a stated label type,https://www.hipcomic.com/listing/invincible-iron-man-2017-1-cgc-98-signed-john-tyler-christopher-census3/17690917
hipcomic (50).csv,23,4954213,dtacollectibles,175.00,USD,Cloak and Dagger #5 CGC 9.8-1985 Marvel 1st MEYHEM-2036873012,no publication year in the title,https://www.hipcomic.com/listing/cloak-and-dagger-5-cgc-98-1985-marvel-1st-meyhem-2036873012/4954213
hipcomic (50).csv,25,10240228,comicage,750.00,CAD,Secret Wars II  #3 CPV (CGC SS 9.6)  Signed And Sketch By Al Milgrom,no publication year in the title,https://www.hipcomic.com/listing/secret-wars-ii-3-cpv-cgc-ss-96-signed-and-sketch-by-al-milgrom/10240228
hipcomic (50).csv,26,19157673,anthonyscomicbookart,599.95,USD,Lady Death: Cataclysmic Majesty #1 - Scarlet Metal Var. AP5 COA - CGC 9.8 - 2021,publisher not stated and not determinable from the series,https://www.hipcomic.com/listing/lady-death-cataclysmic-majesty-1-scarlet-metal-var-ap5-coa-cgc-98-2021/19157673
hipcomic (50).csv,27,20931825,AtlantaClassicComics,649.99,USD,Tales To Astonish #82 CGC Graded 8.0 Marvel Comic Book Iron Man Sub-Mariner JH33,no publication year in the title,https://www.hipcomic.com/listing/tales-to-astonish-82-cgc-graded-80-marvel-comic-book-iron-man-sub-mariner-jh33/20931825
hipcomic (50).csv,31,16505491,comicage,600.00,CAD,Red Room (2023) # 1 (CGC 9.8 SS) Signed & Sketch Tim Vigil *Fantagraphics Books,publisher not stated and not determinable from the series,https://www.hipcomic.com/listing/red-room-2023-1-cgc-98-ss-signed-sketch-tim-vigil-fantagraphics-books/16505491
hipcomic (50).csv,32,11151033,comicage,300.00,CAD,Hardware (1993) #1 (CGC 9.6 SS WP) Signed & Sketch Denys Cowan,publisher not stated and not determinable from the series,https://www.hipcomic.com/listing/hardware-1993-1-cgc-96-ss-wp-signed-sketch-denys-cowan/11151033
hipcomic (50).csv,33,14403437,comicage,500.00,CAD,Incredible Hulk (1983) #283 (CGC 9.6) Signed Al Milgrom * Canadian Price Variant,signed or conserved book without a stated label type,https://www.hipcomic.com/listing/incredible-hulk-1983-283-cgc-96-signed-al-milgrom-canadian-price-variant/14403437
hipcomic (50).csv,34,16930319,comicage,550.00,CAD,Star Wars :  Jango fett  (2024) # 1 (CGC 9.8 SS) Signed & Sketch Kendrick Chew,publisher not stated and not determinable from the series,https://www.hipcomic.com/listing/star-wars-jango-fett-2024-1-cgc-98-ss-signed-sketch-kendrick-chew/16930319
hipcomic (50).csv,35,15220668,comicage,500.00,CAD,Something Is Killing The Children (2023) #34 (CGC 9.8) Signed Dell'edera *Tynion,signed or conserved book without a stated label type,https://www.hipcomic.com/listing/something-is-killing-the-children-2023-34-cgc-98-signed-delledera-tynion/15220668
hipcomic (50).csv,37,15619742,comicage,500.00,CAD,Batman (2022) # 125 (CGC 9.8) Signed Zdarsky * Jock Variant Cover *  1: 50,signed or conserved book without a stated label type,https://www.hipcomic.com/listing/batman-2022-125-cgc-98-signed-zdarsky-jock-variant-cover-1-50/15619742
hipcomic (50).csv,40,17207057,comicage,550.00,CAD,Zatanna:Bring Down The House(2024) 1 (CGC 9.8) Signed  Sketch Martinez* Census=2,signed or conserved book without a stated label type,https://www.hipcomic.com/listing/zatannabring-down-the-house2024-1-cgc-98-signed-sketch-martinez-census2/17207057
hipcomic (50).csv,41,17355214,comicage,400.00,CAD,Thunderbolts # 1 (CGC 9.8 SS) Signed Mahmud Asrar  * Marvel Universe * Census =2,no publication year in the title,https://www.hipcomic.com/listing/thunderbolts-1-cgc-98-ss-signed-mahmud-asrar-marvel-universe-census-2/17355214
hipcomic (50).csv,43,19095440,papercinema,862.50,USD,Hedy of Hollywood #39 CGC 6.0-1950-Good Girl Art-Spicy art-3767999020,publisher not stated and not determinable from the series; no publication year in the title,https://www.hipcomic.com/listing/hedy-of-hollywood-39-cgc-60-1950-good-girl-art-spicy-art-3767999020/19095440
hipcomic (50).csv,44,10238275,comicage,250.00,CAD,JLA  / Avengers (2003) # 3 (CGC 9.8 WP) George Perez,publisher not stated and not determinable from the series,https://www.hipcomic.com/listing/jla-avengers-2003-3-cgc-98-wp-george-perez/10238275
hipcomic (50).csv,48,15253514,comicage,500.00,CAD,House of Slaughter #14(CGC 9.8 SS) Signed Dell'edera * Tynion IV * Name written,no publication year in the title,https://www.hipcomic.com/listing/house-of-slaughter-14cgc-98-ss-signed-delledera-tynion-iv-name-written/15253514
hipcomic (51).csv,8,13156167,comicage,350.00,CAD,Champions (2016) # 1 (CGC SS 9.8 WP) | Signed By Humberto Ramos !,publisher not stated and not determinable from the series,https://www.hipcomic.com/listing/champions-2016-1-cgc-ss-98-wp-signed-by-humberto-ramos/13156167
hipcomic (51).csv,10,21633407,AtlantaClassicComics,399.99,USD,Miracleman # 15 CGC Graded 9.6 Eclipse Comic Book Alan Moore 1988 JH42,publisher not stated and not determinable from the series,https://www.hipcomic.com/listing/miracleman-15-cgc-graded-96-eclipse-comic-book-alan-moore-1988-jh42/21633407
hipcomic (51).csv,11,14471550,comicage,300.00,CAD,Strange Academy (2020) # 1 (CGC 9.8) Signed Ramos * Fourth Printing * Marvel,signed or conserved book without a stated label type,https://www.hipcomic.com/listing/strange-academy-2020-1-cgc-98-signed-ramos-fourth-printing-marvel/14471550
hipcomic (51).csv,12,19878919,anthonyscomicbookart,274.95,USD,Invincible: Ultimate Collection #11 - Italian Edition/Ryan Ottley (CGC 9.4) 2019,publisher not stated and not determinable from the series,https://www.hipcomic.com/listing/invincible-ultimate-collection-11-italian-edition-ryan-ottley-cgc-94-2019/19878919
hipcomic (51).csv,16,14442759,comicage,500.00,CAD,"Quantum Leap Special Edition (1992) #1 CGC 7.5) signed &"" Creator & Ziggy"" Pratt",signed or conserved book without a stated label type; publisher not stated and not determinable from the series,https://www.hipcomic.com/listing/quantum-leap-special-edition-1992-1-cgc-75-signed-creator-ziggy-pratt/14442759
hipcomic (51).csv,17,15670716,dtacollectibles,280.00,USD,Spider-Man vs. Dracula #1 CGC 9.8-1994-First issue-comic book-Marvel 4023080021,no publication year in the title,https://www.hipcomic.com/listing/spider-man-vs-dracula-1-cgc-98-1994-first-issue-comic-book-marvel-4023080021/15670716
hipcomic (51).csv,23,14442696,comicage,500.00,CAD,"Quantum Leap (1992) # 4 (CGC 9.4 SS) Signed &"" Creator & Ziggy"" Deborah Pratt",publisher not stated and not determinable from the series,https://www.hipcomic.com/listing/quantum-leap-1992-4-cgc-94-ss-signed-creator-ziggy-deborah-pratt/14442696
hipcomic (51).csv,28,16246725,comicage,600.00,CAD,Vampirella : Dead Flowers (2023) #1 (CGC 9.8 SS) Signed Buzz Virgin Edition•C=1,publisher not stated and not determinable from the series,https://www.hipcomic.com/listing/vampirella-dead-flowers-2023-1-cgc-98-ss-signed-buzz-virgin-editionoc1/16246725
hipcomic (51).csv,32,15039171,comicage,500.00,CAD,Star Wars : Dark Empire Preview ( 1996)  # nn ( CGC 9.8 SS) Signed Dave Dorman,publisher not stated and not determinable from the series,https://www.hipcomic.com/listing/star-wars-dark-empire-preview-1996-nn-cgc-98-ss-signed-dave-dorman/15039171
hipcomic (51).csv,37,21094640,rdbeard,200.00,USD,AMAZING SPIDER-MAN AIM TOOTHPASTE GIVEAWAY - 1980 - CGC-9.8 - Green Goblin,no issue number in the title; publisher not stated and not determinable from the series,https://www.hipcomic.com/listing/amazing-spider-man-aim-toothpaste-giveaway-1980-cgc-98-green-goblin/21094640
hipcomic (51).csv,39,17207176,comicage,450.00,CAD,Something Is Killing The Children (2019) #4 (CGC 9.6) Signed Tynion * Dell'edera,signed or conserved book without a stated label type,https://www.hipcomic.com/listing/something-is-killing-the-children-2019-4-cgc-96-signed-tynion-delledera/17207176
hipcomic (51).csv,43,19653109,papercinema,625.00,USD,"Sports Illustrated Mar 21, 1960 CGC 8.5 -Maurice Richard cover 4632777005",publisher not stated and not determinable from the series,https://www.hipcomic.com/listing/sports-illustrated-mar-21-1960-cgc-85-maurice-richard-cover-4632777005/19653109
hipcomic (51).csv,44,20910545,AtlantaClassicComics,399.99,USD,Incredible Hulk # 330 CGC Graded 9.8 Marvel Comic Book Todd McFarlane Art JH30,no publication year in the title,https://www.hipcomic.com/listing/incredible-hulk-330-cgc-graded-98-marvel-comic-book-todd-mcfarlane-art-jh30/20910545
hipcomic (51).csv,49,12677639,comicage,500.00,CAD,TMNT The Last Ronin (2021) # 1 (CGC 9.8 WP) Signed Eastman & 5  More| 3rd Print,signed or conserved book without a stated label type; publisher not stated and not determinable from the series,https://www.hipcomic.com/listing/tmnt-the-last-ronin-2021-1-cgc-98-wp-signed-eastman-5-more-3rd-print/12677639
hipcomic (52).csv,4,15349594,comicage,500.00,CAD,Nocterra Blacktop Bill Special (2022) # nn (CGC 9.8 SS) Signed Tony Daniels,publisher not stated and not determinable from the series,https://www.hipcomic.com/listing/nocterra-blacktop-bill-special-2022-nn-cgc-98-ss-signed-tony-daniels/15349594
hipcomic (52).csv,16,17207150,comicage,450.00,CAD,Something Is Killing The Children (2020) #9 (CGC 9.8) Signed Tynion * Dell'edera,signed or conserved book without a stated label type,https://www.hipcomic.com/listing/something-is-killing-the-children-2020-9-cgc-98-signed-tynion-delledera/17207150
hipcomic (52).csv,18,17689035,comicage,400.00,CAD,Amazing Spider-Man (2024)#50 (CGC 9.8) Signed John Tyler Christopher * Marvel,signed or conserved book without a stated label type,https://www.hipcomic.com/listing/amazing-spider-man-202450-cgc-98-signed-john-tyler-christopher-marvel/17689035
hipcomic (52).csv,19,12948936,comicage,400.00,CAD,300 25th Anniversary Special Edition(2023) #1 (CGC SS 9.8) Signed Sketch E. Dev.,publisher not stated and not determinable from the series,https://www.hipcomic.com/listing/300-25th-anniversary-special-edition2023-1-cgc-ss-98-signed-sketch-e-dev/12948936
hipcomic (52).csv,24,15669489,dtacollectibles,175.00,USD,GROOT #1-CGC 9.8-First issue-HASTINGS VARIANT 2015338005,publisher not stated and not determinable from the series; no publication year in the title,https://www.hipcomic.com/listing/groot-1-cgc-98-first-issue-hastings-variant-2015338005/15669489
hipcomic (52).csv,30,15850920,AtlantaClassicComics,310.00,USD,Venom # 7 CGC Graded 9.8 Marvel Comic Book 1st Dylan Brock Appearance JH8,no publication year in the title,https://www.hipcomic.com/listing/venom-7-cgc-graded-98-marvel-comic-book-1st-dylan-brock-appearance-jh8/15850920
hipcomic (52).csv,34,15669420,dtacollectibles,140.00,USD,DAREDEVIL #257 CGC 9.8 comic book Punisher marvel--4376335025,no publication year in the title,https://www.hipcomic.com/listing/daredevil-257-cgc-98-comic-book-punisher-marvel-4376335025/15669420
hipcomic (52).csv,35,12818334,comicage,400.00,CAD,Firestorm (1982) # 1 (CGC 9.4 WP) Signed & Sketch Broderick | Newsstand | 1stapp,signed or conserved book without a stated label type,https://www.hipcomic.com/listing/firestorm-1982-1-cgc-94-wp-signed-sketch-broderick-newsstand-1stapp/12818334
hipcomic (52).csv,37,15349596,comicage,500.00,CAD,Nocterra Blacktop Bill Special (2022) # nn (CGC 9.8 SS) Signed Tony Daniels,publisher not stated and not determinable from the series,https://www.hipcomic.com/listing/nocterra-blacktop-bill-special-2022-nn-cgc-98-ss-signed-tony-daniels/15349596
hipcomic (52).csv,39,12925748,comicage,750.00,CAD,Riddler: Year One (2023) #3 (CGC 9.8 SS) Signed Sketch Mico Suayan P. Dano Story,publisher not stated and not determinable from the series,https://www.hipcomic.com/listing/riddler-year-one-2023-3-cgc-98-ss-signed-sketch-mico-suayan-p-dano-story/12925748
hipcomic (52).csv,40,19434287,comicage,400.00,CAD,Planet hulk (2015) # 1 (CGC 9.8 SS) Signed & Sketch Scott Lobdell * Variant,publisher not stated and not determinable from the series,https://www.hipcomic.com/listing/planet-hulk-2015-1-cgc-98-ss-signed-sketch-scott-lobdell-variant/19434287
hipcomic (52).csv,41,15220675,comicage,500.00,CAD,Orcs : The Curse (2022)  # 1 ( CGC 9.8 SS) Signed & Sketch  Eric Powell * Virgin,publisher not stated and not determinable from the series,https://www.hipcomic.com/listing/orcs-the-curse-2022-1-cgc-98-ss-signed-sketch-eric-powell-virgin/15220675
hipcomic (52).csv,42,21734294,anthonyscomicbookart,299.95,USD,Looney Tunes & Merrie Melodies Comics #140 - Golden Age (CGC 7.5) 1953,publisher not stated and not determinable from the series,https://www.hipcomic.com/listing/looney-tunes-merrie-melodies-comics-140-golden-age-cgc-75-1953/21734294
hipcomic (52).csv,43,21329412,AtlantaClassicComics,399.99,USD,Batman Adventures # 3 CGC Graded 9.6 Marvel Comic Book Joker Harley Quinn JH38,no publication year in the title,https://www.hipcomic.com/listing/batman-adventures-3-cgc-graded-96-marvel-comic-book-joker-harley-quinn-jh38/21329412
hipcomic (52).csv,44,19098801,papercinema,520.00,USD,NEW GUARDIANS #2 // CGC 9.8 // 1st SNOWFLAME COCAINE VILLAIN // 3764190021,publisher not stated and not determinable from the series; no publication year in the title,https://www.hipcomic.com/listing/new-guardians-2-cgc-98-1st-snowflame-cocaine-villain-3764190021/19098801
hipcomic (52).csv,47,16463338,comicage,300.00,CAD,Astonishing Ant-Man (2015) # 1 (CGC 9.8 SS) Signed  Sketch  Scott Lobdell,publisher not stated and not determinable from the series,https://www.hipcomic.com/listing/astonishing-ant-man-2015-1-cgc-98-ss-signed-sketch-scott-lobdell/16463338
hipcomic (52).csv,48,16472524,comicage,500.00,CAD,Chastity : Crazytown (2002) # 3 (CGC 9.8 SS) Signed Brian Pulido * Census  =1,publisher not stated and not determinable from the series,https://www.hipcomic.com/listing/chastity-crazytown-2002-3-cgc-98-ss-signed-brian-pulido-census-1/16472524
hipcomic (53).csv,5,20479343,comicage,250.00,CAD,Vampirella: Dark Reflections (2024) # 1 (CGC 9.8) Signed Dave Dorman • Dynamite,signed or conserved book without a stated label type,https://www.hipcomic.com/listing/vampirella-dark-reflections-2024-1-cgc-98-signed-dave-dorman-o-dynamite/20479343
hipcomic (53).csv,6,20160832,comicage,600.00,CAD,Ghost Rider (1992) # 26 (CGC 9.8) Signed By Jim Lee * Scott Williams ( Marvel ),signed or conserved book without a stated label type,https://www.hipcomic.com/listing/ghost-rider-1992-26-cgc-98-signed-by-jim-lee-scott-williams-marvel/20160832
hipcomic (53).csv,9,15669388,dtacollectibles,140.00,USD,SPAWN #55 CGC 9.8-1996-Image-Comic book-3879912008,no publication year in the title,https://www.hipcomic.com/listing/spawn-55-cgc-98-1996-image-comic-book-3879912008/15669388
hipcomic (53).csv,10,12813773,comicage,150.00,CAD,Black Panther #25 (CGC 9.8) Cabal Variant Cover,no publication year in the title,https://www.hipcomic.com/listing/black-panther-25-cgc-98-cabal-variant-cover/12813773
hipcomic (53).csv,13,10226585,comicage,500.00,CAD,Champions (2016) # 1 (CGC SS 9.8) Signed By Artgem & Ramos | Sketch Cover,publisher not stated and not determinable from the series,https://www.hipcomic.com/listing/champions-2016-1-cgc-ss-98-signed-by-artgem-ramos-sketch-cover/10226585
hipcomic (53).csv,14,10708780,comicage,300.00,CAD,Hardware (1993) # 1 (CGC 9.0 SS WP) Signed (Cowan) & Sketch (Palmiotti),publisher not stated and not determinable from the series,https://www.hipcomic.com/listing/hardware-1993-1-cgc-90-ss-wp-signed-cowan-sketch-palmiotti/10708780
hipcomic (53).csv,16,15453336,dtacollectibles,175.00,USD,What If #15 CGC 9.8 comic book -Marvel-NOVA 4393772017,no publication year in the title,https://www.hipcomic.com/listing/what-if-15-cgc-98-comic-book-marvel-nova-4393772017/15453336
hipcomic (53).csv,20,20150731,comicage,300.00,CAD,X-Men (1991) # 3 (CGC 9.6) Signed By Chris Claremont * Marvel,signed or conserved book without a stated label type,https://www.hipcomic.com/listing/x-men-1991-3-cgc-96-signed-by-chris-claremont-marvel/20150731
hipcomic (53).csv,21,15998116,vintageexplosion,302.50,USD,Marvel Super Heroes Secret Wars #1--CGC 9.6--Newsstand--Marvel--3961793008,no publication year in the title,https://www.hipcomic.com/listing/marvel-super-heroes-secret-wars-1-cgc-96-newsstand-marvel-3961793008/15998116
hipcomic (53).csv,23,19422327,shauk786,399.99,USD,MIGHTY THOR #701 ALEX ROSS COVER CGC 9.8 SIGNATURE SERIES MARVEL.,no publication year in the title,https://www.hipcomic.com/listing/mighty-thor-701-alex-ross-cover-cgc-98-signature-series-marvel/19422327
hipcomic (53).csv,24,12884881,comicage,300.00,CAD,Amazing Spider-m (2022) # 10 (CGC WP SS 9.8) Signed Mark Brooks,publisher not stated and not determinable from the series,https://www.hipcomic.com/listing/amazing-spider-m-2022-10-cgc-wp-ss-98-signed-mark-brooks/12884881
hipcomic (53).csv,26,17192117,comicage,400.00,CAD,Godzilla:Here There Be Dragons Reprint (2024) 1 (CGC 9.8) Signed Tieri* Panosian,signed or conserved book without a stated label type; publisher not stated and not determinable from the series,https://www.hipcomic.com/listing/godzillahere-there-be-dragons-reprint-2024-1-cgc-98-signed-tieri-panosian/17192117
hipcomic (53).csv,29,19577024,comicage,550.00,CAD,New Adventures Of Cholly & Flytrap (1991) # 3 (CGC 9.8 SS) Signed Arthur Suydam,publisher not stated and not determinable from the series,https://www.hipcomic.com/listing/new-adventures-of-cholly-flytrap-1991-3-cgc-98-ss-signed-arthur-suydam/19577024
hipcomic (53).csv,30,20150333,comicage,500.00,CAD,Uncanny X-Men (1990) # 257 CGC 9.6 WP) Signed Jim Lee + Claremont + Williams,signed or conserved book without a stated label type,https://www.hipcomic.com/listing/uncanny-x-men-1990-257-cgc-96-wp-signed-jim-lee-claremont-williams/20150333
hipcomic (53).csv,32,15669309,dtacollectibles,210.00,USD,BATMAN BEYOND #9 CGC 9.8 DC comic book--2000 4376334011,no publication year in the title,https://www.hipcomic.com/listing/batman-beyond-9-cgc-98-dc-comic-book-2000-4376334011/15669309
hipcomic (53).csv,35,19410150,AtlantaClassicComics,424.99,USD,Superman's Girlfriend Lois Lane # 120 CGC Graded 9.2 DC Comic Book Bondage JH18,no publication year in the title,https://www.hipcomic.com/listing/supermans-girlfriend-lois-lane-120-cgc-graded-92-dc-comic-book-bondage-jh18/19410150
hipcomic (53).csv,37,19098703,papercinema,422.50,USD,Secret Mysteries #16  1954 - Master -CGC 4.0 - Comic Book-2014737002,publisher not stated and not determinable from the series,https://www.hipcomic.com/listing/secret-mysteries-16-1954-master-cgc-40-comic-book-2014737002/19098703
hipcomic (53).csv,38,12813942,comicage,500.00,CAD,Vengeance (2011) # 1 (CGC 9.6) | 1st App Miss America ~ Joe Casey Story,publisher not stated and not determinable from the series,https://www.hipcomic.com/listing/vengeance-2011-1-cgc-96-1st-app-miss-america-joe-casey-story/12813942
hipcomic (53).csv,39,15706066,vintageexplosion,302.50,USD,FLASH #138--CGC 9.8--comic book--Black Flash--DC--1998--4253372010,no publication year in the title,https://www.hipcomic.com/listing/flash-138-cgc-98-comic-book-black-flash-dc-1998-4253372010/15706066
hipcomic (53).csv,41,19097285,papercinema,637.50,USD,KID FROM DODGE CITY #1-CGC 7.0- ATLAS WESTERN-SOUTHERN STATES - 1173075001,publisher not stated and not determinable from the series; no publication year in the title,https://www.hipcomic.com/listing/kid-from-dodge-city-1-cgc-70-atlas-western-southern-states-1173075001/19097285
hipcomic (53).csv,42,17943698,comicage,270.00,CAD,Batman & Robin Adventures Annual (1996) # 1  (CGC 9.6 ) 1st Phantasm continuity,publisher not stated and not determinable from the series,https://www.hipcomic.com/listing/batman-robin-adventures-annual-1996-1-cgc-96-1st-phantasm-continuity/17943698
hipcomic (53).csv,43,16472491,comicage,500.00,CAD,Teenage Mutant Ninja (2024) # 1 (CGC SS 9.8) Signed & Vigil * Eastmen * Drax Gal,publisher not stated and not determinable from the series,https://www.hipcomic.com/listing/teenage-mutant-ninja-2024-1-cgc-ss-98-signed-vigil-eastmen-drax-gal/16472491
hipcomic (53).csv,46,19097986,papercinema,344.50,USD,Strawberry Shortcake #1 CGC 9.8 // Marvel // First issue // 2038910001,no publication year in the title,https://www.hipcomic.com/listing/strawberry-shortcake-1-cgc-98-marvel-first-issue-2038910001/19097986
hipcomic (53).csv,48,20639880,comicage,400.00,CAD,Venom Carnage (2004) # 4 (CGC SS 9.8 WP) Signed By Clayton Crain,publisher not stated and not determinable from the series,https://www.hipcomic.com/listing/venom-carnage-2004-4-cgc-ss-98-wp-signed-by-clayton-crain/20639880
hipcomic (54).csv,3,4865307,dtacollectibles,140.00,USD,FIRESTORM #24 CGC 9.6 1st Blue Devil DC 2021161003,no publication year in the title,https://www.hipcomic.com/listing/firestorm-24-cgc-96-1st-blue-devil-dc-2021161003/4865307
hipcomic (54).csv,5,21661051,papercinema,455.00,USD,Adventures into the Unknown #23 CGC 5.5 (1951) 4349184024-Vampire-Supernatural,publisher not stated and not determinable from the series,https://www.hipcomic.com/listing/adventures-into-the-unknown-23-cgc-55-1951-4349184024-vampire-supernatural/21661051
hipcomic (54).csv,6,14140250,comicage,300.00,CAD,Fantastic Four : Wedding Special (2019) #1 (CGC 9.8 SS) Signed Stanley,publisher not stated and not determinable from the series,https://www.hipcomic.com/listing/fantastic-four-wedding-special-2019-1-cgc-98-ss-signed-stanley/14140250
hipcomic (54).csv,9,10239938,comicage,675.00,CAD,Domu A Child’s Dream (1995) # 1 (CGC 9.6 WP) | 1st Print Rare | Katsuhiro Otomo,publisher not stated and not determinable from the series,https://www.hipcomic.com/listing/domu-a-childs-dream-1995-1-cgc-96-wp-1st-print-rare-katsuhiro-otomo/10239938
hipcomic (54).csv,11,13871381,ksoat,399.00,USD,Frankie Doodle #7 CGC 4.0 1939 Very Rare Highest Graded Copy,publisher not stated and not determinable from the series,https://www.hipcomic.com/listing/frankie-doodle-7-cgc-40-1939-very-rare-highest-graded-copy/13871381
hipcomic (54).csv,12,19653246,papercinema,910.00,USD,Startling Terror Tales #12-CGC 1.8--1952--L.B. COLE--comic book-4075138009,publisher not stated and not determinable from the series; no publication year in the title,https://www.hipcomic.com/listing/startling-terror-tales-12-cgc-18-1952-lb-cole-comic-book-4075138009/19653246
hipcomic (54).csv,15,17632160,comicage,550.00,CAD,Wonder Woman (2023) #1 (CGC 9.8) Signed Jim Lee  *Alex Sinclair * Scott Williams,signed or conserved book without a stated label type,https://www.hipcomic.com/listing/wonder-woman-2023-1-cgc-98-signed-jim-lee-alex-sinclair-scott-williams/17632160
hipcomic (54).csv,17,17207080,comicage,450.00,CAD,Gargoyles Quest (2024) # 1 (CGC 9.8 SS) signed Clayton Crain * Census = 1,publisher not stated and not determinable from the series,https://www.hipcomic.com/listing/gargoyles-quest-2024-1-cgc-98-ss-signed-clayton-crain-census-1/17207080
hipcomic (54).csv,18,16472536,comicage,500.00,CAD,Purgatori Preview Book (1999) #nn (CGC 9.8 SS) Signed Brian Pulido * Census = 1,publisher not stated and not determinable from the series,https://www.hipcomic.com/listing/purgatori-preview-book-1999-nn-cgc-98-ss-signed-brian-pulido-census-1/16472536
hipcomic (54).csv,19,10478298,comicage,250.00,CAD,Power Rangers  (2021) # 12 (CGC 9.8WP) Parel Cover Census 1!!,publisher not stated and not determinable from the series,https://www.hipcomic.com/listing/power-rangers-2021-12-cgc-98wp-parel-cover-census-1/10478298
hipcomic (54).csv,23,19588915,comicage,400.00,CAD,Batman : year Two (2025) # 1 (CGC 9.8 SS) SignedAlan Davis *Census = 4,publisher not stated and not determinable from the series,https://www.hipcomic.com/listing/batman-year-two-2025-1-cgc-98-ss-signedalan-davis-census-4/19588915
hipcomic (54).csv,24,10478337,comicage,250.00,CAD,Black Manta  (2021) #1 (CGC 9.8) Manapul Variant Cover Census 4!,publisher not stated and not determinable from the series,https://www.hipcomic.com/listing/black-manta-2021-1-cgc-98-manapul-variant-cover-census-4/10478337
hipcomic (54).csv,27,21162615,AtlantaClassicComics,624.99,USD,Superman Adventures # 58 CGC Graded 9.6 DC Comic Book Alex Ross Cover Art JH35,no publication year in the title,https://www.hipcomic.com/listing/superman-adventures-58-cgc-graded-96-dc-comic-book-alex-ross-cover-art-jh35/21162615
hipcomic (54).csv,28,17688970,comicage,400.00,CAD,Vengeance  Moon Knight  (2024) #1 (CGC 9.8) Signed Alessandro Cappucio Census =1,signed or conserved book without a stated label type; publisher not stated and not determinable from the series,https://www.hipcomic.com/listing/vengeance-moon-knight-2024-1-cgc-98-signed-alessandro-cappucio-census-1/17688970
hipcomic (54).csv,30,14201691,comicage,500.00,CAD,Spirits Of Vengeance : Spirit Rider (2021) # 1 (CGC 9.8) Signed Bill sienkiewicz,signed or conserved book without a stated label type; publisher not stated and not determinable from the series,https://www.hipcomic.com/listing/spirits-of-vengeance-spirit-rider-2021-1-cgc-98-signed-bill-sienkiewicz/14201691
hipcomic (54).csv,33,13311050,comicage,330.00,CAD,Lady Rawhide (1995) #3 (CGC 9.8 SS) Signed Adam Hughes  Don Mcgregor Story,publisher not stated and not determinable from the series,https://www.hipcomic.com/listing/lady-rawhide-1995-3-cgc-98-ss-signed-adam-hughes-don-mcgregor-story/13311050
hipcomic (54).csv,35,12791610,comicage,500.00,CAD,Paper Girls (2015) #1 (CGC 9.8 WP) Signed Brian K. Vaughan • 1st Appearance,signed or conserved book without a stated label type,https://www.hipcomic.com/listing/paper-girls-2015-1-cgc-98-wp-signed-brian-k-vaughan-o-1st-appearance/12791610
hipcomic (54).csv,37,15669985,dtacollectibles,154.00,USD,BATMAN BEYOND #13 CGC 9.8 DC comic book--2000 4376334013,no publication year in the title,https://www.hipcomic.com/listing/batman-beyond-13-cgc-98-dc-comic-book-2000-4376334013/15669985
hipcomic (54).csv,42,17359383,comicage,450.00,CAD,Gargoyles : Quest (2024) # 1 (CGC 9.8 SS) signed Clayton Crain * Census = 2 War,publisher not stated and not determinable from the series,https://www.hipcomic.com/listing/gargoyles-quest-2024-1-cgc-98-ss-signed-clayton-crain-census-2-war/17359383
hipcomic (54).csv,44,20670596,comicage,350.00,CAD,Incredible Hulk : Facsmile Edition (2023) # 1 (CGC 9.8 SS) Signed Kaare Andrews,publisher not stated and not determinable from the series,https://www.hipcomic.com/listing/incredible-hulk-facsmile-edition-2023-1-cgc-98-ss-signed-kaare-andrews/20670596
hipcomic (54).csv,45,15671220,dtacollectibles,245.00,USD,Marc Spector Moon Knight #19 CGC 9.8 comic book NEWSSTAND VARIANT-3804824003,no publication year in the title,https://www.hipcomic.com/listing/marc-spector-moon-knight-19-cgc-98-comic-book-newsstand-variant-3804824003/15671220
hipcomic (54).csv,47,19430578,comicage,508.00,CAD,American Jesus :The New Messiah  (2019) 1 (CGC 9.8)Signed & Sketch Scott Lobdell,signed or conserved book without a stated label type; publisher not stated and not determinable from the series,https://www.hipcomic.com/listing/american-jesus-the-new-messiah-2019-1-cgc-98signed-sketch-scott-lobdell/19430578
hipcomic (55).csv,2,21633405,AtlantaClassicComics,399.99,USD,Miracleman # 13 CGC Graded 9.8 Eclipse Comic Book Alan Moore 1987 JH42,publisher not stated and not determinable from the series,https://www.hipcomic.com/listing/miracleman-13-cgc-graded-98-eclipse-comic-book-alan-moore-1987-jh42/21633405
hipcomic (55).csv,5,12935461,comicage,500.00,CAD,Murderworld: Avengers (2023) # 1 (CGC SS 9.8) Signed Ryan Brown Variant Cover,publisher not stated and not determinable from the series,https://www.hipcomic.com/listing/murderworld-avengers-2023-1-cgc-ss-98-signed-ryan-brown-variant-cover/12935461
hipcomic (55).csv,6,10237816,comicage,125.00,CAD,Venom # 35 (CGC 9.8) Torque Variant Cover,no publication year in the title,https://www.hipcomic.com/listing/venom-35-cgc-98-torque-variant-cover/10237816
hipcomic (55).csv,8,21273551,AtlantaClassicComics,499.99,USD,Transformers Generation 2 # 6 CGC Graded 9.8 Marvel Comic Book 1st Print JH37,no publication year in the title,https://www.hipcomic.com/listing/transformers-generation-2-6-cgc-graded-98-marvel-comic-book-1st-print-jh37/21273551
hipcomic (55).csv,9,2665668,dtacollectibles,133.00,USD,BATMAN: SHADOW OF THE BAT #83 -CGC 9.4 WHITE -HUNTRESS NEW BATGIRL 1196808009,publisher not stated and not determinable from the series; no publication year in the title,https://www.hipcomic.com/listing/batman-shadow-of-the-bat-83-cgc-94-white-huntress-new-batgirl-1196808009/2665668
hipcomic (55).csv,15,10483906,comicage,500.00,CAD,House Of Slaughter (2021) # 1 (CGC 9.8) Signed Tynion IV  & Dell’Edera (1:500),signed or conserved book without a stated label type,https://www.hipcomic.com/listing/house-of-slaughter-2021-1-cgc-98-signed-tynion-iv-delledera-1500/10483906
hipcomic (55).csv,16,10239844,comicage,500.00,CAD,Avengers Academy (2010) # 1 (CGC 9.8)  1st App Finesse Mettle Mettie Hazmat Veil,publisher not stated and not determinable from the series,https://www.hipcomic.com/listing/avengers-academy-2010-1-cgc-98-1st-app-finesse-mettle-mettie-hazmat-veil/10239844
hipcomic (55).csv,19,20019912,Subz100,640.00,USD,"Spider-Men II (2017), 1:50 Tedesco Variant Cover, CGC Graded 9.8",no issue number in the title; publisher not stated and not determinable from the series,https://www.hipcomic.com/listing/spider-men-ii-2017-150-tedesco-variant-cover-cgc-graded-98/20019912
hipcomic (55).csv,26,17687158,comicage,350.00,CAD,Vampire Macabre (2022) # 1 (CGC 9.8) Signed Frank Forte & Tim Vigil • Asylum,signed or conserved book without a stated label type; publisher not stated and not determinable from the series,https://www.hipcomic.com/listing/vampire-macabre-2022-1-cgc-98-signed-frank-forte-tim-vigil-o-asylum/17687158
hipcomic (55).csv,33,14442735,comicage,500.00,CAD,"Quantum Leap (1992) # 5 (CGC 8.0 SS) signed &"" Creator & Ziggy"" Deborah Pratt",publisher not stated and not determinable from the series,https://www.hipcomic.com/listing/quantum-leap-1992-5-cgc-80-ss-signed-creator-ziggy-deborah-pratt/14442735
hipcomic (55).csv,38,20019902,Subz100,550.00,USD,"What if Peter Parker Became Punisher 1, Jusko Variant Cover, CGC Graded 9.8",publisher not stated and not determinable from the series; no publication year in the title,https://www.hipcomic.com/listing/what-if-peter-parker-became-punisher-1-jusko-variant-cover-cgc-graded-98/20019902
hipcomic (55).csv,39,20241099,comicage,250.00,CAD,Crossfire (1985) # 12 (CGC 9.4) Dave Stevens Cover Eclipse • Marilyn Monroe,publisher not stated and not determinable from the series,https://www.hipcomic.com/listing/crossfire-1985-12-cgc-94-dave-stevens-cover-eclipse-o-marilyn-monroe/20241099
hipcomic (55).csv,42,19936869,comicage,400.00,CAD,Faust (2012) # 15 (CGC 9.4 SS) Signed & Sketch Tim Vigil * Census Higher = 3,publisher not stated and not determinable from the series,https://www.hipcomic.com/listing/faust-2012-15-cgc-94-ss-signed-sketch-tim-vigil-census-higher-3/19936869
hipcomic (55).csv,43,18098034,rdbeard,210.00,USD,"AMERICAN LIBRARY nn (#2) - CGC-7.0, OW - Guadalcanal Diary - Movie",publisher not stated and not determinable from the series; no publication year in the title,https://www.hipcomic.com/listing/american-library-nn-2-cgc-70-ow-guadalcanal-diary-movie/18098034
hipcomic (55).csv,44,17339753,comicage,450.00,CAD,Predator VS Wolverine (2023) # 1 (CGC 9.8) Signed Sketch Alex Maleev * Census =3,signed or conserved book without a stated label type,https://www.hipcomic.com/listing/predator-vs-wolverine-2023-1-cgc-98-signed-sketch-alex-maleev-census-3/17339753
hipcomic (55).csv,48,15452145,dtacollectibles,140.00,USD,BATMAN #364-CGC 9.6 WP-chimera-HIGH GRADE-NM - 0206992034,no publication year in the title,https://www.hipcomic.com/listing/batman-364-cgc-96-wp-chimera-high-grade-nm-0206992034/15452145
hipcomic (56).csv,6,16694094,dtacollectibles,231.00,USD,Spider-Man Unlimited #1 CGC 9.8  First Maximum Carnage-Marvel 3804823016,no publication year in the title,https://www.hipcomic.com/listing/spider-man-unlimited-1-cgc-98-first-maximum-carnage-marvel-3804823016/16694094
hipcomic (56).csv,12,12813651,comicage,180.00,CAD,Purgatori Vs Lady Death (2001) # 1 (CGC 9.6 WP) Premium Edition,publisher not stated and not determinable from the series,https://www.hipcomic.com/listing/purgatori-vs-lady-death-2001-1-cgc-96-wp-premium-edition/12813651
hipcomic (56).csv,13,21734261,anthonyscomicbookart,299.95,USD,Looney Tunes & Merrie Melodies Comics #130 - Golden Age (CGC 7.0) 1952,publisher not stated and not determinable from the series,https://www.hipcomic.com/listing/looney-tunes-merrie-melodies-comics-130-golden-age-cgc-70-1952/21734261
hipcomic (56).csv,18,21734265,anthonyscomicbookart,349.95,USD,Tom & Jerry's Toy Fair #1 - 30Cent Price Variant / Painted Cover (CGC 9.6) 1958,publisher not stated and not determinable from the series,https://www.hipcomic.com/listing/tom-jerrys-toy-fair-1-30cent-price-variant-painted-cover-cgc-96-1958/21734265
hipcomic (56).csv,19,20099619,comicage,800.00,CAD,Amazing Spider-Man (1988) # 307 (CGC 9.8 WP) Signed Full Todd Mcfarlane • C=18,signed or conserved book without a stated label type,https://www.hipcomic.com/listing/amazing-spider-man-1988-307-cgc-98-wp-signed-full-todd-mcfarlane-o-c18/20099619
hipcomic (56).csv,21,20479397,comicage,500.00,CAD,Wonder Woman 77 Meets Bionic Woman (2017) # 3 (CGC 9.8 ) Signed Lindsay Wagner,signed or conserved book without a stated label type; publisher not stated and not determinable from the series,https://www.hipcomic.com/listing/wonder-woman-77-meets-bionic-woman-2017-3-cgc-98-signed-lindsay-wagner/20479397
hipcomic (56).csv,22,20160828,comicage,350.00,CAD,Ghost Rider (1992) # 27 (CGC 9.6) Signed By Jim Lee * Scott Williams ( Marvel ),signed or conserved book without a stated label type,https://www.hipcomic.com/listing/ghost-rider-1992-27-cgc-96-signed-by-jim-lee-scott-williams-marvel/20160828
hipcomic (56).csv,23,5057961,dtacollectibles,175.00,USD,Alexandria Ocasio-Cortez & Freshman Force #1 CGC 9.8 Convention Preview Varia...,publisher not stated and not determinable from the series; no publication year in the title,https://www.hipcomic.com/listing/alexandria-ocasio-cortez-freshman-force-1-cgc-98-convention-preview-varia/5057961
hipcomic (56).csv,24,19097209,papercinema,1042.50,USD,JUNGLE ACTION #1-ATLAS-CGC 7.5-JOE MANEELY-LO-ZAR-SOUTHERN STATES 1173075015,publisher not stated and not determinable from the series; no publication year in the title,https://www.hipcomic.com/listing/jungle-action-1-atlas-cgc-75-joe-maneely-lo-zar-southern-states-1173075015/19097209
hipcomic (56).csv,26,12533921,comicage,750.00,CAD,Batwing (2013) # 19 (CGC 9.8 WP) | 1st App Luke Fox | Only 43 In Census,publisher not stated and not determinable from the series,https://www.hipcomic.com/listing/batwing-2013-19-cgc-98-wp-1st-app-luke-fox-only-43-in-census/12533921
hipcomic (56).csv,28,12721848,comicage,500.00,CAD,Harley Quinn 30th Anniversary (2022) # 1 (CGC 9.8 SS) 1:50 Signed Alex Sinclair!,publisher not stated and not determinable from the series,https://www.hipcomic.com/listing/harley-quinn-30th-anniversary-2022-1-cgc-98-ss-150-signed-alex-sinclair/12721848
hipcomic (56).csv,30,20263839,comicage,300.00,CAD,Judge Dredd (1983) # 1 (CGC 9.2 WP) 1st US App Judge Dredd,publisher not stated and not determinable from the series,https://www.hipcomic.com/listing/judge-dredd-1983-1-cgc-92-wp-1st-us-app-judge-dredd/20263839
hipcomic (56).csv,32,12931281,dtacollectibles,210.00,USD,FLASH #141 CGC 9.6 comic book-First Black Flash appearance-DC 4253450012,no publication year in the title,https://www.hipcomic.com/listing/flash-141-cgc-96-comic-book-first-black-flash-appearance-dc-4253450012/12931281
hipcomic (56).csv,35,20377859,comicage,400.00,CAD,Captain America (1989) # 353 (CGC 9.8) Signed Al Milgrom • 1st App • Marvel,signed or conserved book without a stated label type,https://www.hipcomic.com/listing/captain-america-1989-353-cgc-98-signed-al-milgrom-o-1st-app-o-marvel/20377859
hipcomic (56).csv,36,20668175,anthonyscomicbookart,124.95,USD,Wolverine #3 - Signed Chris Claremont (CGC Qual 9.0) 1982,signed or conserved book without a stated label type,https://www.hipcomic.com/listing/wolverine-3-signed-chris-claremont-cgc-qual-90-1982/20668175
hipcomic (56).csv,41,16505446,comicage,750.00,CAD,Sheena Queen of the Jungle (2021) # V2 # 1 (CGC 9.8) Signed Tim Vigil * Dynamite,signed or conserved book without a stated label type,https://www.hipcomic.com/listing/sheena-queen-of-the-jungle-2021-v2-1-cgc-98-signed-tim-vigil-dynamite/16505446
hipcomic (56).csv,42,20263841,comicage,300.00,CAD,Hellion (2020) # 2 (CGC 9.8 SS) Signed Jay Anacleto * Unknown Comics Virgin,publisher not stated and not determinable from the series,https://www.hipcomic.com/listing/hellion-2020-2-cgc-98-ss-signed-jay-anacleto-unknown-comics-virgin/20263841
hipcomic (56).csv,43,13862910,comicage,450.00,CAD,Ghost Rider/Blaze: Spirits of Venom #6(1993)CGC 9.8 Signed & Sketch Ken Steacy,signed or conserved book without a stated label type; publisher not stated and not determinable from the series,https://www.hipcomic.com/listing/ghost-rider-blaze-spirits-of-venom-61993cgc-98-signed-sketch-ken-steacy/13862910
hipcomic (56).csv,46,15836310,rdbeard,625.00,USD,"JO-JO COMICS #7B (#8) - CGC-6.5, OW-W - Fox - 2nd Jo-Jo - Golden Age",publisher not stated and not determinable from the series; no publication year in the title,https://www.hipcomic.com/listing/jo-jo-comics-7b-8-cgc-65-ow-w-fox-2nd-jo-jo-golden-age/15836310
hipcomic (56).csv,47,8751009,dtacollectibles,189.00,USD,SPIDER-MAN #24 CGC 9.8 1st DOPPELGANGER-MARVEL COMIC BOOK 3803451023,no publication year in the title,https://www.hipcomic.com/listing/spider-man-24-cgc-98-1st-doppelganger-marvel-comic-book-3803451023/8751009
hipcomic (57).csv,2,19096682,papercinema,675.00,USD,Topsy-Turvy #1 CGC 7.0- 1st Appearance of Cookie -SOUTHERN STATES - 1161205001,publisher not stated and not determinable from the series; no publication year in the title,https://www.hipcomic.com/listing/topsy-turvy-1-cgc-70-1st-appearance-of-cookie-southern-states-1161205001/19096682
hipcomic (57).csv,5,19665175,papercinema,585.00,USD,STRANGE FANTASY #8 CGC 5.0 1953-AJAX-PRE-CODE HORROR-SKELETON 1175603003,publisher not stated and not determinable from the series,https://www.hipcomic.com/listing/strange-fantasy-8-cgc-50-1953-ajax-pre-code-horror-skeleton-1175603003/19665175
hipcomic (57).csv,6,19095716,papercinema,1170.00,USD,John Wayne Adventure #14 CGC 8.5 1952- SANDS OF IWO JIMA comic book 4514814012,publisher not stated and not determinable from the series,https://www.hipcomic.com/listing/john-wayne-adventure-14-cgc-85-1952-sands-of-iwo-jima-comic-book-4514814012/19095716
hipcomic (57).csv,10,21442287,comicage,408.00,CAD,Iron Man (1979) #81/82 (CGC 7.0 ) Signed Bob Layton #128 Demon in a Bottle,signed or conserved book without a stated label type,https://www.hipcomic.com/listing/iron-man-1979-81-82-cgc-70-signed-bob-layton-128-demon-in-a-bottle/21442287
hipcomic (57).csv,11,13281136,dtacollectibles,420.00,USD,Teen Titans Go! #41 CGC 9.8-2007 1st PINK-X-DC-comic book 4253099005,no publication year in the title,https://www.hipcomic.com/listing/teen-titans-go-41-cgc-98-2007-1st-pink-x-dc-comic-book-4253099005/13281136
hipcomic (57).csv,12,10478333,comicage,250.00,CAD,Dark Ages (2021) #1 (CGC 9.6) Variant Ed. Census 13,publisher not stated and not determinable from the series,https://www.hipcomic.com/listing/dark-ages-2021-1-cgc-96-variant-ed-census-13/10478333
hipcomic (57).csv,16,17667565,comicage,550.00,CAD,G.I. Joe 1986 #47 (CGC 9.4) Signed Larry Hama *Census=2 * Canadian Price Variant,signed or conserved book without a stated label type,https://www.hipcomic.com/listing/gi-joe-1986-47-cgc-94-signed-larry-hama-census2-canadian-price-variant/17667565
hipcomic (57).csv,18,13985528,vintageexplosion,247.50,USD,NIGHTWING #93--CGC 9.8--2004--Death of Blockbuster--comic--4253372016,no publication year in the title,https://www.hipcomic.com/listing/nightwing-93-cgc-98-2004-death-of-blockbuster-comic-4253372016/13985528
hipcomic (57).csv,19,13246673,dtacollectibles,140.00,USD,AVENGERS #263 CGC graded 9.8-Jean Grey cocoon found 4254920004,no publication year in the title,https://www.hipcomic.com/listing/avengers-263-cgc-graded-98-jean-grey-cocoon-found-4254920004/13246673
hipcomic (57).csv,21,15841916,dtacollectibles,168.00,USD,What The #11 CGC 9.8 Wolverina 1991 Wolverine parody 2050854011,publisher not stated and not determinable from the series,https://www.hipcomic.com/listing/what-the-11-cgc-98-wolverina-1991-wolverine-parody-2050854011/15841916
hipcomic (57).csv,22,15797188,comicage,500.00,CAD,Faust  (1992) # v2 #4 ( CGC 9.6 SS) Signed & Sketch  Tim Vigil * Rebel Studios,publisher not stated and not determinable from the series,https://www.hipcomic.com/listing/faust-1992-v2-4-cgc-96-ss-signed-sketch-tim-vigil-rebel-studios/15797188
hipcomic (57).csv,24,15453358,dtacollectibles,315.00,USD,Rock N Roll Comics #13 CGC 9.8 1990-LED ZEPPELIN-COMIC BOOK 4393769010,publisher not stated and not determinable from the series,https://www.hipcomic.com/listing/rock-n-roll-comics-13-cgc-98-1990-led-zeppelin-comic-book-4393769010/15453358
hipcomic (57).csv,29,10239554,comicage,450.00,CAD,Razorline: The First Cut (1993) # 1 (CGC 9.8 WP) | 1st PrevIew Ectokid |1census,publisher not stated and not determinable from the series,https://www.hipcomic.com/listing/razorline-the-first-cut-1993-1-cgc-98-wp-1st-preview-ectokid-1census/10239554
hipcomic (57).csv,30,17623000,comicage,450.00,CAD,Marvel Zombies : Black White & Blood#2 (CGC 9.8) Signed  Cory Smith * Census = 2,signed or conserved book without a stated label type; no publication year in the title,https://www.hipcomic.com/listing/marvel-zombies-black-white-blood2-cgc-98-signed-cory-smith-census-2/17623000
hipcomic (57).csv,35,21417657,AtlantaClassicComics,449.99,USD,Realm Of X # 1 CGC Graded 9.8 Marvel Comic Book Bachalo Virgin Variant JH39,no publication year in the title,https://www.hipcomic.com/listing/realm-of-x-1-cgc-graded-98-marvel-comic-book-bachalo-virgin-variant-jh39/21417657
hipcomic (57).csv,37,10239391,comicage,350.00,CAD,Danger Girl # 3 (CGC SS 9.6) Signed By J. Scott Campbell!!,publisher not stated and not determinable from the series; no publication year in the title,https://www.hipcomic.com/listing/danger-girl-3-cgc-ss-96-signed-by-j-scott-campbell/10239391
hipcomic (57).csv,42,10239604,comicage,337.50,CAD,Hellboy: Makoma (2006) # 1 (CGC - 9.8) | Mike Mignola | Richard Corben Cover,publisher not stated and not determinable from the series,https://www.hipcomic.com/listing/hellboy-makoma-2006-1-cgc-98-mike-mignola-richard-corben-cover/10239604
hipcomic (57).csv,44,14899392,comicage,500.00,CAD,X-Men Adventures (1994) # v2# 1 (CGC 9.8 SS) Signed Ralph Macchio * Census = 1,publisher not stated and not determinable from the series,https://www.hipcomic.com/listing/x-men-adventures-1994-v2-1-cgc-98-ss-signed-ralph-macchio-census-1/14899392
hipcomic (57).csv,45,17359380,comicage,450.00,CAD,Miguel O'Hara Spider-Man 2099 # 1 (CGC 9.8) Signed Alessandro Cappucio *Census=2,signed or conserved book without a stated label type; publisher not stated and not determinable from the series; no publication year in the title,https://www.hipcomic.com/listing/miguel-ohara-spider-man-2099-1-cgc-98-signed-alessandro-cappucio-census2/17359380
hipcomic (58).csv,3,10239188,comicage,300.00,CAD,Daredevil #v2 (2008) #111 (CGC 9.6) 1st App Of Lady Bullseye,publisher not stated and not determinable from the series,https://www.hipcomic.com/listing/daredevil-v2-2008-111-cgc-96-1st-app-of-lady-bullseye/10239188
hipcomic (58).csv,4,15842071,dtacollectibles,126.00,USD,CATWOMAN #69 CGC 9.8-Adam Hughes cover DC comic book 4254921009,no publication year in the title,https://www.hipcomic.com/listing/catwoman-69-cgc-98-adam-hughes-cover-dc-comic-book-4254921009/15842071
hipcomic (58).csv,7,14189175,comicage,750.00,CAD,Red Goblin (2023) # 1 (CGC 9.8 SS) Signed & Sketch Inhyuk Lee Virgin Edition c=1,publisher not stated and not determinable from the series,https://www.hipcomic.com/listing/red-goblin-2023-1-cgc-98-ss-signed-sketch-inhyuk-lee-virgin-edition-c1/14189175
hipcomic (58).csv,8,2666085,dtacollectibles,175.00,USD,PREACHER #4-CGC 9.6-1995-WP-GARTH ENNIS/STEVE DILLON 0228274003,no publication year in the title,https://www.hipcomic.com/listing/preacher-4-cgc-96-1995-wp-garth-ennis-steve-dillon-0228274003/2666085
hipcomic (58).csv,10,13156127,comicage,650.00,CAD,Persuasion (2022) # 4 (CGC 9.9 SS) Who Did It Better A • Signed Ryan Kincaid,publisher not stated and not determinable from the series,https://www.hipcomic.com/listing/persuasion-2022-4-cgc-99-ss-who-did-it-better-a-o-signed-ryan-kincaid/13156127
hipcomic (58).csv,15,19653113,papercinema,562.50,USD,"Sports Illustrated Nov 7, 1955 CGC 9.0 -Bob Pellegrini cover 4632777020",publisher not stated and not determinable from the series,https://www.hipcomic.com/listing/sports-illustrated-nov-7-1955-cgc-90-bob-pellegrini-cover-4632777020/19653113
hipcomic (58).csv,18,13794027,dtacollectibles,133.00,USD,DC Comics Presents #85 CGC 9.8 comic book Swamp Thing-Superman 4318362015,no publication year in the title,https://www.hipcomic.com/listing/dc-comics-presents-85-cgc-98-comic-book-swamp-thing-superman-4318362015/13794027
hipcomic (58).csv,19,21633409,AtlantaClassicComics,399.99,USD,Detective Comics Annual # 12 CGC Graded 9.8 DC Comic Book Artgerm Batman JH42,no publication year in the title,https://www.hipcomic.com/listing/detective-comics-annual-12-cgc-graded-98-dc-comic-book-artgerm-batman-jh42/21633409
hipcomic (58).csv,23,12925857,comicage,500.00,CAD,X-lives Of Wolverine (2022) #5 (CGC 9.8 SS) Signed & Sketch Marco Turini,publisher not stated and not determinable from the series,https://www.hipcomic.com/listing/x-lives-of-wolverine-2022-5-cgc-98-ss-signed-sketch-marco-turini/12925857
hipcomic (58).csv,25,15349573,comicage,350.00,CAD,Broken Halo  (1999) # 1 ( CGC 9.6 SS) Signed & Sketch Tim Vigil,publisher not stated and not determinable from the series,https://www.hipcomic.com/listing/broken-halo-1999-1-cgc-96-ss-signed-sketch-tim-vigil/15349573
hipcomic (58).csv,27,21442201,comicage,350.00,CAD,House Of Slaughter (2021) # 1 (CGC 9.8 WP) | Signed Frison + Tynion IV,signed or conserved book without a stated label type,https://www.hipcomic.com/listing/house-of-slaughter-2021-1-cgc-98-wp-signed-frison-tynion-iv/21442201
hipcomic (58).csv,29,15669386,dtacollectibles,140.00,USD,SPAWN #46 CGC 9.8-1996-Image-Comic book-3879912006,no publication year in the title,https://www.hipcomic.com/listing/spawn-46-cgc-98-1996-image-comic-book-3879912006/15669386
hipcomic (58).csv,31,14442620,comicage,500.00,CAD,Alice Never After (2023) # 1 (CGC 9.8 SS) Signed & Sketch Dan Ponasion Census =1,publisher not stated and not determinable from the series,https://www.hipcomic.com/listing/alice-never-after-2023-1-cgc-98-ss-signed-sketch-dan-ponasion-census-1/14442620
hipcomic (58).csv,35,13246694,dtacollectibles,126.00,USD,MICRONAUTS #8 CGC 9.6 1st Captain Universe marvel cosmic 4253371005,no publication year in the title,https://www.hipcomic.com/listing/micronauts-8-cgc-96-1st-captain-universe-marvel-cosmic-4253371005/13246694
hipcomic (58).csv,37,19097190,papercinema,747.50,USD,Jim Ray's Aviation Sketchbook #1  1946 - N/A -CGC 9.0 - Comic Book-1197194020,publisher not stated and not determinable from the series,https://www.hipcomic.com/listing/jim-rays-aviation-sketchbook-1-1946-n-a-cgc-90-comic-book-1197194020/19097190
hipcomic (58).csv,41,15488295,rdbeard,140.00,USD,"ROBIN HOOD TALES #3 - CGC-5.5, WP - Quality - Golden Age",no publication year in the title,https://www.hipcomic.com/listing/robin-hood-tales-3-cgc-55-wp-quality-golden-age/15488295
hipcomic (58).csv,44,14832458,comicage,500.00,CAD,Batman Beyond : Neo Year (2022) # 1 (CGC 9.8 SS) Signed Simone Di Meo * Variant,publisher not stated and not determinable from the series,https://www.hipcomic.com/listing/batman-beyond-neo-year-2022-1-cgc-98-ss-signed-simone-di-meo-variant/14832458
hipcomic (58).csv,47,15219488,comicage,500.00,CAD,Book of Slaughter (2022) # 1 (CGC 9.8 SS) Signed Dell'edera * James Tynion IV,publisher not stated and not determinable from the series,https://www.hipcomic.com/listing/book-of-slaughter-2022-1-cgc-98-ss-signed-delledera-james-tynion-iv/15219488
hipcomic (59).csv,2,18458923,comicage,400.00,CAD,Incredible Hulk (1994) # 418 (CGC 9.8 WP) Signed David |  1st App Talos Untamed,signed or conserved book without a stated label type,https://www.hipcomic.com/listing/incredible-hulk-1994-418-cgc-98-wp-signed-david-1st-app-talos-untamed/18458923
hipcomic (59).csv,4,19422877,shauk786,389.99,USD,DARKWING DUCK#1 CLAYTON CRAIN MEGACON VARIANT COVER CGC 9.8 SIGNATURE SERIES.,publisher not stated and not determinable from the series; no publication year in the title,https://www.hipcomic.com/listing/darkwing-duck1-clayton-crain-megacon-variant-cover-cgc-98-signature-series/19422877
hipcomic (59).csv,5,14402428,comicage,400.00,CAD,Poison Ivy (2023)# 7 (CGC 9.8) Signed  Dan Panosian * Variant Cover * Census=1,signed or conserved book without a stated label type,https://www.hipcomic.com/listing/poison-ivy-2023-7-cgc-98-signed-dan-panosian-variant-cover-census1/14402428
hipcomic (59).csv,6,16472494,comicage,600.00,CAD,A Tribute To Steven Hughes (2000) # nn (CGC 9.8SS) Signed Brian Pulido *Census=1,signed or conserved book without a stated label type; publisher not stated and not determinable from the series,https://www.hipcomic.com/listing/a-tribute-to-steven-hughes-2000-nn-cgc-98ss-signed-brian-pulido-census1/16472494
hipcomic (59).csv,8,15669573,dtacollectibles,175.00,USD,BATMAN BEYOND #18 CGC 9.8 DC comic book--2000 4376334014,no publication year in the title,https://www.hipcomic.com/listing/batman-beyond-18-cgc-98-dc-comic-book-2000-4376334014/15669573
hipcomic (59).csv,16,20939128,papercinema,500.00,USD,"Sports Illustrated Sep 2, 1957 CGC 7.5 -Althea Gibson-4509593004",publisher not stated and not determinable from the series,https://www.hipcomic.com/listing/sports-illustrated-sep-2-1957-cgc-75-althea-gibson-4509593004/20939128
hipcomic (59).csv,22,19422046,shauk786,189.99,USD,Fanboys vs Zombies #3 Suydam Variant Cover - CGC 9.8,publisher not stated and not determinable from the series; no publication year in the title,https://www.hipcomic.com/listing/fanboys-vs-zombies-3-suydam-variant-cover-cgc-98/19422046
hipcomic (59).csv,32,10874768,dtacollectibles,210.00,USD,X-MEN #126 CGC 9.2  Wolverine - comic book MARVEL BRONZE AGE 2051506005,no publication year in the title,https://www.hipcomic.com/listing/x-men-126-cgc-92-wolverine-comic-book-marvel-bronze-age-2051506005/10874768
hipcomic (59).csv,34,21837509,CollectorZone,300.00,USD,Daredevil #1 Wizard World Sketch Variant - Signed Charlie Cox - 2014 - CGC 9.8,signed or conserved book without a stated label type,https://www.hipcomic.com/listing/daredevil-1-wizard-world-sketch-variant-signed-charlie-cox-2014-cgc-98/21837509
hipcomic (59).csv,35,12666153,comicage,500.00,CAD,Spider-Man Keepsake Collection B&W Print  (1990) # 4 (CGC SS) Signed McFarlane,no numeric grade in the title; publisher not stated and not determinable from the series,https://www.hipcomic.com/listing/spider-man-keepsake-collection-bw-print-1990-4-cgc-ss-signed-mcfarlane/12666153
hipcomic (59).csv,43,11138906,comicage,400.00,CAD,Black Widow Pale Little Spider (2002) # 1 (CGC 9.6WP) Signed G Horn | Newsstand,signed or conserved book without a stated label type; publisher not stated and not determinable from the series,https://www.hipcomic.com/listing/black-widow-pale-little-spider-2002-1-cgc-96wp-signed-g-horn-newsstand/11138906
hipcomic (59).csv,46,21853628,silveragecomics,199.99,USD,John Byrne's Next Men (1992) #0-30 VF/NM Complete Set #21 CGC FN/VF 1st Hellboy,lot or multi-issue set; no numeric grade in the title; publisher not stated and not determinable from the series,https://www.hipcomic.com/listing/john-byrnes-next-men-1992-0-30-vf-nm-complete-set-21-cgc-fn-vf-1st-hellboy/21853628
hipcomic (59).csv,47,17207137,comicage,350.00,CAD,Something Is Killing The Children (2020) #10(CGC 9.6) Signed Tynion * Dell'edera,signed or conserved book without a stated label type,https://www.hipcomic.com/listing/something-is-killing-the-children-2020-10cgc-96-signed-tynion-delledera/17207137
hipcomic (59).csv,48,10676303,anthonyscomicbookart,299.00,USD,Squadron Supreme #13 - Alex Sanchez Variant Cover - CGC Grade 9.8 - 2017,publisher not stated and not determinable from the series,https://www.hipcomic.com/listing/squadron-supreme-13-alex-sanchez-variant-cover-cgc-grade-98-2017/10676303
hipcomic (60).csv,2,10239503,comicage,350.00,CAD,Niobe & Dura (2021) # 1 (CGC 9.8)  Signed Cozine Jones May | Census = 2,signed or conserved book without a stated label type; publisher not stated and not determinable from the series,https://www.hipcomic.com/listing/niobe-dura-2021-1-cgc-98-signed-cozine-jones-may-census-2/10239503
hipcomic (60).csv,4,14855374,comicage,400.00,CAD,Female Force : Taylor Swift #1 (CGC 9.6 SS) Signed Pablo Villalobos Edition D,publisher not stated and not determinable from the series; no publication year in the title,https://www.hipcomic.com/listing/female-force-taylor-swift-1-cgc-96-ss-signed-pablo-villalobos-edition-d/14855374
hipcomic (60).csv,6,19521431,comicage,500.00,CAD,New Guardians  (1988) #2 (CGC 9.8 SS) Signed Steve Englehart Cary Bates Story,publisher not stated and not determinable from the series,https://www.hipcomic.com/listing/new-guardians-1988-2-cgc-98-ss-signed-steve-englehart-cary-bates-story/19521431
hipcomic (60).csv,8,15499165,comicage,270.00,CAD,New Avengers (2005) # 6 (CGC Signature 9.6) Signed Bendis & Finch,signed or conserved book without a stated label type,https://www.hipcomic.com/listing/new-avengers-2005-6-cgc-signature-96-signed-bendis-finch/15499165
hipcomic (60).csv,9,20025224,Subz100,160.00,USD,"Lady Death Malevolent Decimation 1, Naughty Edition, Kunkka Lim Variant, CGC 9.8",adult-variant wording (needs a manual look before Merchant Center); publisher not stated and not determinable from the series; no publication year in the title,https://www.hipcomic.com/listing/lady-death-malevolent-decimation-1-naughty-edition-kunkka-lim-variant-cgc-98/20025224
hipcomic (60).csv,12,19096420,papercinema,643.50,USD,Behind Prison Bars #1  1952 - Realistic -CGC 6.5 - Comic Book-1197124022,publisher not stated and not determinable from the series,https://www.hipcomic.com/listing/behind-prison-bars-1-1952-realistic-cgc-65-comic-book-1197124022/19096420
hipcomic (60).csv,15,17691117,comicage,550.00,CAD,Unncanny X-Men # 164 (CGC 9.4 SS) Signed Chris Claremont *Candian price Variant,publisher not stated and not determinable from the series; no publication year in the title,https://www.hipcomic.com/listing/unncanny-x-men-164-cgc-94-ss-signed-chris-claremont-candian-price-variant/17691117
hipcomic (60).csv,17,13155357,comicage,385.00,CAD,Batman: Harley Quinn (2019) # NN (CGC 9.8 WP) Custom Variant Foil Edition,publisher not stated and not determinable from the series,https://www.hipcomic.com/listing/batman-harley-quinn-2019-nn-cgc-98-wp-custom-variant-foil-edition/13155357
hipcomic (60).csv,22,20245940,comicage,175.00,CAD,Usagi Yojimbo (1990) # 21 (CGC 9.0 SS WP) Signed Stan Sakai,publisher not stated and not determinable from the series,https://www.hipcomic.com/listing/usagi-yojimbo-1990-21-cgc-90-ss-wp-signed-stan-sakai/20245940
hipcomic (60).csv,24,2430525,dtacollectibles,175.00,USD,CEREBUS THE AARDVARK #7-CGC GRADED 9.2-DAVE SIM 0295746007,publisher not stated and not determinable from the series; no publication year in the title,https://www.hipcomic.com/listing/cerebus-the-aardvark-7-cgc-graded-92-dave-sim-0295746007/2430525
hipcomic (60).csv,28,15063298,comicage,400.00,CAD,Star Trek/Green Lantern (2015)#1(CGC 9.8) Signed & Sketch Lobdell*Sketch Edition,signed or conserved book without a stated label type; publisher not stated and not determinable from the series,https://www.hipcomic.com/listing/star-trek-green-lantern-20151cgc-98-signed-sketch-lobdellsketch-edition/15063298
hipcomic (60).csv,30,20063635,Subz100,460.00,USD,"Chilling Adventures, Camp Pickens 1 Mellow Yellow Trading Wood Variant, CGC 9.8",publisher not stated and not determinable from the series; no publication year in the title,https://www.hipcomic.com/listing/chilling-adventures-camp-pickens-1-mellow-yellow-trading-wood-variant-cgc-98/20063635
hipcomic (60).csv,34,12813971,comicage,600.00,CAD,Sweet Tooth (2009) # 1 (CGC 9.8 WP) 1st app by Jeff Lemire ! Netflix Show !,publisher not stated and not determinable from the series,https://www.hipcomic.com/listing/sweet-tooth-2009-1-cgc-98-wp-1st-app-by-jeff-lemire-netflix-show/12813971
hipcomic (60).csv,35,13311079,comicage,250.00,CAD,Michael Turner’s Fathom Primer (2011) #1 (CGC 9.8 WP) Michael Turner Cover,publisher not stated and not determinable from the series,https://www.hipcomic.com/listing/michael-turners-fathom-primer-2011-1-cgc-98-wp-michael-turner-cover/13311079
hipcomic (60).csv,37,21633403,AtlantaClassicComics,299.99,USD,Miracleman # 12 CGC Graded 9.6 Eclipse Comic Book Alan Moore 1987 JH42,publisher not stated and not determinable from the series,https://www.hipcomic.com/listing/miracleman-12-cgc-graded-96-eclipse-comic-book-alan-moore-1987-jh42/21633403
hipcomic (60).csv,38,17207168,comicage,350.00,CAD,Something Is Killing The Children (2020) #5 (CGC 9.6) Signed Tynion * Dell'edera,signed or conserved book without a stated label type,https://www.hipcomic.com/listing/something-is-killing-the-children-2020-5-cgc-96-signed-tynion-delledera/17207168
hipcomic (60).csv,39,19098615,papercinema,525.00,USD,STRAIGHT ARROW #1-CGC 7.0-FIRST APPEARANCE-WESTERN-SOUTHERN STATES 1161203003,publisher not stated and not determinable from the series; no publication year in the title,https://www.hipcomic.com/listing/straight-arrow-1-cgc-70-first-appearance-western-southern-states-1161203003/19098615
hipcomic (60).csv,41,15478057,comicage,350.00,CAD,Spectacular Spider-Men (2024) #1 (CGC 9.6SS) Signed & Sketch David Nakayama 1:25,signed or conserved book without a stated label type,https://www.hipcomic.com/listing/spectacular-spider-men-2024-1-cgc-96ss-signed-sketch-david-nakayama-125/15478057
hipcomic (60).csv,43,20931799,AtlantaClassicComics,374.99,USD,Strang Tales # 125 CGC Graded 6.5 Marvel Comic Book Thing Dr. Strange Namor JH33,no publication year in the title,https://www.hipcomic.com/listing/strang-tales-125-cgc-graded-65-marvel-comic-book-thing-dr-strange-namor-jh33/20931799
hipcomic (60).csv,45,14016733,comicage,500.00,CAD,Uncanny X - Men (1990) #258 (CGC 9.6 SS) Signed Jim Lee•Scott Williams•Claremont,publisher not stated and not determinable from the series,https://www.hipcomic.com/listing/uncanny-x-men-1990-258-cgc-96-ss-signed-jim-leeoscott-williamsoclaremont/14016733
hipcomic (60).csv,47,17688967,comicage,400.00,CAD,Vengeance  Moon Knight  (2024) #1 (CGC 9.8) Signed Alessandro Cappucio Census =3,signed or conserved book without a stated label type; publisher not stated and not determinable from the series,https://www.hipcomic.com/listing/vengeance-moon-knight-2024-1-cgc-98-signed-alessandro-cappucio-census-3/17688967
hipcomic (61).csv,6,21273564,AtlantaClassicComics,324.99,USD,Batman & Robin Adventures # 21 CGC Graded 9.8 DC Comic Book 1st Print JH36,no publication year in the title,https://www.hipcomic.com/listing/batman-robin-adventures-21-cgc-graded-98-dc-comic-book-1st-print-jh36/21273564
hipcomic (61).csv,8,12915190,dtacollectibles,98.00,USD,Superman/Batman #22 CGC 9.6-1st BATMAN BEYOND--DC-2005 4253372005,no publication year in the title,https://www.hipcomic.com/listing/superman-batman-22-cgc-96-1st-batman-beyond-dc-2005-4253372005/12915190
hipcomic (61).csv,11,12286596,comicage,350.00,CAD,Tales From The Dark Multiverse Infinite Crisis(2020) # 1 (CGC 9.8 (SS),publisher not stated and not determinable from the series,https://www.hipcomic.com/listing/tales-from-the-dark-multiverse-infinite-crisis2020-1-cgc-98-ss/12286596
hipcomic (61).csv,12,15453352,dtacollectibles,140.00,USD,Marvel 1602 #1 CGC 9.8-2003--comic book-4393769021,no publication year in the title,https://www.hipcomic.com/listing/marvel-1602-1-cgc-98-2003-comic-book-4393769021/15453352
hipcomic (61).csv,20,19421472,shauk786,599.99,USD,THE AMAZING POCKET MONSTERS #1 MEGACON EEVEE MATTHEW WAITE REMARKED CGC SS 9.8,publisher not stated and not determinable from the series; no publication year in the title,https://www.hipcomic.com/listing/the-amazing-pocket-monsters-1-megacon-eevee-matthew-waite-remarked-cgc-ss-98/19421472
hipcomic (61).csv,22,12813799,comicage,300.00,CAD,Winter Guard (2021) # 1 (CGC 9.8)  Kim Jacinto Variant | Census=3,publisher not stated and not determinable from the series,https://www.hipcomic.com/listing/winter-guard-2021-1-cgc-98-kim-jacinto-variant-census3/12813799
hipcomic (61).csv,26,18003116,comicage,400.00,CAD,Daredevil Woman Without Fear (2022) #1 (CGC SS 9.8) Signed Sketch M. Mastrazzo,publisher not stated and not determinable from the series,https://www.hipcomic.com/listing/daredevil-woman-without-fear-2022-1-cgc-ss-98-signed-sketch-m-mastrazzo/18003116
hipcomic (61).csv,27,15930627,vintageexplosion,247.50,USD,BATMAN #322--CGC 9.6--Captain Boomerang--comic book--DC--4393771023,no publication year in the title,https://www.hipcomic.com/listing/batman-322-cgc-96-captain-boomerang-comic-book-dc-4393771023/15930627
hipcomic (61).csv,29,17537845,comicage,400.00,CAD,Wolverine : Revenge  (2024) # 1 (CGC 9.8) Signed John Ghang * Marvel *Census = 6,signed or conserved book without a stated label type,https://www.hipcomic.com/listing/wolverine-revenge-2024-1-cgc-98-signed-john-ghang-marvel-census-6/17537845
hipcomic (61).csv,31,12813889,comicage,200.00,CAD,Question (1988) # 17 (CGC 9.6 WP) 1st App Rorschach Watchmen,publisher not stated and not determinable from the series,https://www.hipcomic.com/listing/question-1988-17-cgc-96-wp-1st-app-rorschach-watchmen/12813889
hipcomic (61).csv,33,17943700,comicage,270.00,CAD,Star Wars Jango Fett Open Seasons (2002) # 4 (CGC 9.8 WP),publisher not stated and not determinable from the series,https://www.hipcomic.com/listing/star-wars-jango-fett-open-seasons-2002-4-cgc-98-wp/17943700
hipcomic (61).csv,35,15487160,rdbeard,465.00,USD,"MARVEL TALES #99 - CGC-5.5, OW-W - Atlas -  Pre-Code horror - Golden Age",no publication year in the title,https://www.hipcomic.com/listing/marvel-tales-99-cgc-55-ow-w-atlas-pre-code-horror-golden-age/15487160
hipcomic (61).csv,41,10238588,comicage,250.00,CAD,Friday The 13th: Bloodbath (2006) #3 (CGC 9.4 WP) Census 2!,publisher not stated and not determinable from the series,https://www.hipcomic.com/listing/friday-the-13th-bloodbath-2006-3-cgc-94-wp-census-2/10238588
hipcomic (61).csv,43,19098349,papercinema,325.00,USD,Vicky #4  1949 - Ace -CGC 7.5 - Comic Book-2050850003,publisher not stated and not determinable from the series,https://www.hipcomic.com/listing/vicky-4-1949-ace-cgc-75-comic-book-2050850003/19098349
hipcomic (61).csv,44,14165736,comicage,450.00,CAD,Midnight Suns (2023) #3 (CGC 9.8) Signed Inhyuk Lee • Variant Edition • Census=1,signed or conserved book without a stated label type; publisher not stated and not determinable from the series,https://www.hipcomic.com/listing/midnight-suns-2023-3-cgc-98-signed-inhyuk-lee-o-variant-edition-o-census1/14165736
hipcomic (61).csv,48,5612920,dtacollectibles,210.00,USD,Web Of Spider-Man #97 CGC 9.8 1st Dr Kevin Trench / Night Watch,no publication year in the title,https://www.hipcomic.com/listing/web-of-spider-man-97-cgc-98-1st-dr-kevin-trench-night-watch/5612920
hipcomic (62).csv,4,21273567,AtlantaClassicComics,199.99,USD,Venom Carnage Unleashed # 1 CGC Graded 9.8 Marvel Comic Book Spider-Man JH36,no publication year in the title,https://www.hipcomic.com/listing/venom-carnage-unleashed-1-cgc-graded-98-marvel-comic-book-spider-man-jh36/21273567
hipcomic (62).csv,10,19432087,comicage,400.00,CAD,Batman 428 : Robin lives ! (2024) # 1 (CGC 9.8 SS)Signed & Sketch Scott Lobdell,publisher not stated and not determinable from the series,https://www.hipcomic.com/listing/batman-428-robin-lives-2024-1-cgc-98-sssigned-sketch-scott-lobdell/19432087
hipcomic (62).csv,12,12519129,dtacollectibles,168.00,USD,Starslayer #1 CGC 9.8 Preview of ROCKETEER comic book 3961793012,publisher not stated and not determinable from the series; no publication year in the title,https://www.hipcomic.com/listing/starslayer-1-cgc-98-preview-of-rocketeer-comic-book-3961793012/12519129
hipcomic (62).csv,13,10238020,comicage,202.50,CAD,Vision Scarlett Witch (1982) # 1 (CGC 9.6) | Direct Edition | Wandavision Disbey,publisher not stated and not determinable from the series,https://www.hipcomic.com/listing/vision-scarlett-witch-1982-1-cgc-96-direct-edition-wandavision-disbey/10238020
hipcomic (62).csv,16,19100290,papercinema,227.50,USD,Starslayer #1 // CGC 9.8 // ROCKETEER  // comic book // 3961793014,publisher not stated and not determinable from the series; no publication year in the title,https://www.hipcomic.com/listing/starslayer-1-cgc-98-rocketeer-comic-book-3961793014/19100290
hipcomic (62).csv,18,10238206,comicage,225.00,CAD,Unknown Soldier (1978) # 216 (CGC 9.8 WP) Alex Saviuk & Joe Kubert,publisher not stated and not determinable from the series,https://www.hipcomic.com/listing/unknown-soldier-1978-216-cgc-98-wp-alex-saviuk-joe-kubert/10238206
hipcomic (62).csv,21,12677949,comicage,400.00,CAD,Spider-Man Marvel Tales (1984) # 164 (CGC 9.6 WP) Canadian Price variant CPV,publisher not stated and not determinable from the series,https://www.hipcomic.com/listing/spider-man-marvel-tales-1984-164-cgc-96-wp-canadian-price-variant-cpv/12677949
hipcomic (62).csv,22,19097984,papercinema,357.50,USD,Forbidden Worlds #144  1967 - ACG -CGC 9.4 - Comic Book-2039575014,publisher not stated and not determinable from the series,https://www.hipcomic.com/listing/forbidden-worlds-144-1967-acg-cgc-94-comic-book-2039575014/19097984
hipcomic (62).csv,23,19753954,comicage,500.00,CAD,Beavis And Butt-head (1994) # 1 (CGC 9.8 SS) Signed & Sketch Rick Parker,publisher not stated and not determinable from the series,https://www.hipcomic.com/listing/beavis-and-butt-head-1994-1-cgc-98-ss-signed-sketch-rick-parker/19753954
hipcomic (62).csv,25,14831084,comicage,500.00,CAD,Titans (2023) # 1 (CGC 9.8SS) Signed Simone Di Meo * Di Meo Variant cover,signed or conserved book without a stated label type,https://www.hipcomic.com/listing/titans-2023-1-cgc-98ss-signed-simone-di-meo-di-meo-variant-cover/14831084
hipcomic (62).csv,27,19653053,papercinema,375.00,USD,"Sports Illustrated Jul 15, 1963 CGC 8.5-Arnold Palmer 4632777013",publisher not stated and not determinable from the series,https://www.hipcomic.com/listing/sports-illustrated-jul-15-1963-cgc-85-arnold-palmer-4632777013/19653053
hipcomic (62).csv,30,19415809,AtlantaClassicComics,624.99,USD,Clerks The Comic Book # 1 CGC Graded 9.8 Oni Press Comic Book Kevin Smith JH19,no publication year in the title,https://www.hipcomic.com/listing/clerks-the-comic-book-1-cgc-graded-98-oni-press-comic-book-kevin-smith-jh19/19415809
hipcomic (62).csv,33,12867907,comicage,400.00,CAD,Classic Illustrated (1950) # 30 (CGC 5.0) HRN 67 The Moonstone • Canadian Vrt,publisher not stated and not determinable from the series,https://www.hipcomic.com/listing/classic-illustrated-1950-30-cgc-50-hrn-67-the-moonstone-o-canadian-vrt/12867907
hipcomic (62).csv,38,10239759,comicage,500.00,CAD,Pilot Season Preveiw (2009) (CGC 9.8) 1st Stealth & Hardcore New Movie Census=1,no issue number in the title; publisher not stated and not determinable from the series,https://www.hipcomic.com/listing/pilot-season-preveiw-2009-cgc-98-1st-stealth-hardcore-new-movie-census1/10239759
hipcomic (62).csv,40,11238661,comicage,500.00,CAD,Batman: White Knight Presents:Red Hood(2022) #1 (CGC 9.8 SS WP) Signed S. Murphy,publisher not stated and not determinable from the series,https://www.hipcomic.com/listing/batman-white-knight-presentsred-hood2022-1-cgc-98-ss-wp-signed-s-murphy/11238661
hipcomic (62).csv,41,12920847,comicage,500.00,CAD,Star Wars: Mara Jade (1998) #3 (CGC 9.8 SS) Story And Signed Timothy Zahn,publisher not stated and not determinable from the series,https://www.hipcomic.com/listing/star-wars-mara-jade-1998-3-cgc-98-ss-story-and-signed-timothy-zahn/12920847
hipcomic (62).csv,47,17355223,comicage,550.00,CAD,Rise Of The Powers X # 5 (CGC 9.8 SS) Signed Mahmud Asrar  * Marvel Universe,publisher not stated and not determinable from the series; no publication year in the title,https://www.hipcomic.com/listing/rise-of-the-powers-x-5-cgc-98-ss-signed-mahmud-asrar-marvel-universe/17355223
hipcomic (62).csv,49,14399616,comicage,400.00,CAD,Avatar Illustrated (1999)#nn (CGC 9.6 SS) Signed & Sketch Tim Vigil*Avatar Press,publisher not stated and not determinable from the series,https://www.hipcomic.com/listing/avatar-illustrated-1999nn-cgc-96-ss-signed-sketch-tim-vigilavatar-press/14399616
hipcomic (63).csv,4,10239105,comicage,325.00,CAD,Avenging Spider-Man (2012) # 12 (CGC 9.8 “Saturday Evening Post” May 23rd 1953,publisher not stated and not determinable from the series,https://www.hipcomic.com/listing/avenging-spider-man-2012-12-cgc-98-saturday-evening-post-may-23rd-1953/10239105
hipcomic (63).csv,7,13775426,comicage,400.00,CAD,Solar Man Of The Atom (1991) # 2 (CGC 9.8 SS) Signed Jim Shooter,publisher not stated and not determinable from the series,https://www.hipcomic.com/listing/solar-man-of-the-atom-1991-2-cgc-98-ss-signed-jim-shooter/13775426
hipcomic (63).csv,8,10238666,comicage,200.00,CAD,X-Men #1 (CGC 9.8) Gleason Variant Cover Census 15!,no publication year in the title,https://www.hipcomic.com/listing/x-men-1-cgc-98-gleason-variant-cover-census-15/10238666
hipcomic (63).csv,11,15669670,dtacollectibles,126.00,USD,SPAWN #59 CGC 9.8-1997-Image-Comic book-3879912010,no publication year in the title,https://www.hipcomic.com/listing/spawn-59-cgc-98-1997-image-comic-book-3879912010/15669670
hipcomic (63).csv,12,19577030,comicage,550.00,CAD,Spider-Man Super Special (1995) # 1 (CGC 9.8 SS) Signed Joe St Piere Census = 1,publisher not stated and not determinable from the series,https://www.hipcomic.com/listing/spider-man-super-special-1995-1-cgc-98-ss-signed-joe-st-piere-census-1/19577030
hipcomic (63).csv,14,17394517,AtlantaClassicComics,499.99,USD,Amazing Spider-Man Annual # 16 CGC Graded 9.8 Marvel Comic Book Capt Marvel JH10,no publication year in the title,https://www.hipcomic.com/listing/amazing-spider-man-annual-16-cgc-graded-98-marvel-comic-book-capt-marvel-jh10/17394517
hipcomic (63).csv,15,15669407,dtacollectibles,119.00,USD,SPAWN #54 CGC 9.8-1996-Image-Comic book-3879911025,no publication year in the title,https://www.hipcomic.com/listing/spawn-54-cgc-98-1996-image-comic-book-3879911025/15669407
hipcomic (63).csv,16,20121880,Dave-pcs,325.00,USD,LOVE JOURNAL #13 CGC 4.5 ORBIT PUBLICATIONS 1952 OW/White Pages,publisher not stated and not determinable from the series,https://www.hipcomic.com/listing/love-journal-13-cgc-45-orbit-publications-1952-ow-white-pages/20121880
hipcomic (63).csv,18,19140154,comicage,350.00,CAD,Marvel Super-Heroes #12 (CGC 7.0) Marvel Comics • Stan Lee • Gene Colan •Giacoia,no publication year in the title,https://www.hipcomic.com/listing/marvel-super-heroes-12-cgc-70-marvel-comics-o-stan-lee-o-gene-colan-ogiacoia/19140154
hipcomic (63).csv,19,17391363,comicage,350.00,CAD,Ms. Marvel : Mutant Menace (2024) # 1 (CGC 9.8) Signed Sara Pichelli * Census =4,signed or conserved book without a stated label type; publisher not stated and not determinable from the series,https://www.hipcomic.com/listing/ms-marvel-mutant-menace-2024-1-cgc-98-signed-sara-pichelli-census-4/17391363
hipcomic (63).csv,20,16155010,rdbeard,165.00,USD,"TOP SECRETS #10 - CGC-4.5, OW - S&S -  Golden Age",publisher not stated and not determinable from the series; no publication year in the title,https://www.hipcomic.com/listing/top-secrets-10-cgc-45-ow-ss-golden-age/16155010
hipcomic (63).csv,26,15669680,dtacollectibles,105.00,USD,Blade Runner #1-CGC 9.4-Al Williamson-Marvel-2054943008,no publication year in the title,https://www.hipcomic.com/listing/blade-runner-1-cgc-94-al-williamson-marvel-2054943008/15669680
hipcomic (63).csv,27,19415793,AtlantaClassicComics,237.49,USD,The Omega Men # 3 CGC Graded 9.2 DC Comic Book 1st Lobo Appearance JH19,no publication year in the title,https://www.hipcomic.com/listing/the-omega-men-3-cgc-graded-92-dc-comic-book-1st-lobo-appearance-jh19/19415793
hipcomic (63).csv,29,20160820,comicage,400.00,CAD,Indestructible Hulk (2013) # 1 (CGC 9.4 SS) Sketch Scott Lobdell • Trump Hulk,publisher not stated and not determinable from the series,https://www.hipcomic.com/listing/indestructible-hulk-2013-1-cgc-94-ss-sketch-scott-lobdell-o-trump-hulk/20160820
hipcomic (63).csv,30,19973751,comicage,300.00,CAD,Amazing Spider-Man (1992) # 365 (CGC 9.6) Signed  Mark Bagley  * 1st App,signed or conserved book without a stated label type,https://www.hipcomic.com/listing/amazing-spider-man-1992-365-cgc-96-signed-mark-bagley-1st-app/19973751
hipcomic (63).csv,31,14855371,comicage,500.00,CAD,DC’s Legion Of Bloom (2023) # 1 (CGC 9.8 SS) • Signed Derrick Chew*Variant Cover,publisher not stated and not determinable from the series,https://www.hipcomic.com/listing/dcs-legion-of-bloom-2023-1-cgc-98-ss-o-signed-derrick-chewvariant-cover/14855371
hipcomic (63).csv,32,20644565,anthonyscomicbookart,299.95,USD,Amazing Stories #204 (v20 #4)  - Pulp / Walter Parke Cover (CGC 5.0) 1946,publisher not stated and not determinable from the series,https://www.hipcomic.com/listing/amazing-stories-204-v20-4-pulp-walter-parke-cover-cgc-50-1946/20644565
hipcomic (63).csv,35,12889599,comicage,250.00,CAD,Hellions (2021) # 10 (CGC 9.8 SS) Signed David Nakayama • Variant Edition,publisher not stated and not determinable from the series,https://www.hipcomic.com/listing/hellions-2021-10-cgc-98-ss-signed-david-nakayama-o-variant-edition/12889599
hipcomic (63).csv,36,15246275,comicage,500.00,CAD,Teenage Mutant Ninja (2023) # 140 (CGC SS 9.8) Signed & Sketch Rod Reis * Smith,publisher not stated and not determinable from the series,https://www.hipcomic.com/listing/teenage-mutant-ninja-2023-140-cgc-ss-98-signed-sketch-rod-reis-smith/15246275
hipcomic (63).csv,38,10239506,comicage,350.00,CAD,Niobe & Dura (2021) # 1 (CGC 9.8)  Signed Cozine Jones May | Census = 2,signed or conserved book without a stated label type; publisher not stated and not determinable from the series,https://www.hipcomic.com/listing/niobe-dura-2021-1-cgc-98-signed-cozine-jones-may-census-2/10239506
hipcomic (63).csv,41,10239488,comicage,270.00,CAD,Black (2016) # 1 (CGC 9.8 WP) | 1st App Kareem Jenkins | Movie,publisher not stated and not determinable from the series,https://www.hipcomic.com/listing/black-2016-1-cgc-98-wp-1st-app-kareem-jenkins-movie/10239488
hipcomic (63).csv,44,20963816,AtlantaClassicComics,399.99,USD,Masters Of The Universe # 1 CGC Graded 9.6 Marvel Comic Book Newsstand Var. JH28,no publication year in the title,https://www.hipcomic.com/listing/masters-of-the-universe-1-cgc-graded-96-marvel-comic-book-newsstand-var-jh28/20963816
hipcomic (63).csv,45,17595548,comicage,500.00,CAD,Dark Crisis On Infinite Earths (2022) # 4 (CGC 9.8) Signed David Nakayama * Foil,signed or conserved book without a stated label type; publisher not stated and not determinable from the series,https://www.hipcomic.com/listing/dark-crisis-on-infinite-earths-2022-4-cgc-98-signed-david-nakayama-foil/17595548
hipcomic (64).csv,2,12931483,dtacollectibles,126.00,USD,SPIDER-WOMAN V.2 #1-MARVEL-HIGHEST CGC GRADED 9.8-1993-  0939369007,no publication year in the title,https://www.hipcomic.com/listing/spider-woman-v2-1-marvel-highest-cgc-graded-98-1993-0939369007/12931483
hipcomic (64).csv,3,4512073,dtacollectibles,280.00,USD,Deadly Hands of Kung Fu #32 1st Daughters of the Dragon-CGC 8.5 1989554001,publisher not stated and not determinable from the series; no publication year in the title,https://www.hipcomic.com/listing/deadly-hands-of-kung-fu-32-1st-daughters-of-the-dragon-cgc-85-1989554001/4512073
hipcomic (64).csv,5,16524409,comicage,500.00,CAD,Lady Death :Between Heaven & Hell (1995) #1 (CGC 9.8) Signed Pulido * Census =6,signed or conserved book without a stated label type; publisher not stated and not determinable from the series,https://www.hipcomic.com/listing/lady-death-between-heaven-hell-1995-1-cgc-98-signed-pulido-census-6/16524409
hipcomic (64).csv,8,14444110,comicage,500.00,CAD,Captain America (2022)#0 (CGC 9.8) Signed Jim Cheung * Variant Cover * Census =1,signed or conserved book without a stated label type,https://www.hipcomic.com/listing/captain-america-20220-cgc-98-signed-jim-cheung-variant-cover-census-1/14444110
hipcomic (64).csv,9,15998685,vintageexplosion,165.00,USD,Spawn-Batman--1994--CGC 9.8--comic book--DC--Image--4254922005,no issue number in the title; more than one publisher named in the title; publisher not stated and not determinable from the series; no publication year in the title,https://www.hipcomic.com/listing/spawn-batman-1994-cgc-98-comic-book-dc-image-4254922005/15998685
hipcomic (64).csv,10,13620143,comicage,300.00,CAD,Black Panther Unconquered (2023) # 1 (CGC 9.8 SS) Signed & Sketch Ken Lashley,publisher not stated and not determinable from the series,https://www.hipcomic.com/listing/black-panther-unconquered-2023-1-cgc-98-ss-signed-sketch-ken-lashley/13620143
hipcomic (64).csv,16,14854710,comicage,500.00,CAD,Batman & The Joker : The Deadly Duo  (2023) # 6(CGC 9.8) Signed Marc Silvestri,signed or conserved book without a stated label type,https://www.hipcomic.com/listing/batman-the-joker-the-deadly-duo-2023-6cgc-98-signed-marc-silvestri/14854710
hipcomic (64).csv,17,15669666,dtacollectibles,140.00,USD,SPAWN #45 CGC 9.8-1996-Image-Comic book-3879912005,no publication year in the title,https://www.hipcomic.com/listing/spawn-45-cgc-98-1996-image-comic-book-3879912005/15669666
hipcomic (64).csv,21,12813810,comicage,300.00,CAD,Dragon’s Lair (2003) # 1 (CGC 9.4 WP) 1st App Dragon’s Lair | Crossgen,publisher not stated and not determinable from the series,https://www.hipcomic.com/listing/dragons-lair-2003-1-cgc-94-wp-1st-app-dragons-lair-crossgen/12813810
hipcomic (64).csv,22,10478239,comicage,225.00,CAD,Impulse (1995) # 1 (CGC 9.8 WP) Mark Waid & Humberto Ramos,publisher not stated and not determinable from the series,https://www.hipcomic.com/listing/impulse-1995-1-cgc-98-wp-mark-waid-humberto-ramos/10478239
hipcomic (64).csv,23,17691573,comicage,550.00,CAD,X-Men (1992) # 9 (CGC 9.2) Signed By Jim Lee * Scott Williams * Marvel Comics,signed or conserved book without a stated label type,https://www.hipcomic.com/listing/x-men-1992-9-cgc-92-signed-by-jim-lee-scott-williams-marvel-comics/17691573
hipcomic (64).csv,24,15039151,comicage,500.00,CAD,Star Wars : Dark Empire II ( 1995)  # 6 ( CGC 9.8) Signed & Sketch  Dave Dorman,signed or conserved book without a stated label type,https://www.hipcomic.com/listing/star-wars-dark-empire-ii-1995-6-cgc-98-signed-sketch-dave-dorman/15039151
hipcomic (64).csv,25,10239247,comicage,300.00,CAD,Batman / Lobo (2000) # NN (CGC 9.8 WP) Simon Bisley Art & Alan Grant Story,publisher not stated and not determinable from the series,https://www.hipcomic.com/listing/batman-lobo-2000-nn-cgc-98-wp-simon-bisley-art-alan-grant-story/10239247
hipcomic (64).csv,29,10401348,comicage,350.00,CAD,Wynd (2020) # 1 (CGC 9.8 SS)  Rarer 3rd Print | Signed Tyniion IV,publisher not stated and not determinable from the series,https://www.hipcomic.com/listing/wynd-2020-1-cgc-98-ss-rarer-3rd-print-signed-tyniion-iv/10401348
hipcomic (64).csv,33,19098657,papercinema,525.00,USD,Marines in Battle #19 CGC 7.0 1957- Atlas Korean War comic 1571185020,publisher not stated and not determinable from the series,https://www.hipcomic.com/listing/marines-in-battle-19-cgc-70-1957-atlas-korean-war-comic-1571185020/19098657
hipcomic (64).csv,34,16524415,comicage,500.00,CAD,Lady Death : The Odyssey (1996) # 1 (CGC 9.8 SS) Signed Brian Pulido *Census = 4,publisher not stated and not determinable from the series,https://www.hipcomic.com/listing/lady-death-the-odyssey-1996-1-cgc-98-ss-signed-brian-pulido-census-4/16524415
hipcomic (64).csv,35,17690910,comicage,400.00,CAD,Spider-Gwen : Smash (2024) # 1 ( CGC 9.8 SS ) Signed John Tyler Christopher *,publisher not stated and not determinable from the series,https://www.hipcomic.com/listing/spider-gwen-smash-2024-1-cgc-98-ss-signed-john-tyler-christopher/17690910
hipcomic (64).csv,36,20931818,AtlantaClassicComics,624.99,USD,Tales To Astonish # 62 CGC Graded 6.5 Marvel Comic Book Hulk 1st Leader App JH33,no publication year in the title,https://www.hipcomic.com/listing/tales-to-astonish-62-cgc-graded-65-marvel-comic-book-hulk-1st-leader-app-jh33/20931818
hipcomic (64).csv,37,13984572,vintageexplosion,412.50,USD,Yang #1 CGC 9.8--1973--Charlton--1st issue--comic book-- 4291311002,no publication year in the title,https://www.hipcomic.com/listing/yang-1-cgc-98-1973-charlton-1st-issue-comic-book-4291311002/13984572
hipcomic (64).csv,38,15853712,comicage,500.00,CAD,Peacemaker: Disturbing The Peace (2022) # 1 (CGC SS 9.8) Signed Ryan Brown Var.,publisher not stated and not determinable from the series,https://www.hipcomic.com/listing/peacemaker-disturbing-the-peace-2022-1-cgc-ss-98-signed-ryan-brown-var/15853712
hipcomic (64).csv,41,10239519,comicage,500.00,CAD,Moon Knight Fist of Khonshu V2 (1985) # 2  (CGC 9.6) 1st app Arthur Harrow | CPV,publisher not stated and not determinable from the series,https://www.hipcomic.com/listing/moon-knight-fist-of-khonshu-v2-1985-2-cgc-96-1st-app-arthur-harrow-cpv/10239519
hipcomic (64).csv,42,19224800,anthonyscomicbookart,299.97,USD,"Lady Death: Heartbreaker #1 Greg Horn ""Naughty"" LTD Edition Signed 2020 CGC 9.8",adult-variant wording (needs a manual look before Merchant Center); signed or conserved book without a stated label type; publisher not stated and not determinable from the series,https://www.hipcomic.com/listing/lady-death-heartbreaker-1-greg-horn-naughty-ltd-edition-signed-2020-cgc-98/19224800
hipcomic (65).csv,5,19097335,papercinema,750.00,USD,Great Comics #1 1941 CGC 5.0-Bob Kane-1st Great Zarro 1569829003,publisher not stated and not determinable from the series,https://www.hipcomic.com/listing/great-comics-1-1941-cgc-50-bob-kane-1st-great-zarro-1569829003/19097335
hipcomic (65).csv,8,10238025,comicage,202.50,CAD,Vision Scarlett Witch (1982) # 1 (CGC 9.6) | Newsstand Edition | Wandavision,publisher not stated and not determinable from the series,https://www.hipcomic.com/listing/vision-scarlett-witch-1982-1-cgc-96-newsstand-edition-wandavision/10238025
hipcomic (65).csv,9,21273561,AtlantaClassicComics,424.99,USD,Batman # 635 CGC Graded 9.6 DC Comic Book 1st Print Jason Todd Red Hood JH36,no publication year in the title,https://www.hipcomic.com/listing/batman-635-cgc-graded-96-dc-comic-book-1st-print-jason-todd-red-hood-jh36/21273561
hipcomic (65).csv,13,10238706,comicage,292.50,CAD,Annihilation: Conquest - Wraith (2007) # 1 (CGC 9.6 WP) | 1st App Of Wraith,publisher not stated and not determinable from the series,https://www.hipcomic.com/listing/annihilation-conquest-wraith-2007-1-cgc-96-wp-1st-app-of-wraith/10238706
hipcomic (65).csv,16,10238662,comicage,200.00,CAD,X-Men #1 (CGC 9.8) Gonzales Variant Cover Census 15!,no publication year in the title,https://www.hipcomic.com/listing/x-men-1-cgc-98-gonzales-variant-cover-census-15/10238662
hipcomic (65).csv,17,12158005,comicage,350.00,CAD,X-Men Origins Deadpool (2010) # 1 (CGC 9.8 WP ) Origin Of Deadpool Retold,publisher not stated and not determinable from the series,https://www.hipcomic.com/listing/x-men-origins-deadpool-2010-1-cgc-98-wp-origin-of-deadpool-retold/12158005
hipcomic (65).csv,18,10239892,comicage,630.00,CAD,Star Wars: Episode 1 The Phantom Menace (1999) #3 (CGC 9.8) 1st Darth Maul Photo,publisher not stated and not determinable from the series,https://www.hipcomic.com/listing/star-wars-episode-1-the-phantom-menace-1999-3-cgc-98-1st-darth-maul-photo/10239892
hipcomic (65).csv,22,10239288,comicage,300.00,CAD,Pantha: Ashcan Edition #V2 (2022) # 1 (CGC 9.8 WP) | Judy Jong Cover,publisher not stated and not determinable from the series,https://www.hipcomic.com/listing/pantha-ashcan-edition-v2-2022-1-cgc-98-wp-judy-jong-cover/10239288
hipcomic (65).csv,25,17674898,comicage,550.00,CAD,G. Joe Yearbook #2(CGC 9.6) Signed Golden *Hama* Canadian Price Variant*Census=2,signed or conserved book without a stated label type; publisher not stated and not determinable from the series; no publication year in the title,https://www.hipcomic.com/listing/g-joe-yearbook-2cgc-96-signed-golden-hama-canadian-price-variantcensus2/17674898
hipcomic (65).csv,27,21802813,RandyPierce3,850.00,USD,"ALL CGC 9.8 Rise Of The Midnight Sons 1-6 w/ Posters 2, 3, 4, 5 MCU Ghost Rider",no issue number in the title; publisher not stated and not determinable from the series; no publication year in the title,https://www.hipcomic.com/listing/all-cgc-98-rise-of-the-midnight-sons-1-6-w-posters-2-3-4-5-mcu-ghost-rider/21802813
hipcomic (65).csv,29,17615956,comicage,350.00,CAD,Blood Hunt (2024) # 1 (CGC 9.8) Signed Gabriele Dell'otto * Census = 4 * Marvel,signed or conserved book without a stated label type,https://www.hipcomic.com/listing/blood-hunt-2024-1-cgc-98-signed-gabriele-dellotto-census-4-marvel/17615956
hipcomic (65).csv,32,10238751,comicage,250.00,CAD,Amazing Fantasy # 1 (CGC 9.8 WP) Horley Variant Cover Census 12!,publisher not stated and not determinable from the series; no publication year in the title,https://www.hipcomic.com/listing/amazing-fantasy-1-cgc-98-wp-horley-variant-cover-census-12/10238751
hipcomic (65).csv,36,21417668,AtlantaClassicComics,324.99,USD,Hellverine # 9 CGC Graded 9.8 Marvel Comic Book Campbell Virgin Variant JH39,no publication year in the title,https://www.hipcomic.com/listing/hellverine-9-cgc-graded-98-marvel-comic-book-campbell-virgin-variant-jh39/21417668
hipcomic (65).csv,38,19099626,papercinema,260.00,USD,Scribbly #15  1952 - DC -CGC FN- - Comic Book-,no numeric grade in the title,https://www.hipcomic.com/listing/scribbly-15-1952-dc-cgc-fn-comic-book-/19099626
hipcomic (65).csv,40,15669284,dtacollectibles,168.00,USD,WONDER WOMAN #150 CGC 9.8 DC comic book Adam Hughes cover 4291312006,no publication year in the title,https://www.hipcomic.com/listing/wonder-woman-150-cgc-98-dc-comic-book-adam-hughes-cover-4291312006/15669284
hipcomic (65).csv,42,14377189,comicage,300.00,CAD,Strange Academy (2022) # 2(CGC 9.8) Signed Ramos * Third Printing Virgin Edition,signed or conserved book without a stated label type,https://www.hipcomic.com/listing/strange-academy-2022-2cgc-98-signed-ramos-third-printing-virgin-edition/14377189
hipcomic (65).csv,47,10239601,comicage,350.00,CAD,Amazing Spider-Man Annual #22 (CGC SS 9.6) Signed By John Romita Jr!!,no publication year in the title,https://www.hipcomic.com/listing/amazing-spider-man-annual-22-cgc-ss-96-signed-by-john-romita-jr/10239601
hipcomic (66).csv,3,20479362,comicage,300.00,CAD,Snow White (1995) # 1 (CGC 9.8) Tenggren Cover Reprints 1937 Sunday Newspaper,publisher not stated and not determinable from the series,https://www.hipcomic.com/listing/snow-white-1995-1-cgc-98-tenggren-cover-reprints-1937-sunday-newspaper/20479362
hipcomic (66).csv,8,19098095,papercinema,325.00,USD,Fantasy Illustrated #4  1965 -  -CGC 9.0 - Comic Book-0790835003,publisher not stated and not determinable from the series,https://www.hipcomic.com/listing/fantasy-illustrated-4-1965-cgc-90-comic-book-0790835003/19098095
hipcomic (66).csv,9,15669710,dtacollectibles,140.00,USD,AMAZING SPIDER-MAN #570 CGC 9.8-VARIANT-Marvel-2008 1280497002,no publication year in the title,https://www.hipcomic.com/listing/amazing-spider-man-570-cgc-98-variant-marvel-2008-1280497002/15669710
hipcomic (66).csv,14,12935632,comicage,500.00,CAD,Mile Morales Spider-Man (2023) #4 (CGC 9.8 SS) Signed Alex Ross Sketch Cover,publisher not stated and not determinable from the series,https://www.hipcomic.com/listing/mile-morales-spider-man-2023-4-cgc-98-ss-signed-alex-ross-sketch-cover/12935632
hipcomic (66).csv,16,20427929,RandyPierce3,950.00,USD,Freddy vs Jason vs Ash #1-6 CGC 9.8 Freddy Krueger J Scott Campbell Cvr 2 3 4 5,lot or multi-issue set; publisher not stated and not determinable from the series; no publication year in the title,https://www.hipcomic.com/listing/freddy-vs-jason-vs-ash-1-6-cgc-98-freddy-krueger-j-scott-campbell-cvr-2-3-4-5/20427929
hipcomic (66).csv,19,20213939,comicage,400.00,CAD,Amazing Spider-Man (1992) # 365 (CGC 9.6) Signed & Sketch Mark Bagley  * 1st App,signed or conserved book without a stated label type,https://www.hipcomic.com/listing/amazing-spider-man-1992-365-cgc-96-signed-sketch-mark-bagley-1st-app/20213939
hipcomic (66).csv,20,16005164,rdbeard,275.00,USD,"FOUR COLOR 175 - Santa Claus Funnies - CGC-7.5, OW-W - Dell - Kelly-  Golden Age",no publication year in the title,https://www.hipcomic.com/listing/four-color-175-santa-claus-funnies-cgc-75-ow-w-dell-kelly-golden-age/16005164
hipcomic (66).csv,26,20250218,AtlantaClassicComics,274.99,USD,Uncanny X-Men # 130 CGC Graded 6.0 Marvel Comic Book 1st Dazzler Appearance JH24,no publication year in the title,https://www.hipcomic.com/listing/uncanny-x-men-130-cgc-graded-60-marvel-comic-book-1st-dazzler-appearance-jh24/20250218
hipcomic (66).csv,28,17688995,comicage,400.00,CAD,"Amazing Spider-Man (2024)#56 (CGC 9.8) Signed Pablo ""Lobos"" Villalobos *Census=4",signed or conserved book without a stated label type,https://www.hipcomic.com/listing/amazing-spider-man-202456-cgc-98-signed-pablo-lobos-villalobos-census4/17688995
hipcomic (66).csv,29,14142508,comicage,400.00,CAD,Superman (2019) #14 (CGC 9.8) Signed Hughes Recalled Edition /Variant Cover C=11,signed or conserved book without a stated label type,https://www.hipcomic.com/listing/superman-2019-14-cgc-98-signed-hughes-recalled-edition-variant-cover-c11/14142508
hipcomic (66).csv,31,5632641,dtacollectibles,140.00,USD,Young Love #42 cgc 3.5 1953- Photo cover-Jack Kirby 2044091001,publisher not stated and not determinable from the series,https://www.hipcomic.com/listing/young-love-42-cgc-35-1953-photo-cover-jack-kirby-2044091001/5632641
hipcomic (66).csv,32,20754556,RandyPierce3,350.00,USD,INVINCIBLE #1 CGC 9.8 SS SIGNED Lipwei Chang Foil Exclusive HTF MegaCon Variant,no publication year in the title,https://www.hipcomic.com/listing/invincible-1-cgc-98-ss-signed-lipwei-chang-foil-exclusive-htf-megacon-variant/20754556
hipcomic (66).csv,33,17863202,comicage,400.00,CAD,Tribute : Walt Disney # nn ( CGC 9.8 SS) Signed Idris Durcet • TidaWave Comics,publisher not stated and not determinable from the series; no publication year in the title,https://www.hipcomic.com/listing/tribute-walt-disney-nn-cgc-98-ss-signed-idris-durcet-o-tidawave-comics/17863202
hipcomic (66).csv,36,15487357,rdbeard,375.00,USD,"HAND OF FATE #14 - CGC-6.0, OW  - Ace - 5th highest graded - Golden Age",publisher not stated and not determinable from the series; no publication year in the title,https://www.hipcomic.com/listing/hand-of-fate-14-cgc-60-ow-ace-5th-highest-graded-golden-age/15487357
hipcomic (66).csv,40,21411184,AtlantaClassicComics,249.99,USD,Blood Hunt # 4 CGC Graded 9.8 Marvel Comic Book Dell'Otto Virgin Variant JH39,no publication year in the title,https://www.hipcomic.com/listing/blood-hunt-4-cgc-graded-98-marvel-comic-book-dellotto-virgin-variant-jh39/21411184
hipcomic (66).csv,43,12345718,RandyPierce3,500.00,USD,X-Men #64 CGC VF+ 8.5 Off White.  1st Appearance Sunfire! Shiro Yoshida!,no publication year in the title,https://www.hipcomic.com/listing/x-men-64-cgc-vf-85-off-white-1st-appearance-sunfire-shiro-yoshida/12345718
hipcomic (66).csv,44,15478395,comicage,250.00,CAD,Aliens :What if ...? (2024) # 1 (CGC 9.2 SS) Signed Adi Granov * Marvel Universe,publisher not stated and not determinable from the series,https://www.hipcomic.com/listing/aliens-what-if-2024-1-cgc-92-ss-signed-adi-granov-marvel-universe/15478395
hipcomic (66).csv,45,10478323,comicage,250.00,CAD,A Righteous Thirst For Vengeance  (2021) # 1 (CGC 9.8WP)  Census 15!,publisher not stated and not determinable from the series,https://www.hipcomic.com/listing/a-righteous-thirst-for-vengeance-2021-1-cgc-98wp-census-15/10478323
hipcomic (66).csv,47,10238596,comicage,168.75,CAD,Gotham Academy (2014) # 1 (CGC 8.5 WP) | Variant Cover,publisher not stated and not determinable from the series,https://www.hipcomic.com/listing/gotham-academy-2014-1-cgc-85-wp-variant-cover/10238596
hipcomic (66).csv,48,10401993,comicage,400.00,CAD,New Teen Titans (1982) # 23 (CGC 9.6 WP) | 1st App Vigilante | Signed Wolfman,signed or conserved book without a stated label type,https://www.hipcomic.com/listing/new-teen-titans-1982-23-cgc-96-wp-1st-app-vigilante-signed-wolfman/10401993
hipcomic (66).csv,49,17339773,comicage,350.00,CAD,Star Wars : Inquisitors #1 (CGC 9.8 SS) Signed Alex Maleev * Census = 1 * Marvel,no publication year in the title,https://www.hipcomic.com/listing/star-wars-inquisitors-1-cgc-98-ss-signed-alex-maleev-census-1-marvel/17339773
hipcomic (67).csv,3,18046470,rdbeard,355.00,USD,"GHOST BREAKERS #2 - CGC-7.0, OW  - S&S - Shrunken head cover - Golden Age",publisher not stated and not determinable from the series; no publication year in the title,https://www.hipcomic.com/listing/ghost-breakers-2-cgc-70-ow-ss-shrunken-head-cover-golden-age/18046470
hipcomic (67).csv,9,12813647,comicage,180.00,CAD,Donna Mia Infinity (1998) (CGC 9.6 WP) Leather Edition,no issue number in the title; publisher not stated and not determinable from the series,https://www.hipcomic.com/listing/donna-mia-infinity-1998-cgc-96-wp-leather-edition/12813647
hipcomic (67).csv,11,16524445,comicage,400.00,CAD,Homicide : Tears of the Dead  (1997)  # 1 (CGC 9.4 SS) Signed Pulido *Census = 3,publisher not stated and not determinable from the series,https://www.hipcomic.com/listing/homicide-tears-of-the-dead-1997-1-cgc-94-ss-signed-pulido-census-3/16524445
hipcomic (67).csv,12,12676133,comicage,300.00,CAD,Archie Valentine’s Spectacular (2023) # 1C (CGC 9.8 WP SS) Sketch Dan Parent,publisher not stated and not determinable from the series,https://www.hipcomic.com/listing/archie-valentines-spectacular-2023-1c-cgc-98-wp-ss-sketch-dan-parent/12676133
hipcomic (67).csv,14,21442223,comicage,400.00,CAD,House Of Slaughter (2021) # 1 (CGC 9.8) Signed Tynion IV  + Dell’Edera + Shehan,signed or conserved book without a stated label type,https://www.hipcomic.com/listing/house-of-slaughter-2021-1-cgc-98-signed-tynion-iv-delledera-shehan/21442223
hipcomic (67).csv,20,20160800,comicage,408.00,CAD,Superman Doomed (2014) # 1 (CGC 9.8 SS) Sketch Scott Lobdell • Doom •• FF,publisher not stated and not determinable from the series,https://www.hipcomic.com/listing/superman-doomed-2014-1-cgc-98-ss-sketch-scott-lobdell-o-doom-oo-ff/20160800
hipcomic (67).csv,21,20160220,comicage,250.00,CAD,Flash Forward (2019) # 1 (CGC 9.6 SS) Sketch Scott Lobdell,publisher not stated and not determinable from the series,https://www.hipcomic.com/listing/flash-forward-2019-1-cgc-96-ss-sketch-scott-lobdell/20160220
hipcomic (67).csv,26,17748064,comicage,500.00,CAD,The Joker : Who Stopped Laughing (2023) # 5 (CGC 9.8 SS)  Signed Simone Di Meo,publisher not stated and not determinable from the series,https://www.hipcomic.com/listing/the-joker-who-stopped-laughing-2023-5-cgc-98-ss-signed-simone-di-meo/17748064
hipcomic (67).csv,28,10483372,comicage,400.00,CAD,Batwing (2013) # 20 (CGC 9.2 SS WP) 2nd App Luke Fox | Signed Sketch Palmiotti,publisher not stated and not determinable from the series,https://www.hipcomic.com/listing/batwing-2013-20-cgc-92-ss-wp-2nd-app-luke-fox-signed-sketch-palmiotti/10483372
hipcomic (67).csv,29,15706434,vintageexplosion,401.50,USD,AMAZING SPIDER-MAN ANNUAL #16 CGC 9.6--newsstand--1st Monica Rambeau--3990900019,no publication year in the title,https://www.hipcomic.com/listing/amazing-spider-man-annual-16-cgc-96-newsstand-1st-monica-rambeau-3990900019/15706434
hipcomic (67).csv,30,10238695,comicage,275.00,CAD,Heroes Return #1 (CGC 9.8) (2021) McGuinnes Variant Cover Census 2!!,publisher not stated and not determinable from the series,https://www.hipcomic.com/listing/heroes-return-1-cgc-98-2021-mcguinnes-variant-cover-census-2/10238695
hipcomic (67).csv,31,15453367,dtacollectibles,245.00,USD,Rock N Roll Comics #26 CGC 9.8 1991-THE DOORS-COMIC BOOK 4393769002,publisher not stated and not determinable from the series,https://www.hipcomic.com/listing/rock-n-roll-comics-26-cgc-98-1991-the-doors-comic-book-4393769002/15453367
hipcomic (67).csv,32,15669335,dtacollectibles,210.00,USD,Marvel Team-up #121 CGC 9.8 1st Frog Man comic book - 4254922007,no publication year in the title,https://www.hipcomic.com/listing/marvel-team-up-121-cgc-98-1st-frog-man-comic-book-4254922007/15669335
hipcomic (67).csv,38,17695032,comicage,400.00,CAD,Electric Black (2021) # 1 (CGC SS 9.8) Signed Will Jack • Scout/Black Carvan,publisher not stated and not determinable from the series,https://www.hipcomic.com/listing/electric-black-2021-1-cgc-ss-98-signed-will-jack-o-scout-black-carvan/17695032
hipcomic (67).csv,43,16092382,rdbeard,135.00,USD,"POGO POSSUM #13  - CGC-7.5, OW-W - Kelly - Golden Age",publisher not stated and not determinable from the series; no publication year in the title,https://www.hipcomic.com/listing/pogo-possum-13-cgc-75-ow-w-kelly-golden-age/16092382
hipcomic (67).csv,45,15487340,rdbeard,405.00,USD,"WEB OF MYSTERY #12 - CGC-6.0, CR-OW  - Ace - Pre-code horror - Golden Age",publisher not stated and not determinable from the series; no publication year in the title,https://www.hipcomic.com/listing/web-of-mystery-12-cgc-60-cr-ow-ace-pre-code-horror-golden-age/15487340
hipcomic (67).csv,47,16472538,comicage,400.00,CAD,Untold Tales of Purgatori (2000) # 1 (CGC 9.8) Signed Brian Pulido * Census = 3,signed or conserved book without a stated label type; publisher not stated and not determinable from the series,https://www.hipcomic.com/listing/untold-tales-of-purgatori-2000-1-cgc-98-signed-brian-pulido-census-3/16472538
hipcomic (67).csv,49,10238952,comicage,315.00,CAD,Legend Of Wonder Woman (1986) # 1 (CGC 9.4 WP) Canadian Price Variant CPV,publisher not stated and not determinable from the series,https://www.hipcomic.com/listing/legend-of-wonder-woman-1986-1-cgc-94-wp-canadian-price-variant-cpv/10238952
hipcomic (68).csv,4,14834192,comicage,500.00,CAD,Lazarus Planet : We Once Were Gods (2023) # 1 (CGC 9.8) Signed Yanique Paquette,signed or conserved book without a stated label type; publisher not stated and not determinable from the series,https://www.hipcomic.com/listing/lazarus-planet-we-once-were-gods-2023-1-cgc-98-signed-yanique-paquette/14834192
hipcomic (68).csv,5,10502134,comicage,500.00,CAD,Hardcore (2012) # 1 (CGC 9.8 WP) Signed Marc Silvestri 1st Full App | New Movie,signed or conserved book without a stated label type; publisher not stated and not determinable from the series,https://www.hipcomic.com/listing/hardcore-2012-1-cgc-98-wp-signed-marc-silvestri-1st-full-app-new-movie/10502134
hipcomic (68).csv,7,15669555,dtacollectibles,140.00,USD,Spider-Man #17 CGC 9.8 Thanos Infinity Gauntlet cover MCU 0325853013,no publication year in the title,https://www.hipcomic.com/listing/spider-man-17-cgc-98-thanos-infinity-gauntlet-cover-mcu-0325853013/15669555
hipcomic (68).csv,8,20007274,comicage,200.00,CAD,Ultimate Spider-man # 200 (CGC 9.8 SS) Signed Mark Bagley,no publication year in the title,https://www.hipcomic.com/listing/ultimate-spider-man-200-cgc-98-ss-signed-mark-bagley/20007274
hipcomic (68).csv,14,16005726,dtacollectibles,140.00,USD,Marvel Tales #228  CGC 9.4 NEWSSTAND Spider-Man McFarlane cover-3864111014,publisher not stated and not determinable from the series; no publication year in the title,https://www.hipcomic.com/listing/marvel-tales-228-cgc-94-newsstand-spider-man-mcfarlane-cover-3864111014/16005726
hipcomic (68).csv,22,19422484,shauk786,399.99,USD,Creature From The Black Lagoon Lives #1  Sienkiewicz Virgin Variant CGC SS 9.8,publisher not stated and not determinable from the series; no publication year in the title,https://www.hipcomic.com/listing/creature-from-the-black-lagoon-lives-1-sienkiewicz-virgin-variant-cgc-ss-98/19422484
hipcomic (68).csv,23,15453361,dtacollectibles,140.00,USD,GOTHAM CITY SIRENS #7 CGC 9.8-Catwoman comic book 4393769008,publisher not stated and not determinable from the series; no publication year in the title,https://www.hipcomic.com/listing/gotham-city-sirens-7-cgc-98-catwoman-comic-book-4393769008/15453361
hipcomic (68).csv,24,17986780,comicage,250.00,CAD,Black Adam (2022) # 2 (CGC 9.8) Signed Christopher Priest * DC Comics * Sandoval,signed or conserved book without a stated label type,https://www.hipcomic.com/listing/black-adam-2022-2-cgc-98-signed-christopher-priest-dc-comics-sandoval/17986780
hipcomic (68).csv,25,17657963,rdbeard,305.00,USD,"FEATURE BOOK #51 - Rip Kirby - CGC-6.5, OW-W - DMP - Raymond - Golden Age",publisher not stated and not determinable from the series; no publication year in the title,https://www.hipcomic.com/listing/feature-book-51-rip-kirby-cgc-65-ow-w-dmp-raymond-golden-age/17657963
hipcomic (68).csv,28,15453340,dtacollectibles,98.00,USD,WONDER WOMAN #176 -CGC 9.8-2002--comic book 4393769014,no publication year in the title,https://www.hipcomic.com/listing/wonder-woman-176-cgc-98-2002-comic-book-4393769014/15453340
hipcomic (68).csv,30,12519107,dtacollectibles,140.00,USD,AVENGERS #257 CGC 9.6 First app Nebula Marvel comic 3990901008,no publication year in the title,https://www.hipcomic.com/listing/avengers-257-cgc-96-first-app-nebula-marvel-comic-3990901008/12519107
hipcomic (68).csv,32,13909947,comicage,350.00,CAD,Star Wars : The Mandalorian (2022) # 4 (CGC 9.8 SS) Signed By Momoko Virgin,publisher not stated and not determinable from the series,https://www.hipcomic.com/listing/star-wars-the-mandalorian-2022-4-cgc-98-ss-signed-by-momoko-virgin/13909947
hipcomic (68).csv,33,17559159,comicage,450.00,CAD,Death Of The Venomverse (2023) #1 (CGC 9.8) Signed Gabriele Dell'otto *Census= 1,signed or conserved book without a stated label type; publisher not stated and not determinable from the series,https://www.hipcomic.com/listing/death-of-the-venomverse-2023-1-cgc-98-signed-gabriele-dellotto-census-1/17559159
hipcomic (68).csv,35,13843222,dtacollectibles,175.00,USD,Umbrella Academy: Apocalypse Suite #4 CGC 9.8 2008-comic book 4291315005,publisher not stated and not determinable from the series,https://www.hipcomic.com/listing/umbrella-academy-apocalypse-suite-4-cgc-98-2008-comic-book-4291315005/13843222
hipcomic (68).csv,39,20596251,AtlantaClassicComics,399.99,USD,Silver Surfer # 7 CGC Graded 7.5 Marvel Comic Book Stan Lee Frankenstein JH28,no publication year in the title,https://www.hipcomic.com/listing/silver-surfer-7-cgc-graded-75-marvel-comic-book-stan-lee-frankenstein-jh28/20596251
hipcomic (68).csv,40,14804910,comicage,300.00,CAD,Custom Sony Interactive Entertainment 2023 # 1 (CGC 9.8 SS) Signed Taud Nauck,publisher not stated and not determinable from the series,https://www.hipcomic.com/listing/custom-sony-interactive-entertainment-2023-1-cgc-98-ss-signed-taud-nauck/14804910
hipcomic (68).csv,41,15669385,dtacollectibles,203.00,USD,SPECTACULAR SPIDER-MAN #9 CGC 9.4 MARVEL-White Tiger-comic book-3804842007,no publication year in the title,https://www.hipcomic.com/listing/spectacular-spider-man-9-cgc-94-marvel-white-tiger-comic-book-3804842007/15669385
hipcomic (68).csv,42,12270337,anthonyscomicbookart,125.00,USD,Captain Carter #1 - Vintage Cover - CGC Grade 9.6 - 2022,publisher not stated and not determinable from the series,https://www.hipcomic.com/listing/captain-carter-1-vintage-cover-cgc-grade-96-2022/12270337
hipcomic (68).csv,49,10239393,comicage,350.00,CAD,"West Coast Avengers #1 (CGC 9.6 WP)   | CPV | Ultron, Goliath, & Man-Ape App",no publication year in the title,https://www.hipcomic.com/listing/west-coast-avengers-1-cgc-96-wp-cpv-ultron-goliath-man-ape-app/10239393
hipcomic (69).csv,3,19422977,shauk786,349.99,USD,Millar & McNiven's Nemesis # 3 DF EXCLUSIVE  CGC 9.8 GORGEOUS SLAB WHITE PAGES.,publisher not stated and not determinable from the series; no publication year in the title,https://www.hipcomic.com/listing/millar-mcnivens-nemesis-3-df-exclusive-cgc-98-gorgeous-slab-white-pages/19422977
hipcomic (69).csv,4,13307487,dtacollectibles,175.00,USD,ALL-STAR SQUADRON ANNUAL #1 CGC 9.8 NEWSSTAND-1982 comic book -4254919014,publisher not stated and not determinable from the series; no publication year in the title,https://www.hipcomic.com/listing/all-star-squadron-annual-1-cgc-98-newsstand-1982-comic-book-4254919014/13307487
hipcomic (69).csv,5,19097139,papercinema,370.50,USD,ALPHA FLIGHT #1 CGC 9.8 // MARVEL // comic book // FIRST ISSUE,no publication year in the title,https://www.hipcomic.com/listing/alpha-flight-1-cgc-98-marvel-comic-book-first-issue/19097139
hipcomic (69).csv,8,13984393,vintageexplosion,275.00,USD,CONAN THE BARBARIAN #36 CGC 9.6--comic book--1974--Marvel-4048257009,no publication year in the title,https://www.hipcomic.com/listing/conan-the-barbarian-36-cgc-96-comic-book-1974-marvel-4048257009/13984393
hipcomic (69).csv,9,14346116,comicage,500.00,CAD,Extreme Venomvurse (2023)#2 (CGC 9.8 SS) Signed Lee Lee Variant Cover * Census=3,publisher not stated and not determinable from the series,https://www.hipcomic.com/listing/extreme-venomvurse-20232-cgc-98-ss-signed-lee-lee-variant-cover-census3/14346116
hipcomic (69).csv,14,10239733,comicage,500.00,CAD,Ms. Marvel: Marvel Tales (2021) #1 (CGC 9.6) G. Willow Wilson Story Census 3!!,publisher not stated and not determinable from the series,https://www.hipcomic.com/listing/ms-marvel-marvel-tales-2021-1-cgc-96-g-willow-wilson-story-census-3/10239733
hipcomic (69).csv,15,19098093,papercinema,337.50,USD,Amazing Spider-Man #252 Finnish Edition CGC 3.0 signed by Ron Frenz 0182584003,signed or conserved book without a stated label type; no publication year in the title,https://www.hipcomic.com/listing/amazing-spider-man-252-finnish-edition-cgc-30-signed-by-ron-frenz-0182584003/19098093
hipcomic (69).csv,16,20423371,comicage,500.00,CAD,Wolverine V3 (2007) # 55 (CGC 9.6 SS) Sketch Land Variant + Signed Jeph Loeb JSA,publisher not stated and not determinable from the series,https://www.hipcomic.com/listing/wolverine-v3-2007-55-cgc-96-ss-sketch-land-variant-signed-jeph-loeb-jsa/20423371
hipcomic (69).csv,17,19097252,papercinema,750.00,USD,Is This Tomorrow #nn CGC 7.5 no price blank circle variant-anti-Communist 011...,publisher not stated and not determinable from the series; no publication year in the title,https://www.hipcomic.com/listing/is-this-tomorrow-nn-cgc-75-no-price-blank-circle-variant-anti-communist-011/19097252
hipcomic (69).csv,18,13281175,dtacollectibles,140.00,USD,Teen Titans #43 CGC 9.8-2007 1st Teen Titans East-4254919025,no publication year in the title,https://www.hipcomic.com/listing/teen-titans-43-cgc-98-2007-1st-teen-titans-east-4254919025/13281175
hipcomic (69).csv,23,15453348,dtacollectibles,98.00,USD,WONDER WOMAN #193 -CGC 9.8-2003--comic book 4393769016,no publication year in the title,https://www.hipcomic.com/listing/wonder-woman-193-cgc-98-2003-comic-book-4393769016/15453348
hipcomic (69).csv,24,7042120,dtacollectibles,140.00,USD,MARVEL SUPER HEROES SECRET WARS #7 CGC 9.4 1st Spider-Woman 2015992008,no publication year in the title,https://www.hipcomic.com/listing/marvel-super-heroes-secret-wars-7-cgc-94-1st-spider-woman-2015992008/7042120
hipcomic (69).csv,25,19098383,papercinema,253.50,USD,American Flagg #1 CGC 9.8 // 1983 // 1st issue // Comic Book,publisher not stated and not determinable from the series,https://www.hipcomic.com/listing/american-flagg-1-cgc-98-1983-1st-issue-comic-book/19098383
hipcomic (69).csv,26,10478332,comicage,250.00,CAD,Dark Ages (2021) #1 (CGC 9.8) Izzy’s Comics Ed. Census 22,publisher not stated and not determinable from the series,https://www.hipcomic.com/listing/dark-ages-2021-1-cgc-98-izzys-comics-ed-census-22/10478332
hipcomic (69).csv,27,17359394,comicage,450.00,CAD,Aquaman and the Lost Kingdom Special (2023) # 1 (CGC 9.8) Signed Belen Ortega,signed or conserved book without a stated label type; publisher not stated and not determinable from the series,https://www.hipcomic.com/listing/aquaman-and-the-lost-kingdom-special-2023-1-cgc-98-signed-belen-ortega/17359394
hipcomic (69).csv,29,17207154,comicage,350.00,CAD,Something Is Killing The Children (2020) #8 (CGC 9.2) Signed Tynion * Dell'edera,signed or conserved book without a stated label type,https://www.hipcomic.com/listing/something-is-killing-the-children-2020-8-cgc-92-signed-tynion-delledera/17207154
hipcomic (69).csv,30,21861590,anthonyscomicbookart,39.97,USD,Moon Knight Special #1 - Art Nichols & Jeff Albrecht Cover - CGC 9.2 - 1992,publisher not stated and not determinable from the series,https://www.hipcomic.com/listing/moon-knight-special-1-art-nichols-jeff-albrecht-cover-cgc-92-1992/21861590
hipcomic (69).csv,31,20901300,AtlantaClassicComics,199.99,USD,Amazing Spider-Man # 375 CGC Graded 8.5 Marvel Comic Book Printing Error JH29,no publication year in the title,https://www.hipcomic.com/listing/amazing-spider-man-375-cgc-graded-85-marvel-comic-book-printing-error-jh29/20901300
hipcomic (69).csv,37,15472309,ksoat,199.00,USD,Hot Rod and Speedway No 3 CGC Certified Copy 1952,no numeric grade in the title; publisher not stated and not determinable from the series,https://www.hipcomic.com/listing/hot-rod-and-speedway-no-3-cgc-certified-copy-1952/15472309
hipcomic (69).csv,39,19097100,papercinema,370.50,USD,X-MEN #282 CGC 9.8 // FIRST BISHOP // MARVEL COMIC BOOK // 3826016008,no publication year in the title,https://www.hipcomic.com/listing/x-men-282-cgc-98-first-bishop-marvel-comic-book-3826016008/19097100
hipcomic (69).csv,43,17478444,comicage,450.00,CAD,Teenage Mutant Ninja (2024) # 1 (CGC SS 9.8) Signed Jason Aaron * Eastmen* Jones,publisher not stated and not determinable from the series,https://www.hipcomic.com/listing/teenage-mutant-ninja-2024-1-cgc-ss-98-signed-jason-aaron-eastmen-jones/17478444
hipcomic (69).csv,44,10238337,comicage,225.00,CAD,Maw (2021) # 1  (CGC 9.8) Virgin Variant Cover | Census=3,publisher not stated and not determinable from the series,https://www.hipcomic.com/listing/maw-2021-1-cgc-98-virgin-variant-cover-census3/10238337
hipcomic (69).csv,48,12676131,comicage,300.00,CAD,Archie Valentine’s Spectacular (2023) # 1C (CGC 9.8 WP SS) Sketch Dan Parent,publisher not stated and not determinable from the series,https://www.hipcomic.com/listing/archie-valentines-spectacular-2023-1c-cgc-98-wp-ss-sketch-dan-parent/12676131
hipcomic (70).csv,5,10239693,comicage,500.00,CAD,Groo (1985) # 3 (CGC 9.8 WP) Canadian Price Variants CPV | Only One In Census=1,publisher not stated and not determinable from the series,https://www.hipcomic.com/listing/groo-1985-3-cgc-98-wp-canadian-price-variants-cpv-only-one-in-census1/10239693
hipcomic (70).csv,9,19415816,AtlantaClassicComics,237.49,USD,Batman # 570 CGC Graded 9.8 DC Comic Book Harley Quinn Joker JH19,no publication year in the title,https://www.hipcomic.com/listing/batman-570-cgc-graded-98-dc-comic-book-harley-quinn-joker-jh19/19415816
hipcomic (70).csv,12,11240894,comicage,500.00,CAD,X-Terminators (2022) #1 (CGC 9.8 SS WP) Signed& Sketch T. Dodson| Variant Cover,publisher not stated and not determinable from the series,https://www.hipcomic.com/listing/x-terminators-2022-1-cgc-98-ss-wp-signed-sketch-t-dodson-variant-cover/11240894
hipcomic (70).csv,14,21767406,RandyPierce3,105.00,USD,Spawn #286 CGC 9.8 NM/M Image Comics,no publication year in the title,https://www.hipcomic.com/listing/spawn-286-cgc-98-nm-m-image-comics/21767406
hipcomic (70).csv,16,14442622,comicage,450.00,CAD,Deadpool :Badder Blood (2023) #1 (CGC 9.8) Signed & Sketch Dan Ponasion Census=3,signed or conserved book without a stated label type; publisher not stated and not determinable from the series,https://www.hipcomic.com/listing/deadpool-badder-blood-2023-1-cgc-98-signed-sketch-dan-ponasion-census3/14442622
hipcomic (70).csv,18,15669417,dtacollectibles,210.00,USD,Alexandria Ocasio-Cortez & Freshman Force #1 CGC 9.8 2ND PRINT - comic book 2...,publisher not stated and not determinable from the series; no publication year in the title,https://www.hipcomic.com/listing/alexandria-ocasio-cortez-freshman-force-1-cgc-98-2nd-print-comic-book-2/15669417
hipcomic (70).csv,22,10239122,comicage,300.00,CAD,Champions (2016) # 1 (CGC SS 9.8 WP) | Signed By Humberto Ramos !,publisher not stated and not determinable from the series,https://www.hipcomic.com/listing/champions-2016-1-cgc-ss-98-wp-signed-by-humberto-ramos/10239122
hipcomic (70).csv,25,20596245,AtlantaClassicComics,299.99,USD,The Incredible Hulk # 141 CGC Graded 6.0 Marvel Comic Book 1st Doc Samson JH28,no publication year in the title,https://www.hipcomic.com/listing/the-incredible-hulk-141-cgc-graded-60-marvel-comic-book-1st-doc-samson-jh28/20596245
hipcomic (70).csv,29,3120687,dtacollectibles,126.00,USD,Suicide Squad #23 CGC 9.6 comic book -1st Oracle - Modern Key- 0258585003,no publication year in the title,https://www.hipcomic.com/listing/suicide-squad-23-cgc-96-comic-book-1st-oracle-modern-key-0258585003/3120687
hipcomic (70).csv,31,12935615,comicage,500.00,CAD,Mile Morales Spider-Man (2023) #5 (CGC 9.8 SS) Signed Alex Ross Sketch Cover,publisher not stated and not determinable from the series,https://www.hipcomic.com/listing/mile-morales-spider-man-2023-5-cgc-98-ss-signed-alex-ross-sketch-cover/12935615
hipcomic (70).csv,34,20986349,edgardoe1971,225.00,USD,"2023 Fire & Ice: Welcome to Smallville #1, CGC Graded 9.9",publisher not stated and not determinable from the series,https://www.hipcomic.com/listing/2023-fire-ice-welcome-to-smallville-1-cgc-graded-99/20986349
hipcomic (70).csv,35,19939490,AtlantaClassicComics,324.99,USD,Ultimate Fantastic Four # 22 CGC Graded 9.8 Marvel Comic Book 1st Zombies JH22,no publication year in the title,https://www.hipcomic.com/listing/ultimate-fantastic-four-22-cgc-graded-98-marvel-comic-book-1st-zombies-jh22/19939490
hipcomic (70).csv,42,12791633,comicage,500.00,CAD,Strange (2022)  # 1 ( CGC 9.8 SS ) Signed Jed Mackay • Hidden Gem Variant 1:100,publisher not stated and not determinable from the series,https://www.hipcomic.com/listing/strange-2022-1-cgc-98-ss-signed-jed-mackay-o-hidden-gem-variant-1100/12791633
hipcomic (70).csv,44,20247782,comicage,500.00,CAD,Space Usagi Yojimbo (1992) # 2 (CGC 9.8 SS WP) Signed Stan Sakai • Census=2,publisher not stated and not determinable from the series,https://www.hipcomic.com/listing/space-usagi-yojimbo-1992-2-cgc-98-ss-wp-signed-stan-sakai-o-census2/20247782
hipcomic (70).csv,45,15706686,vintageexplosion,137.50,USD,DAREDEVIL #186 CGC 9.8--comic book--marvel--4080875023,no publication year in the title,https://www.hipcomic.com/listing/daredevil-186-cgc-98-comic-book-marvel-4080875023/15706686
hipcomic (70).csv,46,14442615,comicage,500.00,CAD,Alice Ever After (2022) # 1 (CGC 9.8 SS) Signed & Sketch Dan Ponasion Census = 1,publisher not stated and not determinable from the series,https://www.hipcomic.com/listing/alice-ever-after-2022-1-cgc-98-ss-signed-sketch-dan-ponasion-census-1/14442615
hipcomic (71).csv,2,14442676,comicage,350.00,CAD,Carnage Forever (2022) # 1 (CGC 9.8 SS) Signed & Sketch Dan Panosian * Census =2,publisher not stated and not determinable from the series,https://www.hipcomic.com/listing/carnage-forever-2022-1-cgc-98-ss-signed-sketch-dan-panosian-census-2/14442676
hipcomic (71).csv,3,15472349,ksoat,199.00,USD,Hot Rod and Speedway No 2 CGC Certified Copy 1952,no numeric grade in the title; publisher not stated and not determinable from the series,https://www.hipcomic.com/listing/hot-rod-and-speedway-no-2-cgc-certified-copy-1952/15472349
hipcomic (71).csv,10,12915197,dtacollectibles,154.00,USD,Batman #359 CGC 9.6  WHITE pages-first KILLER CROC face revealed 4253372019,no publication year in the title,https://www.hipcomic.com/listing/batman-359-cgc-96-white-pages-first-killer-croc-face-revealed-4253372019/12915197
hipcomic (71).csv,11,10238958,comicage,300.00,CAD,Inferno (2021) # 1 (CGC 9.8 WP) | Variant Edition Wraparound Cover | Census=15,publisher not stated and not determinable from the series,https://www.hipcomic.com/listing/inferno-2021-1-cgc-98-wp-variant-edition-wraparound-cover-census15/10238958
hipcomic (71).csv,14,12839165,comicage,325.00,CAD,Star Wars Mandalorian (2022) # 4 (CGC 9.8 WP)  Signed Greg Land • 1:25,signed or conserved book without a stated label type; publisher not stated and not determinable from the series,https://www.hipcomic.com/listing/star-wars-mandalorian-2022-4-cgc-98-wp-signed-greg-land-o-125/12839165
hipcomic (71).csv,16,12786375,comicage,308.00,CAD,TMNT Teenage Mutant Ninja (2019) # 98 (CGC SS 9.8) Signed & Sketch David Baron,publisher not stated and not determinable from the series,https://www.hipcomic.com/listing/tmnt-teenage-mutant-ninja-2019-98-cgc-ss-98-signed-sketch-david-baron/12786375
hipcomic (71).csv,20,17601206,comicage,350.00,CAD,Venom  (1993) # 2 (CGC 9.8) Signed David Michelnie * Sam De La  Rosa * Marvel,signed or conserved book without a stated label type,https://www.hipcomic.com/listing/venom-1993-2-cgc-98-signed-david-michelnie-sam-de-la-rosa-marvel/17601206
hipcomic (71).csv,23,15669731,dtacollectibles,126.00,USD,INCREDIBLE HULK #377-CGC 9.6 1st Professor Hulk-unpressed 2014539003,no publication year in the title,https://www.hipcomic.com/listing/incredible-hulk-377-cgc-96-1st-professor-hulk-unpressed-2014539003/15669731
hipcomic (71).csv,24,10239696,comicage,500.00,CAD,Groo (1985) # 6 (CGC 9.8 WP) Canadian Price Variants CPV | Only One In Census=1,publisher not stated and not determinable from the series,https://www.hipcomic.com/listing/groo-1985-6-cgc-98-wp-canadian-price-variants-cpv-only-one-in-census1/10239696
hipcomic (71).csv,29,21329410,AtlantaClassicComics,324.99,USD,Batman Adventures # 16 CGC Graded 9.8 Marvel Comic Book Joker Harley Quinn JH38,no publication year in the title,https://www.hipcomic.com/listing/batman-adventures-16-cgc-graded-98-marvel-comic-book-joker-harley-quinn-jh38/21329410
hipcomic (71).csv,32,10402536,comicage,350.00,CAD,Deadpool Kills Marvel Universe # 2 (CGC 7.5 SS) Signed & Sketch Dave Johnson,publisher not stated and not determinable from the series; no publication year in the title,https://www.hipcomic.com/listing/deadpool-kills-marvel-universe-2-cgc-75-ss-signed-sketch-dave-johnson/10402536
hipcomic (71).csv,33,11100961,dtacollectibles,126.00,USD,AMAZING SPIDER-MAN #289 CGC 9.6 MARVEL COMICS-Hobgoblin 3990900007,no publication year in the title,https://www.hipcomic.com/listing/amazing-spider-man-289-cgc-96-marvel-comics-hobgoblin-3990900007/11100961
hipcomic (71).csv,35,19422653,shauk786,245.00,USD,PRIMORDIAL #1 JOHN GALLAGHER COVER CGC 9.8 GORGEOUS SLAB WHITE PAGES.,publisher not stated and not determinable from the series; no publication year in the title,https://www.hipcomic.com/listing/primordial-1-john-gallagher-cover-cgc-98-gorgeous-slab-white-pages/19422653
hipcomic (71).csv,37,17339776,comicage,450.00,CAD,Star Wars : Return Jedi-jabba's Palace # 1 (CGC 9.6) Signed & Sketch Alex Maleev,signed or conserved book without a stated label type; publisher not stated and not determinable from the series; no publication year in the title,https://www.hipcomic.com/listing/star-wars-return-jedi-jabbas-palace-1-cgc-96-signed-sketch-alex-maleev/17339776
hipcomic (71).csv,43,20026403,anthonyscomicbookart,349.88,USD,Venomized #1 CGC (9.8) Signed & Sketched by Skan Srisuwan & Steve Lydic - 2018,signed or conserved book without a stated label type; publisher not stated and not determinable from the series,https://www.hipcomic.com/listing/venomized-1-cgc-98-signed-sketched-by-skan-srisuwan-steve-lydic-2018/20026403
hipcomic (71).csv,44,10238881,comicage,250.00,CAD,Infinite Crisis (2006) # 3 (CGC 9.8 WP) | 1st Jaime Reyes (Blue Beetle),publisher not stated and not determinable from the series,https://www.hipcomic.com/listing/infinite-crisis-2006-3-cgc-98-wp-1st-jaime-reyes-blue-beetle/10238881
hipcomic (71).csv,45,19097604,papercinema,292.50,USD,Mad #169  1974 - EC -CGC 9.6 - Comic Book-0744902010,publisher not stated and not determinable from the series,https://www.hipcomic.com/listing/mad-169-1974-ec-cgc-96-comic-book-0744902010/19097604
hipcomic (71).csv,46,15669300,dtacollectibles,161.00,USD,BATMAN BEYOND #19 CGC 9.8 DC comic book--2001 4376334015,no publication year in the title,https://www.hipcomic.com/listing/batman-beyond-19-cgc-98-dc-comic-book-2001-4376334015/15669300
hipcomic (71).csv,47,19200596,anthonyscomicbookart,199.97,USD,Notti & Nyce Halloween Sp #nn - Signed Fabian Nicieza - CGC 9.8 - 2017,signed or conserved book without a stated label type; publisher not stated and not determinable from the series,https://www.hipcomic.com/listing/notti-nyce-halloween-sp-nn-signed-fabian-nicieza-cgc-98-2017/19200596
hipcomic (71).csv,48,15453344,dtacollectibles,98.00,USD,DETECTIVE #831 CGC 9.8 -HARLEY QUINN-DC comic book-4393770001,no publication year in the title,https://www.hipcomic.com/listing/detective-831-cgc-98-harley-quinn-dc-comic-book-4393770001/15453344
hipcomic (71).csv,49,10239427,comicage,300.00,CAD,Aquaman Futures End (2014) # 1 (CGC WP 9.8) Rare Newsstand | Census=4,publisher not stated and not determinable from the series,https://www.hipcomic.com/listing/aquaman-futures-end-2014-1-cgc-wp-98-rare-newsstand-census4/10239427
hipcomic (72).csv,4,17339777,comicage,450.00,CAD,Star Wars : Return Jedi-jabba's Palace (2023) # 1 (CGC 9.8) Signed Alex Maleev,signed or conserved book without a stated label type; publisher not stated and not determinable from the series,https://www.hipcomic.com/listing/star-wars-return-jedi-jabbas-palace-2023-1-cgc-98-signed-alex-maleev/17339777
hipcomic (72).csv,7,16472523,comicage,250.00,CAD,Chastity Sketchbook (1997) # nn (CGC 9.6 SS) Signed Brian Pulido * Census  =1,publisher not stated and not determinable from the series,https://www.hipcomic.com/listing/chastity-sketchbook-1997-nn-cgc-96-ss-signed-brian-pulido-census-1/16472523
hipcomic (72).csv,9,10478340,comicage,250.00,CAD,Eternals: Thanos Rises (2021) #1 (CGC 9.8) Weaver Variant Cover Census 5!!,publisher not stated and not determinable from the series,https://www.hipcomic.com/listing/eternals-thanos-rises-2021-1-cgc-98-weaver-variant-cover-census-5/10478340
hipcomic (72).csv,10,19233177,anthonyscomicbookart,149.97,USD,Southern Nightgown #1 WW Chicago Naughty Edition 3x Sigs LTD 150 (2012) CGC 9.8,adult-variant wording (needs a manual look before Merchant Center); publisher not stated and not determinable from the series,https://www.hipcomic.com/listing/southern-nightgown-1-ww-chicago-naughty-edition-3x-sigs-ltd-150-2012-cgc-98/19233177
hipcomic (72).csv,11,19097594,papercinema,292.50,USD,Roy Rogers #44 CGC 9.0 1951-Dell-photo cover-4514814009,publisher not stated and not determinable from the series,https://www.hipcomic.com/listing/roy-rogers-44-cgc-90-1951-dell-photo-cover-4514814009/19097594
hipcomic (72).csv,17,21106491,rdbeard,145.00,USD,"CAPTAIN AMERICA #255 - CGC-9.8, WP - Miller - Byrne - Highest graded!",publisher not stated and not determinable from the series; no publication year in the title,https://www.hipcomic.com/listing/captain-america-255-cgc-98-wp-miller-byrne-highest-graded/21106491
hipcomic (72).csv,19,15797709,comicage,300.00,CAD,Rogue & Gambit (2023) # 3 (CGC 9.4 SS) Signed Jeff Dekal * Phillips Autograph,publisher not stated and not determinable from the series,https://www.hipcomic.com/listing/rogue-gambit-2023-3-cgc-94-ss-signed-jeff-dekal-phillips-autograph/15797709
hipcomic (72).csv,20,10239319,comicage,300.00,CAD,Symbiote Spider-Man: Crossroads  (2021) # 4 (CGC 9.8WP) Variant Edition Census 1,publisher not stated and not determinable from the series,https://www.hipcomic.com/listing/symbiote-spider-man-crossroads-2021-4-cgc-98wp-variant-edition-census-1/10239319
hipcomic (72).csv,21,13639736,dtacollectibles,175.00,USD,Batman and Robin Adventures #18 CGC 9.8 JOKER comic book 4318361024,no publication year in the title,https://www.hipcomic.com/listing/batman-and-robin-adventures-18-cgc-98-joker-comic-book-4318361024/13639736
hipcomic (72).csv,22,11471532,comicage,300.00,CAD,Marvel's Voices Identity (2021) # 1 (CGC 9.8) Signed Philip Tan Variant Cover,signed or conserved book without a stated label type,https://www.hipcomic.com/listing/marvels-voices-identity-2021-1-cgc-98-signed-philip-tan-variant-cover/11471532
hipcomic (72).csv,28,12818337,comicage,200.00,CAD,Firestorm (1982) # 1 (CGC 9.0 WP) Signed & Sketch Broderick | Newsstand | 1stapp,signed or conserved book without a stated label type,https://www.hipcomic.com/listing/firestorm-1982-1-cgc-90-wp-signed-sketch-broderick-newsstand-1stapp/12818337
hipcomic (72).csv,29,11184105,comicage,200.00,CAD,Wynd (2020)# 1 (CGC 9.8 WP) James Tynion IV Story,publisher not stated and not determinable from the series,https://www.hipcomic.com/listing/wynd-2020-1-cgc-98-wp-james-tynion-iv-story/11184105
hipcomic (72).csv,32,19098944,papercinema,300.00,USD,Avengers #364 CGC 9.8 1st full appearance of Deathcry 3810014014,no publication year in the title,https://www.hipcomic.com/listing/avengers-364-cgc-98-1st-full-appearance-of-deathcry-3810014014/19098944
hipcomic (72).csv,33,19098761,papercinema,325.00,USD,MAD #22  1955 - EC -CGC VG+ - Comic Book-4067888001,no numeric grade in the title; publisher not stated and not determinable from the series,https://www.hipcomic.com/listing/mad-22-1955-ec-cgc-vg-comic-book-4067888001/19098761
hipcomic (72).csv,34,19422389,shauk786,399.99,USD,Millar & McNiven's Nemesis # 2 DF EXCLUSIVE  CGC 9.8 GORGEOUS SLAB WHITE PAGES.,publisher not stated and not determinable from the series; no publication year in the title,https://www.hipcomic.com/listing/millar-mcnivens-nemesis-2-df-exclusive-cgc-98-gorgeous-slab-white-pages/19422389
hipcomic (72).csv,35,20910542,AtlantaClassicComics,224.99,USD,Legends Of The Dark Claw # 1 CGC Graded 9.6 Amalgam Comic Book Batman X-Men JH30,publisher not stated and not determinable from the series; no publication year in the title,https://www.hipcomic.com/listing/legends-of-the-dark-claw-1-cgc-graded-96-amalgam-comic-book-batman-x-men-jh30/20910542
hipcomic (72).csv,46,20963812,AtlantaClassicComics,274.99,USD,Elseworlds's Finest Supergirl & Batgirl # nn CGC Graded 9.8 DC Comic Book JH34,no publication year in the title,https://www.hipcomic.com/listing/elseworldss-finest-supergirl-batgirl-nn-cgc-graded-98-dc-comic-book-jh34/20963812
hipcomic (72).csv,47,15797720,comicage,500.00,CAD,Broken Halo :Is There Nothing Scared (1998)#2(CGC 9.8) Signed Tim Vigil Census=1,signed or conserved book without a stated label type; publisher not stated and not determinable from the series,https://www.hipcomic.com/listing/broken-halo-is-there-nothing-scared-19982cgc-98-signed-tim-vigil-census1/15797720
hipcomic (72).csv,48,19421868,shauk786,499.99,USD,TMNT:The Last Ronin #1 “PUREART EDITION B” KUNKKA LIM VIRGIN COVER CGC 9.8 SS.,publisher not stated and not determinable from the series; no publication year in the title,https://www.hipcomic.com/listing/tmntthe-last-ronin-1-pureart-edition-b-kunkka-lim-virgin-cover-cgc-98-ss/19421868
hipcomic (73).csv,5,21017086,rdbeard,265.00,USD,"JUSTICE COMICS #22 - CGC-6.5, OW-W Timely - Highest graded! - Golden Age",no publication year in the title,https://www.hipcomic.com/listing/justice-comics-22-cgc-65-ow-w-timely-highest-graded-golden-age/21017086
hipcomic (73).csv,7,16472543,comicage,250.00,CAD,Purgatori : Mischief Night  (2001) #1 (CGC 9.6) Signed Brian Pulido * Census = 1,signed or conserved book without a stated label type; publisher not stated and not determinable from the series,https://www.hipcomic.com/listing/purgatori-mischief-night-2001-1-cgc-96-signed-brian-pulido-census-1/16472543
hipcomic (73).csv,8,16473067,comicage,300.00,CAD,Crisis On Infinite Earths : Facsimile Edition (2024) #1 (CGC 9.8) Signed Wolfman,signed or conserved book without a stated label type,https://www.hipcomic.com/listing/crisis-on-infinite-earths-facsimile-edition-2024-1-cgc-98-signed-wolfman/16473067
hipcomic (73).csv,14,15669665,dtacollectibles,126.00,USD,SPAWN #57 CGC 9.8-1996-Image-Comic book-3879911024,no publication year in the title,https://www.hipcomic.com/listing/spawn-57-cgc-98-1996-image-comic-book-3879911024/15669665
hipcomic (73).csv,16,17667573,comicage,350.00,CAD,G. Joe Yearbook #1 (CGC 9.0) Signed Michael Golden *Hama* CAnadian Prive Variant,signed or conserved book without a stated label type; publisher not stated and not determinable from the series; no publication year in the title,https://www.hipcomic.com/listing/g-joe-yearbook-1-cgc-90-signed-michael-golden-hama-canadian-prive-variant/17667573
hipcomic (73).csv,19,14398343,comicage,350.00,CAD,Moon Knight (2021) # 1 (CGC 9.8)Signed Romita Jr. Second Printing/Sketch Cover,signed or conserved book without a stated label type,https://www.hipcomic.com/listing/moon-knight-2021-1-cgc-98signed-romita-jr-second-printing-sketch-cover/14398343
hipcomic (73).csv,23,17281615,comicage,350.00,CAD,Bone Orchard : Tenement (2023) # 1 (CGC 9.8 SS) Signed Jeff Lemire * Census =2,publisher not stated and not determinable from the series,https://www.hipcomic.com/listing/bone-orchard-tenement-2023-1-cgc-98-ss-signed-jeff-lemire-census-2/17281615
hipcomic (73).csv,24,15201971,RandyPierce3,500.00,USD,RARE Mission Impossible #1 CGC 9.4 NEWSSTAND Recall Error Edition Liefeld 1996,publisher not stated and not determinable from the series,https://www.hipcomic.com/listing/rare-mission-impossible-1-cgc-94-newsstand-recall-error-edition-liefeld-1996/15201971
hipcomic (73).csv,25,14833340,comicage,500.00,CAD,Darkwing Duck (2023) # 1 (CGC 9.8 SS) Signed Lesley Lerix Li Variant Q *Census=2,publisher not stated and not determinable from the series,https://www.hipcomic.com/listing/darkwing-duck-2023-1-cgc-98-ss-signed-lesley-lerix-li-variant-q-census2/14833340
hipcomic (73).csv,29,12676583,comicage,300.00,CAD,Archie Valentine’s Spectacular (2023) # 1B (CGC 8.0 WP SS) Sketch Dan Parent,publisher not stated and not determinable from the series,https://www.hipcomic.com/listing/archie-valentines-spectacular-2023-1b-cgc-80-wp-ss-sketch-dan-parent/12676583
hipcomic (73).csv,31,21734269,anthonyscomicbookart,199.95,USD,"Uncle Scrooge #35 - Carl Barks Story, Cover, Art (CGC 8.0) 1961",publisher not stated and not determinable from the series,https://www.hipcomic.com/listing/uncle-scrooge-35-carl-barks-story-cover-art-cgc-80-1961/21734269
hipcomic (73).csv,41,20910397,AtlantaClassicComics,299.99,USD,Web Of Spider-Man # 36 CGC Graded 9.6 Marvel Comic Book 1st Tombstone App. JH31,no publication year in the title,https://www.hipcomic.com/listing/web-of-spider-man-36-cgc-graded-96-marvel-comic-book-1st-tombstone-app-jh31/20910397
hipcomic (73).csv,42,17223737,comicage,550.00,CAD,GI Joe A Real American Hero (2023) #301 (CGC SS 9.8)Signed & Sketch Idris Durcet,publisher not stated and not determinable from the series,https://www.hipcomic.com/listing/gi-joe-a-real-american-hero-2023-301-cgc-ss-98signed-sketch-idris-durcet/17223737
hipcomic (73).csv,44,15220676,comicage,250.00,CAD,Goon (2009)  # 32 ( CGC 9.4 SS) Signed & Sketch  Eric Powell * Special edition,publisher not stated and not determinable from the series,https://www.hipcomic.com/listing/goon-2009-32-cgc-94-ss-signed-sketch-eric-powell-special-edition/15220676
hipcomic (73).csv,47,11146100,comicage,400.00,CAD,Ball and Chain (2000) # 4 (CGC 9.8 SS) Signed & Sketch Scott Lobdell Optioned,publisher not stated and not determinable from the series,https://www.hipcomic.com/listing/ball-and-chain-2000-4-cgc-98-ss-signed-sketch-scott-lobdell-optioned/11146100
hipcomic (73).csv,48,13864053,comicage,350.00,CAD,Ghost Rider/Blaze: Spirits of Venom #6(1993)CGC 9.8 Signed Ken Steacy,signed or conserved book without a stated label type; publisher not stated and not determinable from the series,https://www.hipcomic.com/listing/ghost-rider-blaze-spirits-of-venom-61993cgc-98-signed-ken-steacy/13864053
hipcomic (73).csv,49,12238602,comicage,350.00,CAD,District X (2004) # 2 (9.8 - CGC)  | 1st Appearance Mister M Omega Level Mutant!,publisher not stated and not determinable from the series,https://www.hipcomic.com/listing/district-x-2004-2-98-cgc-1st-appearance-mister-m-omega-level-mutant/12238602
hipcomic (74).csv,4,11241521,comicage,250.00,CAD,Strange (2022) #1 (CGC 9.8 SS WP) Signed Mahmud Asrar | Variant Cover,publisher not stated and not determinable from the series,https://www.hipcomic.com/listing/strange-2022-1-cgc-98-ss-wp-signed-mahmud-asrar-variant-cover/11241521
hipcomic (74).csv,6,10239889,comicage,500.00,CAD,Scream: Curse of Carnage (2020) # 2 (CGC 9.8 WP) | 1st app cover Big Mother,publisher not stated and not determinable from the series,https://www.hipcomic.com/listing/scream-curse-of-carnage-2020-2-cgc-98-wp-1st-app-cover-big-mother/10239889
hipcomic (74).csv,7,18690233,rdbeard,215.00,USD,"RAGGEDY ANN AND ANDY #1 - CGC-7.0, OW-W - Kelly - Golden Age",publisher not stated and not determinable from the series; no publication year in the title,https://www.hipcomic.com/listing/raggedy-ann-and-andy-1-cgc-70-ow-w-kelly-golden-age/18690233
hipcomic (74).csv,10,21767388,RandyPierce3,105.00,USD,Spawn #278 CGC 9.8 NM/M Image Comics,no publication year in the title,https://www.hipcomic.com/listing/spawn-278-cgc-98-nm-m-image-comics/21767388
hipcomic (74).csv,12,21162597,AtlantaClassicComics,449.99,USD,Spider-Man & Batman Disordered Minds #1 CGC Graded 9.8 Marvel DC Comic Book JH35,more than one publisher named in the title; publisher not stated and not determinable from the series; no publication year in the title,https://www.hipcomic.com/listing/spider-man-batman-disordered-minds-1-cgc-graded-98-marvel-dc-comic-book-jh35/21162597
hipcomic (74).csv,16,10239020,comicage,300.00,CAD,Nubia & The Amazons (2021) # 1 (CGC 9.8) Swaby Foil Edition | Census=11,publisher not stated and not determinable from the series,https://www.hipcomic.com/listing/nubia-the-amazons-2021-1-cgc-98-swaby-foil-edition-census11/10239020
hipcomic (74).csv,18,15670264,dtacollectibles,133.00,USD,SPECTACULAR SPIDER-MAN #81 CGC 9.8  Cloak and Dagger-Punisher 3804835006,no publication year in the title,https://www.hipcomic.com/listing/spectacular-spider-man-81-cgc-98-cloak-and-dagger-punisher-3804835006/15670264
hipcomic (74).csv,19,14165207,comicage,350.00,CAD,Spider-Man (2023) # 4 (CGC 9.8) Signed Humberto Ramos • Ramos Variant Cover •C=5,signed or conserved book without a stated label type,https://www.hipcomic.com/listing/spider-man-2023-4-cgc-98-signed-humberto-ramos-o-ramos-variant-cover-oc5/14165207
hipcomic (74).csv,22,12898664,comicage,350.00,CAD,Madame Xanadu (1981) #1 (CGC 9.4 SS) Signed Steve Englehart J.M. DeMatteis story,publisher not stated and not determinable from the series,https://www.hipcomic.com/listing/madame-xanadu-1981-1-cgc-94-ss-signed-steve-englehart-jm-dematteis-story/12898664
hipcomic (74).csv,23,10401991,comicage,300.00,CAD,New Teen Titans (1982) # 23 (CGC 9.4 WP) | 1st App Vigilante | Signed Wolfman,signed or conserved book without a stated label type,https://www.hipcomic.com/listing/new-teen-titans-1982-23-cgc-94-wp-1st-app-vigilante-signed-wolfman/10401991
hipcomic (74).csv,25,14142563,comicage,400.00,CAD,Jurassic League (2022) #1 (CGC 9.8 SS) Signed Walt Simonson Variant Cover C = 1,publisher not stated and not determinable from the series,https://www.hipcomic.com/listing/jurassic-league-2022-1-cgc-98-ss-signed-walt-simonson-variant-cover-c-1/14142563
hipcomic (74).csv,33,15669718,dtacollectibles,105.00,USD,Secret Defenders #1 CGC 9.8 Dr. Strange-1993-comic book,publisher not stated and not determinable from the series; no publication year in the title,https://www.hipcomic.com/listing/secret-defenders-1-cgc-98-dr-strange-1993-comic-book/15669718
hipcomic (74).csv,35,4512072,dtacollectibles,245.00,USD,Deadly Hands of Kung Fu #32 1st Daughters of the Dragon-CGC 8.0 1989554003,publisher not stated and not determinable from the series; no publication year in the title,https://www.hipcomic.com/listing/deadly-hands-of-kung-fu-32-1st-daughters-of-the-dragon-cgc-80-1989554003/4512072
hipcomic (74).csv,38,17207061,comicage,350.00,CAD,Zatanna:Bring Down The House(2024) 1 (CGC 9.8) Signed  Alvaro Martinez* Census=2,signed or conserved book without a stated label type,https://www.hipcomic.com/listing/zatannabring-down-the-house2024-1-cgc-98-signed-alvaro-martinez-census2/17207061
hipcomic (74).csv,39,20025863,Subz100,330.00,USD,"Lady Death Swimsuit 1, Nathan Szerdy Metallic Edition Variant, Ltd 77, CGC 9.8",publisher not stated and not determinable from the series; no publication year in the title,https://www.hipcomic.com/listing/lady-death-swimsuit-1-nathan-szerdy-metallic-edition-variant-ltd-77-cgc-98/20025863
hipcomic (74).csv,41,13794019,dtacollectibles,105.00,USD,SPECTACULAR SPIDER-MAN #217 CGC 9.8-MARVEL-comic book 4318362020,no publication year in the title,https://www.hipcomic.com/listing/spectacular-spider-man-217-cgc-98-marvel-comic-book-4318362020/13794019
hipcomic (74).csv,45,16524442,comicage,400.00,CAD,Undead Ashcan (2001) # nn (CGC 9.2 SS) Signed Brian Pulido * Census = 1 * Chaos,publisher not stated and not determinable from the series,https://www.hipcomic.com/listing/undead-ashcan-2001-nn-cgc-92-ss-signed-brian-pulido-census-1-chaos/16524442
hipcomic (74).csv,46,19096526,papercinema,487.50,USD,Dark Mysteries #1 CGC 3.0 1951-SKULL cover-Wally Wood-1163277006,publisher not stated and not determinable from the series,https://www.hipcomic.com/listing/dark-mysteries-1-cgc-30-1951-skull-cover-wally-wood-1163277006/19096526
hipcomic (74).csv,48,19653123,papercinema,500.00,USD,"Sports Illustrated Sep 2, 1963 CGC 8.5 HIGHEST -Ron Fairly Cover 4632777014",publisher not stated and not determinable from the series,https://www.hipcomic.com/listing/sports-illustrated-sep-2-1963-cgc-85-highest-ron-fairly-cover-4632777014/19653123
hipcomic (75).csv,6,10239194,comicage,400.00,CAD,Batman The Man Who Laughs (2005) # NN (CGC 9.8 WP) Brubaker Story & Mahnke Cover,publisher not stated and not determinable from the series,https://www.hipcomic.com/listing/batman-the-man-who-laughs-2005-nn-cgc-98-wp-brubaker-story-mahnke-cover/10239194
hipcomic (75).csv,9,10238904,comicage,300.00,CAD,War of the Realms: New Agents Of Atlas (2019) # 1 (CGC 9.8),publisher not stated and not determinable from the series,https://www.hipcomic.com/listing/war-of-the-realms-new-agents-of-atlas-2019-1-cgc-98/10238904
hipcomic (75).csv,10,15998169,vintageexplosion,280.50,USD,ALPHA FLIGHT #1 CGC 9.8 -- MARVEL -- comic book -- 1st issue -- 3826992010,no publication year in the title,https://www.hipcomic.com/listing/alpha-flight-1-cgc-98-marvel-comic-book-1st-issue-3826992010/15998169
hipcomic (75).csv,12,21329266,AtlantaClassicComics,399.99,USD,Gotham City Sirens # 10 CGC Graded 9.8 DC Comic Book Harley Quinn Catwoman JH38,no publication year in the title,https://www.hipcomic.com/listing/gotham-city-sirens-10-cgc-graded-98-dc-comic-book-harley-quinn-catwoman-jh38/21329266
hipcomic (75).csv,13,17281622,comicage,400.00,CAD,Book Of Butcher (2023) #1 (CGC 9.8) Signed Dell'edera * Jmaes Tynion * Census =2,signed or conserved book without a stated label type; publisher not stated and not determinable from the series,https://www.hipcomic.com/listing/book-of-butcher-2023-1-cgc-98-signed-delledera-jmaes-tynion-census-2/17281622
hipcomic (75).csv,14,12884892,comicage,300.00,CAD,Adventures Of Spider-Man (1997) # 12 (CGC 9.4 SS) Sketch & Signed Alex Saviuk,publisher not stated and not determinable from the series,https://www.hipcomic.com/listing/adventures-of-spider-man-1997-12-cgc-94-ss-sketch-signed-alex-saviuk/12884892
hipcomic (75).csv,16,18458888,comicage,250.00,CAD,Deadpool & Wolverine WWIII  (2024) # 1 (CGC 9.2) Signed Gabriele Dell'otto * War,signed or conserved book without a stated label type,https://www.hipcomic.com/listing/deadpool-wolverine-wwiii-2024-1-cgc-92-signed-gabriele-dellotto-war/18458888
hipcomic (75).csv,20,21417647,AtlantaClassicComics,384.99,USD,Moon Knight #25 CGC Graded 9.8 Marvel Comic Book Virgin Lau Artgerm Variant JH39,no publication year in the title,https://www.hipcomic.com/listing/moon-knight-25-cgc-graded-98-marvel-comic-book-virgin-lau-artgerm-variant-jh39/21417647
hipcomic (75).csv,21,15669399,dtacollectibles,119.00,USD,CEREBUS THE AARDVARK #27-CGC GRADED 9.6-DAVE SIM  1060695011,publisher not stated and not determinable from the series; no publication year in the title,https://www.hipcomic.com/listing/cerebus-the-aardvark-27-cgc-graded-96-dave-sim-1060695011/15669399
hipcomic (75).csv,23,10502357,comicage,250.00,CAD,What If …? Miles Morales (2022) # 1 (CGC 9.8 SS) Signed Ramos Variant,publisher not stated and not determinable from the series,https://www.hipcomic.com/listing/what-if-miles-morales-2022-1-cgc-98-ss-signed-ramos-variant/10502357
hipcomic (75).csv,24,15930514,vintageexplosion,275.00,USD,Blue Devil #2 CGC 9.8--1984--Newsstand ed-comic book--4393769004,publisher not stated and not determinable from the series; no publication year in the title,https://www.hipcomic.com/listing/blue-devil-2-cgc-98-1984-newsstand-ed-comic-book-4393769004/15930514
hipcomic (75).csv,28,20025226,Subz100,450.00,USD,"Lady Death Echoes 1, Grimsley Family Metal Variant, Ltd to 55, CGC 10, Top Pop!",publisher not stated and not determinable from the series; no publication year in the title,https://www.hipcomic.com/listing/lady-death-echoes-1-grimsley-family-metal-variant-ltd-to-55-cgc-10-top-pop/20025226
hipcomic (75).csv,29,12720725,comicage,350.00,CAD,Harley Quinn 30th Anniversary (2022) # 1 (CGC 9.8 SS) NY | Signed Alex Sinclair,publisher not stated and not determinable from the series,https://www.hipcomic.com/listing/harley-quinn-30th-anniversary-2022-1-cgc-98-ss-ny-signed-alex-sinclair/12720725
hipcomic (75).csv,31,10239494,comicage,375.00,CAD,Ghost Rider Director (2005) # 2 (CGC SS 9.8) Signed By Clayton Crain | Census=4,publisher not stated and not determinable from the series,https://www.hipcomic.com/listing/ghost-rider-director-2005-2-cgc-ss-98-signed-by-clayton-crain-census4/10239494
hipcomic (75).csv,33,17667569,comicage,450.00,CAD,G.I. Joe : A Real American Hero (2022)#300 (CGC 9.8) Signed Larry Hama *Census=2,signed or conserved book without a stated label type; publisher not stated and not determinable from the series,https://www.hipcomic.com/listing/gi-joe-a-real-american-hero-2022300-cgc-98-signed-larry-hama-census2/17667569
hipcomic (75).csv,34,18586225,rdbeard,250.00,USD,"JUNGLE J0 nn - CGC-5.5, WP - Fox - Good girl art - Golden Age",no issue number in the title; publisher not stated and not determinable from the series; no publication year in the title,https://www.hipcomic.com/listing/jungle-j0-nn-cgc-55-wp-fox-good-girl-art-golden-age/18586225
hipcomic (75).csv,35,20910445,AtlantaClassicComics,324.99,USD,Amazing Spider-Man Annual # 21 CGC Graded 9.6 Marvel Comic Book Newsstand JH29,no publication year in the title,https://www.hipcomic.com/listing/amazing-spider-man-annual-21-cgc-graded-96-marvel-comic-book-newsstand-jh29/20910445
hipcomic (75).csv,42,19089010,papercinema,156.00,USD,Starslayer #1  1982 - Pacific -CGC 9.8 - Comic Book-3961793012,publisher not stated and not determinable from the series,https://www.hipcomic.com/listing/starslayer-1-1982-pacific-cgc-98-comic-book-3961793012/19089010
hipcomic (75).csv,44,14633671,dtacollectibles,154.00,USD,ROCKETEER ADVENTURE MAGAZINE #1 CGC 9.4 1989 Dave Stevens art-4376333005,publisher not stated and not determinable from the series,https://www.hipcomic.com/listing/rocketeer-adventure-magazine-1-cgc-94-1989-dave-stevens-art-4376333005/14633671
hipcomic (75).csv,47,15669400,dtacollectibles,140.00,USD,Giant-Size CONAN #3 CGC 9.4-1977-comic book 4291312017,publisher not stated and not determinable from the series; no publication year in the title,https://www.hipcomic.com/listing/giant-size-conan-3-cgc-94-1977-comic-book-4291312017/15669400
hipcomic (75).csv,48,19421345,shauk786,199.99,USD,ICE CREAM MAN 24 MARAT MYCHAELS COVER CGC Signature Series 9.8 GORGEOUS SLAB,no publication year in the title,https://www.hipcomic.com/listing/ice-cream-man-24-marat-mychaels-cover-cgc-signature-series-98-gorgeous-slab/19421345
hipcomic (75).csv,49,17034219,comicage,350.00,CAD,30th Anniversary Spawn (2022) # 1 (CGC 9.8 SS) Signed & Sketch Ken Steacy •Blank,publisher not stated and not determinable from the series,https://www.hipcomic.com/listing/30th-anniversary-spawn-2022-1-cgc-98-ss-signed-sketch-ken-steacy-oblank/17034219
hipcomic (76).csv,7,15706519,vintageexplosion,220.00,USD,SAVAGE SHE-HULK #1 CGC 9.4--1980--1ST APPEARANCE--4253099001,no publication year in the title,https://www.hipcomic.com/listing/savage-she-hulk-1-cgc-94-1980-1st-appearance-4253099001/15706519
hipcomic (76).csv,8,15930468,vintageexplosion,192.50,USD,Animal Man #5 CGC 9.4 --1988--comic book--DC --4376334004,no publication year in the title,https://www.hipcomic.com/listing/animal-man-5-cgc-94-1988-comic-book-dc-4376334004/15930468
hipcomic (76).csv,10,13639744,dtacollectibles,140.00,USD,NEW TEEN TITANS #34 CGC 9.8 comic book DEATHSTROKE issue-4318361009,no publication year in the title,https://www.hipcomic.com/listing/new-teen-titans-34-cgc-98-comic-book-deathstroke-issue-4318361009/13639744
hipcomic (76).csv,12,12935779,comicage,500.00,CAD,Avangers Forever (2023) #15 (CGC 9.8 SS) Signed Alex Ross Sketch Cover 1:100,publisher not stated and not determinable from the series,https://www.hipcomic.com/listing/avangers-forever-2023-15-cgc-98-ss-signed-alex-ross-sketch-cover-1100/12935779
hipcomic (76).csv,14,19097900,papercinema,343.75,USD,UNCANNY AVENGERS #2 CGC 9.4  2013 Variant cover-comic book 0287559018,publisher not stated and not determinable from the series,https://www.hipcomic.com/listing/uncanny-avengers-2-cgc-94-2013-variant-cover-comic-book-0287559018/19097900
hipcomic (76).csv,15,14140243,comicage,500.00,CAD,Shazam !(2023) #1 (CGC 9.8 SS) Signed Dan Mora • Shaner Variant Cover • Census=4,publisher not stated and not determinable from the series,https://www.hipcomic.com/listing/shazam-2023-1-cgc-98-ss-signed-dan-mora-o-shaner-variant-cover-o-census4/14140243
hipcomic (76).csv,16,21815880,AtlantaClassicComics,168.75,USD,Fantastic Four # 41 CGC Graded 6.5 Marvel Comic Book Stan Lee Jack Kirby JH43,no publication year in the title,https://www.hipcomic.com/listing/fantastic-four-41-cgc-graded-65-marvel-comic-book-stan-lee-jack-kirby-jh43/21815880
hipcomic (76).csv,18,15705166,vintageexplosion,247.50,USD,Saga of the Swamp Thing #1 CGC 9.8--NEWSSTAND--1982--comic--4254919018,no publication year in the title,https://www.hipcomic.com/listing/saga-of-the-swamp-thing-1-cgc-98-newsstand-1982-comic-4254919018/15705166
hipcomic (76).csv,21,14012823,dtacollectibles,91.00,USD,X-MEN #147-CGC 9.6-1981-comic book-MARVEL-4330293001,no publication year in the title,https://www.hipcomic.com/listing/x-men-147-cgc-96-1981-comic-book-marvel-4330293001/14012823
hipcomic (76).csv,27,20986329,edgardoe1971,110.00,USD,"2015 Batman #40, CGC Graded 9.8",publisher not stated and not determinable from the series,https://www.hipcomic.com/listing/2015-batman-40-cgc-graded-98/20986329
hipcomic (76).csv,28,17601224,comicage,450.00,CAD,Mighty Morphin Power Rangers/TMNT II (2022) #1 ( CGC 9.8 SS)Signed Simone De Meo,publisher not stated and not determinable from the series,https://www.hipcomic.com/listing/mighty-morphin-power-rangers-tmnt-ii-2022-1-cgc-98-sssigned-simone-de-meo/17601224
hipcomic (76).csv,31,19653058,papercinema,437.50,USD,"Sports Illustrated Dec 16, 1963 CGC 7.5 -AFL VS. NFL 4632777012",publisher not stated and not determinable from the series,https://www.hipcomic.com/listing/sports-illustrated-dec-16-1963-cgc-75-afl-vs-nfl-4632777012/19653058
hipcomic (76).csv,36,18826622,AtlantaClassicComics,249.99,USD,Ms. Marvel # 18 CGC Graded 7.5 Marvel Comic Book 1st Mystique Appearance JH14,no publication year in the title,https://www.hipcomic.com/listing/ms-marvel-18-cgc-graded-75-marvel-comic-book-1st-mystique-appearance-jh14/18826622
hipcomic (76).csv,37,15669578,dtacollectibles,210.00,USD,Star Wars: Tag & Blink II #1 CGC 9.8  Dark Horse comic book 3879912018,no publication year in the title,https://www.hipcomic.com/listing/star-wars-tag-blink-ii-1-cgc-98-dark-horse-comic-book-3879912018/15669578
hipcomic (76).csv,39,12778250,comicage,400.00,CAD,X-Cellent (2022) # 1 (CGC 9.8 SS) Signed Sketch David Mack | Census=1,publisher not stated and not determinable from the series,https://www.hipcomic.com/listing/x-cellent-2022-1-cgc-98-ss-signed-sketch-david-mack-census1/12778250
hipcomic (76).csv,40,6289248,dtacollectibles,126.00,USD,Alexandria Ocasio-Cortez & Freshman Force #1 CGC 9.8 WASHINGTON WARRIOR 20452...,publisher not stated and not determinable from the series; no publication year in the title,https://www.hipcomic.com/listing/alexandria-ocasio-cortez-freshman-force-1-cgc-98-washington-warrior-20452/6289248
hipcomic (76).csv,43,14444095,comicage,350.00,CAD,Daredevil & Echo (2023)#1 (CGC 9.8) Signed Jim Cheung * Variant Cover * Census=4,signed or conserved book without a stated label type; publisher not stated and not determinable from the series,https://www.hipcomic.com/listing/daredevil-echo-20231-cgc-98-signed-jim-cheung-variant-cover-census4/14444095
hipcomic (76).csv,44,10239374,comicage,350.00,CAD,TMNT Teenage Mutant Ninja Turtles Adventure (1989) # 2 (CGC 9.6 WP) CPV Canadian,publisher not stated and not determinable from the series,https://www.hipcomic.com/listing/tmnt-teenage-mutant-ninja-turtles-adventure-1989-2-cgc-96-wp-cpv-canadian/10239374
hipcomic (76).csv,45,19653270,papercinema,715.00,USD,WEIRD MYSTERIES #2 CGC 1.8 1952-Basil Wolverton-PRE-CODE HORROR-sick cover 46163,publisher not stated and not determinable from the series,https://www.hipcomic.com/listing/weird-mysteries-2-cgc-18-1952-basil-wolverton-pre-code-horror-sick-cover-46163/19653270
hipcomic (76).csv,46,19423650,shauk786,299.99,USD,Millar & McNiven's Nemesis # 1 DF EXCLUSIVE  CGC 9.6 GORGEOUS SLAB WHITE PAGES.,publisher not stated and not determinable from the series; no publication year in the title,https://www.hipcomic.com/listing/millar-mcnivens-nemesis-1-df-exclusive-cgc-96-gorgeous-slab-white-pages/19423650
hipcomic (76).csv,47,21837504,CollectorZone,50.00,USD,Daredevil #4 - 2022 - CGC 9.8,lot or multi-issue set,https://www.hipcomic.com/listing/daredevil-4-2022-cgc-98/21837504
hipcomic (77).csv,8,19653104,papercinema,375.00,USD,"Sports Illustrated Feb 1, 1965 CGC 8.5 -George Chuvalo cover 4632777008",publisher not stated and not determinable from the series,https://www.hipcomic.com/listing/sports-illustrated-feb-1-1965-cgc-85-george-chuvalo-cover-4632777008/19653104
hipcomic (77).csv,12,20247781,comicage,500.00,CAD,Space Usagi Yojimbo (1992) # 1 (CGC 9.8 SS WP) Signed Stan Sakai • Census=2,publisher not stated and not determinable from the series,https://www.hipcomic.com/listing/space-usagi-yojimbo-1992-1-cgc-98-ss-wp-signed-stan-sakai-o-census2/20247781
hipcomic (77).csv,15,18689073,anthonyscomicbookart,299.88,USD,"Frontline Combat #1 CGC (1.8) Harvey Kurtzman, Jack Davis, Wally Wood - 1951",publisher not stated and not determinable from the series,https://www.hipcomic.com/listing/frontline-combat-1-cgc-18-harvey-kurtzman-jack-davis-wally-wood-1951/18689073
hipcomic (77).csv,16,10238918,comicage,300.00,CAD,The Joker Presents: A Puzzlebox (2021) #1 (CGC 9.8) Variant Cover Census 1!!,publisher not stated and not determinable from the series,https://www.hipcomic.com/listing/the-joker-presents-a-puzzlebox-2021-1-cgc-98-variant-cover-census-1/10238918
hipcomic (77).csv,17,21045291,rdbeard,140.00,USD,"BALONEY MOCASSINS #1 - CGC-7.5, WP - Comix - 1st printing",publisher not stated and not determinable from the series; no publication year in the title,https://www.hipcomic.com/listing/baloney-mocassins-1-cgc-75-wp-comix-1st-printing/21045291
hipcomic (77).csv,21,15768601,anthonyscomicbookart,169.64,USD,Wild Western #38 - Joe Maneely Cover - CGC Grade 6.0 - 1954,publisher not stated and not determinable from the series,https://www.hipcomic.com/listing/wild-western-38-joe-maneely-cover-cgc-grade-60-1954/15768601
hipcomic (77).csv,24,15360382,anthonyscomicbookart,229.64,USD,Superman's Girlfriend Lois Lane #133 - The Lady is a Bomb - CGC Grade 9.6 - 1973,publisher not stated and not determinable from the series,https://www.hipcomic.com/listing/supermans-girlfriend-lois-lane-133-the-lady-is-a-bomb-cgc-grade-96-1973/15360382
hipcomic (77).csv,26,10239490,comicage,375.00,CAD,Venom Carnage (2004) # 3 (CGC SS 9.8 WP) Signed By Clayton Crain | 10= Census,publisher not stated and not determinable from the series,https://www.hipcomic.com/listing/venom-carnage-2004-3-cgc-ss-98-wp-signed-by-clayton-crain-10-census/10239490
hipcomic (77).csv,27,19097721,papercinema,292.50,USD,Mysteries #1  1953 - Superior -CGC 3.5 - Comic Book-4274264001,publisher not stated and not determinable from the series,https://www.hipcomic.com/listing/mysteries-1-1953-superior-cgc-35-comic-book-4274264001/19097721
hipcomic (77).csv,28,3392263,dtacollectibles,196.00,USD,ANNIE OAKLEY AND TAGG #17 CGC GRADED 9.0- GAIL DAVIS 9.0 0801822004,publisher not stated and not determinable from the series; no publication year in the title,https://www.hipcomic.com/listing/annie-oakley-and-tagg-17-cgc-graded-90-gail-davis-90-0801822004/3392263
hipcomic (77).csv,33,15219494,comicage,300.00,CAD,Book of Slaughter (2022) # 1 (CGC 9.6 SS) Signed Dell'edera * James Tynion IV,publisher not stated and not determinable from the series,https://www.hipcomic.com/listing/book-of-slaughter-2022-1-cgc-96-ss-signed-delledera-james-tynion-iv/15219494
hipcomic (77).csv,35,21837488,CollectorZone,85.00,USD,Amazing Spider-man #39 - 2024 - CGC 9.8,lot or multi-issue set,https://www.hipcomic.com/listing/amazing-spider-man-39-2024-cgc-98/21837488
hipcomic (77).csv,36,16462786,comicage,250.00,CAD,Amazing X-Men (2014) # 1 (CGC SS 9.4) Signed Sketch Scott Lobdell,publisher not stated and not determinable from the series,https://www.hipcomic.com/listing/amazing-x-men-2014-1-cgc-ss-94-signed-sketch-scott-lobdell/16462786
hipcomic (77).csv,38,3940174,dtacollectibles,175.00,USD,SAGA OF THE SWAMP THING #20-CGC 9.4 -newsstand ed 1st ALAN MOORE - 0264695002,no publication year in the title,https://www.hipcomic.com/listing/saga-of-the-swamp-thing-20-cgc-94-newsstand-ed-1st-alan-moore-0264695002/3940174
hipcomic (77).csv,40,19095998,papercinema,552.50,USD,Movie Humor #6 8/1934-CGC 7.5-Fay Wray-Myrna Loy-spicy-3764027001,publisher not stated and not determinable from the series; no publication year in the title,https://www.hipcomic.com/listing/movie-humor-6-8-1934-cgc-75-fay-wray-myrna-loy-spicy-3764027001/19095998
hipcomic (77).csv,46,10239509,comicage,350.00,CAD,The Untamed Still A Fool (2020) # 1 (CGC 9.8)  Signed Cozine Jones May,signed or conserved book without a stated label type; publisher not stated and not determinable from the series,https://www.hipcomic.com/listing/the-untamed-still-a-fool-2020-1-cgc-98-signed-cozine-jones-may/10239509
hipcomic (77).csv,49,19422352,shauk786,250.00,USD,WEB OF VENOM WRAITH #1  TYLER KIRKHAM VIRGIN VARIANT DOUBLE SIGNED CGC 9.8 SS.,publisher not stated and not determinable from the series; no publication year in the title,https://www.hipcomic.com/listing/web-of-venom-wraith-1-tyler-kirkham-virgin-variant-double-signed-cgc-98-ss/19422352
hipcomic (78).csv,3,19095505,papercinema,845.00,USD,Cocomalt Big Book of Comics #1  1938 - Harry A Chesler -CGC 2.0 - Comic Book-...,publisher not stated and not determinable from the series,https://www.hipcomic.com/listing/cocomalt-big-book-of-comics-1-1938-harry-a-chesler-cgc-20-comic-book-/19095505
hipcomic (78).csv,5,19422248,shauk786,449.99,USD,MOON KNIGHT #3 1:25 Rod Ries Variant 1st FULL APP OF HUNTERS CGC 9.8,no publication year in the title,https://www.hipcomic.com/listing/moon-knight-3-125-rod-ries-variant-1st-full-app-of-hunters-cgc-98/19422248
hipcomic (78).csv,6,13919346,comicage,300.00,CAD,Spider-Gwen: Gwenverse (2022) #1 (CGC 9.8 SS) Signed By Momoko•Variant Edition,publisher not stated and not determinable from the series,https://www.hipcomic.com/listing/spider-gwen-gwenverse-2022-1-cgc-98-ss-signed-by-momokoovariant-edition/13919346
hipcomic (78).csv,13,17046458,comicage,450.00,CAD,Batman Maxx Arkham Dreams (2018) # 1 (CGC 9.8 SS WP) Signed & Sketch by Tony Moy,publisher not stated and not determinable from the series,https://www.hipcomic.com/listing/batman-maxx-arkham-dreams-2018-1-cgc-98-ss-wp-signed-sketch-by-tony-moy/17046458
hipcomic (78).csv,14,19423030,shauk786,349.99,USD,Millar & McNiven's Nemesis #4 DF EXCLUSIVE  CGC 9.8 GORGEOUS SLAB WHITE PAGES.,publisher not stated and not determinable from the series; no publication year in the title,https://www.hipcomic.com/listing/millar-mcnivens-nemesis-4-df-exclusive-cgc-98-gorgeous-slab-white-pages/19423030
hipcomic (78).csv,16,16462753,comicage,250.00,CAD,Casper's Ghostland (2018) # 1 (CGC 9.4 SS) Signed Sketch Scott Lobdell,publisher not stated and not determinable from the series,https://www.hipcomic.com/listing/caspers-ghostland-2018-1-cgc-94-ss-signed-sketch-scott-lobdell/16462753
hipcomic (78).csv,18,10238294,comicage,250.00,CAD,Friday The 13th (2007) #3 (CGC 9.8 WP) Ryan Sook Cover,publisher not stated and not determinable from the series,https://www.hipcomic.com/listing/friday-the-13th-2007-3-cgc-98-wp-ryan-sook-cover/10238294
hipcomic (78).csv,20,19973768,comicage,300.00,CAD,Amazing Spider-Man (1992) # 365 (CGC 9.4) Signed & Sketch Mark Bagley  * 1st App,signed or conserved book without a stated label type,https://www.hipcomic.com/listing/amazing-spider-man-1992-365-cgc-94-signed-sketch-mark-bagley-1st-app/19973768
hipcomic (78).csv,21,19423791,shauk786,299.00,USD,Ice Cream Man #25 John Gallagher Virgin Signed Variant CGC 9.8 SIGNATURE SERIES.,no publication year in the title,https://www.hipcomic.com/listing/ice-cream-man-25-john-gallagher-virgin-signed-variant-cgc-98-signature-series/19423791
hipcomic (78).csv,24,15669726,dtacollectibles,105.00,USD,Action #593 CGC 9.6-1987-DC-Comic book-4330291005,no publication year in the title,https://www.hipcomic.com/listing/action-593-cgc-96-1987-dc-comic-book-4330291005/15669726
hipcomic (78).csv,28,17747992,comicage,300.00,CAD,Old Dog (2022) # 1 (CGC 9.8 SS) Signed Declan Shalvey * Variant Cover D *,publisher not stated and not determinable from the series,https://www.hipcomic.com/listing/old-dog-2022-1-cgc-98-ss-signed-declan-shalvey-variant-cover-d/17747992
hipcomic (78).csv,29,21273546,AtlantaClassicComics,349.99,USD,Transformers Generation 2 # 12 CGC Graded 9.4 Marvel Comic Book 1st Print JH37,no publication year in the title,https://www.hipcomic.com/listing/transformers-generation-2-12-cgc-graded-94-marvel-comic-book-1st-print-jh37/21273546
hipcomic (78).csv,30,12786687,comicage,80.00,CAD,Edge of Spider-Verse Facsimilie (2022) # 2 (CGC 9.4) 1st App Spider-Gwen!,publisher not stated and not determinable from the series,https://www.hipcomic.com/listing/edge-of-spider-verse-facsimilie-2022-2-cgc-94-1st-app-spider-gwen/12786687
hipcomic (78).csv,32,10238645,comicage,250.00,CAD,Batman Urban Legends (2021) # 6 ( CGC 9.8 WP)  Robin Revealed | Scott Cover,publisher not stated and not determinable from the series,https://www.hipcomic.com/listing/batman-urban-legends-2021-6-cgc-98-wp-robin-revealed-scott-cover/10238645
hipcomic (78).csv,33,17798066,comicage,400.00,CAD,Vampirella : Dead Flowers (2023) #1 (CGC 9.8 SS) Signed Buzz Variant Cover • C=1,publisher not stated and not determinable from the series,https://www.hipcomic.com/listing/vampirella-dead-flowers-2023-1-cgc-98-ss-signed-buzz-variant-cover-o-c1/17798066
hipcomic (78).csv,35,13603837,comicage,225.00,CAD,Vampire Macabre (2022) # 1 (CGC 9.8) Signed Frank Forte & Tim Vigil • Asylum,signed or conserved book without a stated label type; publisher not stated and not determinable from the series,https://www.hipcomic.com/listing/vampire-macabre-2022-1-cgc-98-signed-frank-forte-tim-vigil-o-asylum/13603837
hipcomic (78).csv,37,21417670,AtlantaClassicComics,299.99,USD,Giant Size Age Of Apocalypse # 1 CGC Graded 9.8 Marvel Comic Book Variant JH39,no publication year in the title,https://www.hipcomic.com/listing/giant-size-age-of-apocalypse-1-cgc-graded-98-marvel-comic-book-variant-jh39/21417670
hipcomic (78).csv,40,19098747,papercinema,520.00,USD,Crusader Rabbit-Four Color Comics #735-CGC 8.5 1956-comic book-Dell 4514816001,publisher not stated and not determinable from the series,https://www.hipcomic.com/listing/crusader-rabbit-four-color-comics-735-cgc-85-1956-comic-book-dell-4514816001/19098747
hipcomic (78).csv,42,21702178,RandyPierce3,250.00,USD,The Crow: Shattered Lives #0 CGC 9.8 Todd McFarlane Cvr 1998 Kitchen Sink,publisher not stated and not determinable from the series,https://www.hipcomic.com/listing/the-crow-shattered-lives-0-cgc-98-todd-mcfarlane-cvr-1998-kitchen-sink/21702178
hipcomic (78).csv,43,18121662,comicage,300.00,CAD,Black Panther (1998) V# 2 # 1 (CGC 9.8) Christopher Priest • Mark Texeira Art,publisher not stated and not determinable from the series,https://www.hipcomic.com/listing/black-panther-1998-v-2-1-cgc-98-christopher-priest-o-mark-texeira-art/18121662
hipcomic (78).csv,44,13985936,vintageexplosion,236.50,USD,FIRESTORM #24 CGC 9.8--comic book--1st Blue Devil--DC--4254920024,no publication year in the title,https://www.hipcomic.com/listing/firestorm-24-cgc-98-comic-book-1st-blue-devil-dc-4254920024/13985936
hipcomic (78).csv,45,2665378,dtacollectibles,140.00,USD,JUDGE DREDD'S CRIME FILE #5-CGC SIGNATURE-GRADED 9.2- DAVE GIBBONS 0181255023,signed or conserved book without a stated label type; publisher not stated and not determinable from the series; no publication year in the title,https://www.hipcomic.com/listing/judge-dredds-crime-file-5-cgc-signature-graded-92-dave-gibbons-0181255023/2665378
hipcomic (78).csv,46,20263822,comicage,300.00,CAD,Spider-Man / Deadpool (2016) # 1 (CGC 9.8 WP)  “Fried Pie” Variant Cover!,publisher not stated and not determinable from the series,https://www.hipcomic.com/listing/spider-man-deadpool-2016-1-cgc-98-wp-fried-pie-variant-cover/20263822
hipcomic (78).csv,47,14853794,dtacollectibles,203.00,USD,Rock N Roll Comics #35 CGC 9.8 1991- R.E.M.-COMIC BOOK 4393769017,publisher not stated and not determinable from the series,https://www.hipcomic.com/listing/rock-n-roll-comics-35-cgc-98-1991-rem-comic-book-4393769017/14853794
hipcomic (78).csv,49,14853787,dtacollectibles,112.00,USD,Joker/Mask #3 CGC 9.8-2000-comic book 4393771018,publisher not stated and not determinable from the series; no publication year in the title,https://www.hipcomic.com/listing/joker-mask-3-cgc-98-2000-comic-book-4393771018/14853787
hipcomic (79).csv,3,20150730,comicage,350.00,CAD,X-Men (1992) # 4 (CGC 9.0) Signed By Jim Lee * Chris Claremont * Scott Williams,signed or conserved book without a stated label type,https://www.hipcomic.com/listing/x-men-1992-4-cgc-90-signed-by-jim-lee-chris-claremont-scott-williams/20150730
hipcomic (79).csv,4,21837397,CollectorZone,100.00,USD,Laura Kinney Wolverine #4 Zitro Variant - 2025 - CGC 9.8,publisher not stated and not determinable from the series,https://www.hipcomic.com/listing/laura-kinney-wolverine-4-zitro-variant-2025-cgc-98/21837397
hipcomic (79).csv,5,11009133,comicage,300.00,CAD,Regarding The Matter Of Oswald’s Body  (2021) # 1 (CGC SS 9.8) Signed Desjardins,publisher not stated and not determinable from the series,https://www.hipcomic.com/listing/regarding-the-matter-of-oswalds-body-2021-1-cgc-ss-98-signed-desjardins/11009133
hipcomic (79).csv,6,21767413,RandyPierce3,110.00,USD,Spawn #279 CGC 9.8 NM/M Image Comics,no publication year in the title,https://www.hipcomic.com/listing/spawn-279-cgc-98-nm-m-image-comics/21767413
hipcomic (79).csv,10,20250176,AtlantaClassicComics,349.99,USD,Amazing Spider-Man # 408 CGC Graded 9.2 Marvel Comic Book Variant Newsstand JH24,no publication year in the title,https://www.hipcomic.com/listing/amazing-spider-man-408-cgc-graded-92-marvel-comic-book-variant-newsstand-jh24/20250176
hipcomic (79).csv,12,17248141,comicage,350.00,CAD,Joker Man Who Stopped Laughing (2023) # 7 (CGC 9.8 SS)  Signed christian Ward,publisher not stated and not determinable from the series,https://www.hipcomic.com/listing/joker-man-who-stopped-laughing-2023-7-cgc-98-ss-signed-christian-ward/17248141
hipcomic (79).csv,13,20931841,AtlantaClassicComics,399.99,USD,Tales To Astonish # 79 CGC Graded 7.5 Marvel Comic Book Hulk Hercules CC JH33,no publication year in the title,https://www.hipcomic.com/listing/tales-to-astonish-79-cgc-graded-75-marvel-comic-book-hulk-hercules-cc-jh33/20931841
hipcomic (79).csv,14,15841589,dtacollectibles,77.00,USD,MAD MAGAZINE #109-CGC 4.0-Alfred E. Neuman-4174366020,publisher not stated and not determinable from the series; no publication year in the title,https://www.hipcomic.com/listing/mad-magazine-109-cgc-40-alfred-e-neuman-4174366020/15841589
hipcomic (79).csv,15,21329432,AtlantaClassicComics,199.99,USD,Catwoman # 77 CGC Graded 9.8 DC Comic Book 1st Print Adam Hughes JH38,no publication year in the title,https://www.hipcomic.com/listing/catwoman-77-cgc-graded-98-dc-comic-book-1st-print-adam-hughes-jh38/21329432
hipcomic (79).csv,19,16524431,comicage,300.00,CAD,Armageddon (1999) # 1 (CGC 9.6 SS) Signed Brian Pulido * Census = 1*Chaos Comics,publisher not stated and not determinable from the series,https://www.hipcomic.com/listing/armageddon-1999-1-cgc-96-ss-signed-brian-pulido-census-1chaos-comics/16524431
hipcomic (79).csv,23,20026372,anthonyscomicbookart,449.88,USD,Joker: Year of the Villain #1 CGC (9.8) Signed & Sketched by Jeehyung Lee - 2019,signed or conserved book without a stated label type; publisher not stated and not determinable from the series,https://www.hipcomic.com/listing/joker-year-of-the-villain-1-cgc-98-signed-sketched-by-jeehyung-lee-2019/20026372
hipcomic (79).csv,25,10238100,comicage,150.00,CAD,Sin City: The Big Fat Kill (1995) #5 (CGC 9.6),publisher not stated and not determinable from the series,https://www.hipcomic.com/listing/sin-city-the-big-fat-kill-1995-5-cgc-96/10238100
hipcomic (79).csv,31,15669480,dtacollectibles,175.00,USD,AMAZING SPIDER-MAN #264 CGC 9.8-1985-1st RED NINE-MARVEL-3804842022,no publication year in the title,https://www.hipcomic.com/listing/amazing-spider-man-264-cgc-98-1985-1st-red-nine-marvel-3804842022/15669480
hipcomic (79).csv,33,17339744,comicage,450.00,CAD,Ben Reilly : Spider-Man (2022) # 1 (CGC SS 9.8) Signed Alex Maleev * Census = 2,publisher not stated and not determinable from the series,https://www.hipcomic.com/listing/ben-reilly-spider-man-2022-1-cgc-ss-98-signed-alex-maleev-census-2/17339744
hipcomic (79).csv,35,21329250,AtlantaClassicComics,299.99,USD,Superman Adventures # 51 CGC Graded 9.8 DC Comic Book Smallville Lex Luthor JH38,no publication year in the title,https://www.hipcomic.com/listing/superman-adventures-51-cgc-graded-98-dc-comic-book-smallville-lex-luthor-jh38/21329250
hipcomic (79).csv,36,21661011,papercinema,227.50,USD,Zap Comix #2 2nd print CGC 8.0 0005644002-Robert Crumb-Harlan Ellison,publisher not stated and not determinable from the series; no publication year in the title,https://www.hipcomic.com/listing/zap-comix-2-2nd-print-cgc-80-0005644002-robert-crumb-harlan-ellison/21661011
hipcomic (79).csv,37,19220715,anthonyscomicbookart,149.97,USD,"Theory of Magic #1 - Basaldua ""Naughty"" Edition Signed - CGC 9.8 - 2012",adult-variant wording (needs a manual look before Merchant Center); signed or conserved book without a stated label type; publisher not stated and not determinable from the series,https://www.hipcomic.com/listing/theory-of-magic-1-basaldua-naughty-edition-signed-cgc-98-2012/19220715
hipcomic (79).csv,39,10238915,comicage,300.00,CAD,Demon Days: Cursed Web (2021) #1 (CGC 9.8) Bengal Variant Cover Census 5!,publisher not stated and not determinable from the series,https://www.hipcomic.com/listing/demon-days-cursed-web-2021-1-cgc-98-bengal-variant-cover-census-5/10238915
hipcomic (79).csv,49,14201703,comicage,350.00,CAD,Uncanny X-Men (1988) # 232 (CGC 9.8) Signed Chris Claremont * Dan Green Cover,signed or conserved book without a stated label type,https://www.hipcomic.com/listing/uncanny-x-men-1988-232-cgc-98-signed-chris-claremont-dan-green-cover/14201703
hipcomic (80).csv,8,10239307,comicage,300.00,CAD,Amazing Spider-Man # 239 (CGC 8.5 WP) CPV 1st Spider-man vs Hobgoblin battle,no publication year in the title,https://www.hipcomic.com/listing/amazing-spider-man-239-cgc-85-wp-cpv-1st-spider-man-vs-hobgoblin-battle/10239307
hipcomic (80).csv,10,20668199,anthonyscomicbookart,249.95,USD,"X-Men #1 - Mexican/ Signed Claremont, Lee, Williams/ Cover 4 (CGC Qual 9.2) 2019",signed or conserved book without a stated label type,https://www.hipcomic.com/listing/x-men-1-mexican-signed-claremont-lee-williams-cover-4-cgc-qual-92-2019/20668199
hipcomic (80).csv,18,20063708,comicage,300.00,CAD,Supergirl:Rebirth(201)) #1 (CGC 9.8 SS) Signed Adam Hughes * Steve  Orlando * DC,no publication year in the title,https://www.hipcomic.com/listing/supergirlrebirth201-1-cgc-98-ss-signed-adam-hughes-steve-orlando-dc/20063708
hipcomic (80).csv,21,17537844,comicage,350.00,CAD,X-Men (2024) # 1 (CGC 9.8) Signed By John Tyler Christopher * Marvel Comics *War,signed or conserved book without a stated label type,https://www.hipcomic.com/listing/x-men-2024-1-cgc-98-signed-by-john-tyler-christopher-marvel-comics-war/17537844
hipcomic (80).csv,23,16524437,comicage,300.00,CAD,Aftermath (2000) # nn (CGC 9.6 SS) Signed Brian Pulido * Census = 1 * Certified,publisher not stated and not determinable from the series,https://www.hipcomic.com/listing/aftermath-2000-nn-cgc-96-ss-signed-brian-pulido-census-1-certified/16524437
hipcomic (80).csv,26,19423944,shauk786,199.99,USD,DEPARTMENT OF TRUTH #13 JAMES BOND 007 MOVIE HOMAGE COVER CGC 9.8 GORGEOUS SLAB,no publication year in the title,https://www.hipcomic.com/listing/department-of-truth-13-james-bond-007-movie-homage-cover-cgc-98-gorgeous-slab/19423944
hipcomic (80).csv,27,19403731,anthonyscomicbookart,199.95,USD,Clandestino #1 - Signed & Sketched Amancay Nahuelpan (CGC Sig 9.8) 2015,publisher not stated and not determinable from the series,https://www.hipcomic.com/listing/clandestino-1-signed-sketched-amancay-nahuelpan-cgc-sig-98-2015/19403731
hipcomic (80).csv,28,15452219,dtacollectibles,105.00,USD,What If #8 CGC 9.6 comic book -Marvel-Daredevil 439773001,no publication year in the title,https://www.hipcomic.com/listing/what-if-8-cgc-96-comic-book-marvel-daredevil-439773001/15452219
hipcomic (80).csv,31,12813764,comicage,300.00,CAD,Batman Black & White (2021) # 1 (CGC SS 9.8) Signed Tyler Kirkham | Comics Elite,publisher not stated and not determinable from the series,https://www.hipcomic.com/listing/batman-black-white-2021-1-cgc-ss-98-signed-tyler-kirkham-comics-elite/12813764
hipcomic (80).csv,32,19146230,anthonyscomicbookart,299.95,USD,Lady Death: Gallery #1 - Signed Mike Debalfo/Black Metal Virgin - CGC 9.8 - 2020,signed or conserved book without a stated label type; publisher not stated and not determinable from the series,https://www.hipcomic.com/listing/lady-death-gallery-1-signed-mike-debalfo-black-metal-virgin-cgc-98-2020/19146230
hipcomic (80).csv,36,10239003,comicage,236.25,CAD,Thief of Thieves (2012) # 1 CGC 9.6 |Signed Kirkman Martinbrough Serrano Spencer,signed or conserved book without a stated label type,https://www.hipcomic.com/listing/thief-of-thieves-2012-1-cgc-96-signed-kirkman-martinbrough-serrano-spencer/10239003
hipcomic (80).csv,37,19422107,shauk786,279.99,USD,SPIDER-GWEN: GHOST SPIDER #1 JENNY FRISON VIRGIN VARIANT CGC 9.8 MARVEL NM.,no publication year in the title,https://www.hipcomic.com/listing/spider-gwen-ghost-spider-1-jenny-frison-virgin-variant-cgc-98-marvel-nm/19422107
hipcomic (80).csv,41,19296061,AtlantaClassicComics,199.99,USD,Spawn # 30 CGC Graded 9.6 Image Comic Book Todd McFarlane JH17,no publication year in the title,https://www.hipcomic.com/listing/spawn-30-cgc-graded-96-image-comic-book-todd-mcfarlane-jh17/19296061
hipcomic (80).csv,46,15499136,comicage,125.00,CAD,Avengers/JLA (2003) # 1 (CGC 9.6 WP) George Perez,publisher not stated and not determinable from the series,https://www.hipcomic.com/listing/avengers-jla-2003-1-cgc-96-wp-george-perez/15499136
hipcomic (80).csv,49,13986512,vintageexplosion,187.00,USD,Hercules Vol. #1 CGC 9.8--Newsstand--comic book--1985--4023080019,publisher not stated and not determinable from the series; no publication year in the title,https://www.hipcomic.com/listing/hercules-vol-1-cgc-98-newsstand-comic-book-1985-4023080019/13986512
hipcomic (81).csv,2,17943741,comicage,500.00,CAD,Superman Gen 13 (2000) # 1 2 3 1-3 (CGC 9.2-9.6 SS) Signed Adam Hughes,lot or multi-issue set; more than one grade in the title; publisher not stated and not determinable from the series,https://www.hipcomic.com/listing/superman-gen-13-2000-1-2-3-1-3-cgc-92-96-ss-signed-adam-hughes/17943741
hipcomic (81).csv,3,20910600,AtlantaClassicComics,259.99,USD,Uncanny X-Men # 222 CGC Graded 9.8 Marvel Comic Book Wolverine Sabretooth JH30,no publication year in the title,https://www.hipcomic.com/listing/uncanny-x-men-222-cgc-graded-98-marvel-comic-book-wolverine-sabretooth-jh30/20910600
hipcomic (81).csv,5,17355226,comicage,450.00,CAD,Edge Of Spider-Verse # 1 (CGC 9.8 SS) Signed Mahmud Asrar  * Census = 2 * Marvel,no publication year in the title,https://www.hipcomic.com/listing/edge-of-spider-verse-1-cgc-98-ss-signed-mahmud-asrar-census-2-marvel/17355226
hipcomic (81).csv,7,21411160,AtlantaClassicComics,299.99,USD,Star Wars Legacy Of Vader # 1 CGC Graded 9.8 Marvel Comics Virgin Variant JH39,no publication year in the title,https://www.hipcomic.com/listing/star-wars-legacy-of-vader-1-cgc-graded-98-marvel-comics-virgin-variant-jh39/21411160
hipcomic (81).csv,9,20025864,Subz100,450.00,USD,"Lady Death Gallery  1 Moon Glow Metallic Edition Variant, Ltd 25, CGC 9.9 NT 9.8",publisher not stated and not determinable from the series; no publication year in the title,https://www.hipcomic.com/listing/lady-death-gallery-1-moon-glow-metallic-edition-variant-ltd-25-cgc-99-nt-98/20025864
hipcomic (81).csv,15,17691367,comicage,450.00,CAD,GCPD : The Blue Wall (2022) # 1 (CGC 9.8 SS) Signed Jorge Fornes * Census =1,publisher not stated and not determinable from the series,https://www.hipcomic.com/listing/gcpd-the-blue-wall-2022-1-cgc-98-ss-signed-jorge-fornes-census-1/17691367
hipcomic (81).csv,16,15669307,dtacollectibles,210.00,USD,Journey Into Fear #6 CGC 1.0 Pre-code horror-Vampires-Hanging 1952 4332358001,publisher not stated and not determinable from the series,https://www.hipcomic.com/listing/journey-into-fear-6-cgc-10-pre-code-horror-vampires-hanging-1952-4332358001/15669307
hipcomic (81).csv,17,17281597,comicage,300.00,CAD,A-Team (1984) # 1 (CGC 9.2) Signed Jim Salicrup * Candian price Variant * Marvel,signed or conserved book without a stated label type,https://www.hipcomic.com/listing/a-team-1984-1-cgc-92-signed-jim-salicrup-candian-price-variant-marvel/17281597
hipcomic (81).csv,19,19089220,papercinema,143.00,USD,DAREDEVIL #183 CGC 9.6 // PUNISHER // FRANK MILLER // 4291314008,publisher not stated and not determinable from the series; no publication year in the title,https://www.hipcomic.com/listing/daredevil-183-cgc-96-punisher-frank-miller-4291314008/19089220
hipcomic (81).csv,21,10601021,comicage,300.00,CAD,Superior Foes Of Spider-Man (2013) # 4 (CGC 9.8 WP) Gurihiru Variant Cover,publisher not stated and not determinable from the series,https://www.hipcomic.com/listing/superior-foes-of-spider-man-2013-4-cgc-98-wp-gurihiru-variant-cover/10601021
hipcomic (81).csv,23,20063690,Subz100,230.00,USD,"Lady Death Cataclysmic Majesty 1, Naughty Hallowicked Metallic Variant CGC 9.8",adult-variant wording (needs a manual look before Merchant Center); publisher not stated and not determinable from the series; no publication year in the title,https://www.hipcomic.com/listing/lady-death-cataclysmic-majesty-1-naughty-hallowicked-metallic-variant-cgc-98/20063690
hipcomic (81).csv,25,10239783,comicage,450.00,CAD,Sunfire & Big Hero 6 (1998) # 1 (CGC 9.8 Wp) 1st App Baymax & Honey Lemon,publisher not stated and not determinable from the series,https://www.hipcomic.com/listing/sunfire-big-hero-6-1998-1-cgc-98-wp-1st-app-baymax-honey-lemon/10239783
hipcomic (81).csv,26,10237350,comicage,150.00,CAD,Millar & McNiven’s Nemesis (2010) # 1 (CGC 9.6 WP) 1st App !,publisher not stated and not determinable from the series,https://www.hipcomic.com/listing/millar-mcnivens-nemesis-2010-1-cgc-96-wp-1st-app/10237350
hipcomic (81).csv,27,15669572,dtacollectibles,105.00,USD,ROCKET RACCOON #4-CGC 9.8-Campion Variant cover- 2015338008,no publication year in the title,https://www.hipcomic.com/listing/rocket-raccoon-4-cgc-98-campion-variant-cover-2015338008/15669572
hipcomic (81).csv,28,10237160,comicage,135.00,CAD,Extreme Carnage: Scream #1 (CGC 9.8)  Nakayama Variant Cover,no publication year in the title,https://www.hipcomic.com/listing/extreme-carnage-scream-1-cgc-98-nakayama-variant-cover/10237160
hipcomic (81).csv,29,12677946,comicage,250.00,CAD,Spider-Man Marvel Tales (1984) # 167 (CGC 9.6 WP) Canadian Price variant CPV,publisher not stated and not determinable from the series,https://www.hipcomic.com/listing/spider-man-marvel-tales-1984-167-cgc-96-wp-canadian-price-variant-cpv/12677946
hipcomic (81).csv,33,19096089,papercinema,585.00,USD,THREE STOOGES #33 CGC 9.8-1967-PHOTO COVER-GOLD KEY-comic book-4514814001,no publication year in the title,https://www.hipcomic.com/listing/three-stooges-33-cgc-98-1967-photo-cover-gold-key-comic-book-4514814001/19096089
hipcomic (81).csv,35,19423483,shauk786,325.00,USD,Ice Cream Man #25 John Gallagher Virgin Sketched/Signed Bloody Variant CGC 9.8,signed or conserved book without a stated label type; no publication year in the title,https://www.hipcomic.com/listing/ice-cream-man-25-john-gallagher-virgin-sketched-signed-bloody-variant-cgc-98/19423483
hipcomic (81).csv,38,19942433,AtlantaClassicComics,224.99,USD,New Teen Titans # 44 CGC Graded 8.5 DC Comic Book 1st Nightwing Appearance JH23,no publication year in the title,https://www.hipcomic.com/listing/new-teen-titans-44-cgc-graded-85-dc-comic-book-1st-nightwing-appearance-jh23/19942433
hipcomic (81).csv,39,19098114,papercinema,325.00,USD,Combat Casey #7 // CGC 5.0 // 1953 // Atlas War comic // 2nd issue // 3811331006,publisher not stated and not determinable from the series,https://www.hipcomic.com/listing/combat-casey-7-cgc-50-1953-atlas-war-comic-2nd-issue-3811331006/19098114
hipcomic (81).csv,41,10239491,comicage,350.00,CAD,Niobe: She Is Death (2017) # 1 (CGC 9.8)  Signed Cozine Jones May | Census = 5,signed or conserved book without a stated label type; publisher not stated and not determinable from the series,https://www.hipcomic.com/listing/niobe-she-is-death-2017-1-cgc-98-signed-cozine-jones-may-census-5/10239491
hipcomic (81).csv,43,20025865,Subz100,330.00,USD,"Lady Death Cataclysmic Majesty  1 Shy Metallic  Edition Variant, Ltd 99, CGC 9.8",publisher not stated and not determinable from the series; no publication year in the title,https://www.hipcomic.com/listing/lady-death-cataclysmic-majesty-1-shy-metallic-edition-variant-ltd-99-cgc-98/20025865
hipcomic (81).csv,49,20931784,AtlantaClassicComics,299.99,USD,Werewolf By Night # 13 CGC Graded 9.0 Marvel Comic Book Mike Ploog Topaz JH33,no publication year in the title,https://www.hipcomic.com/listing/werewolf-by-night-13-cgc-graded-90-marvel-comic-book-mike-ploog-topaz-jh33/20931784
hipcomic (82).csv,2,19653081,papercinema,375.00,USD,"Sports Illustrated Oct 26, 1964 CGC 7.5 -Tommy Heinsohn cover 4632777018",publisher not stated and not determinable from the series,https://www.hipcomic.com/listing/sports-illustrated-oct-26-1964-cgc-75-tommy-heinsohn-cover-4632777018/19653081
hipcomic (82).csv,3,19100976,papercinema,187.50,USD,EERIE #9 CGC 1.5 1952 SID CHECK GHOUL STRANGULATION COVER 2126584002,publisher not stated and not determinable from the series,https://www.hipcomic.com/listing/eerie-9-cgc-15-1952-sid-check-ghoul-strangulation-cover-2126584002/19100976
hipcomic (82).csv,4,10238882,comicage,250.00,CAD,Batman ‘89 (2021) # 1  (CGC 9.8) Joe Quinones Variant Cover | Census=32,publisher not stated and not determinable from the series,https://www.hipcomic.com/listing/batman-89-2021-1-cgc-98-joe-quinones-variant-cover-census32/10238882
hipcomic (82).csv,7,10238288,comicage,250.00,CAD,Ghost Rider/Blaze Spirits Of Vengeance (1993) # 6 (CGC 9.8 WP) Adam Kubert Art,publisher not stated and not determinable from the series,https://www.hipcomic.com/listing/ghost-rider-blaze-spirits-of-vengeance-1993-6-cgc-98-wp-adam-kubert-art/10238288
hipcomic (82).csv,8,11009158,comicage,300.00,CAD,Swamp Dogs House Of Crown (2022) # 1 (CGC SS 9.8) Signed & Sketch Desjardins,publisher not stated and not determinable from the series,https://www.hipcomic.com/listing/swamp-dogs-house-of-crown-2022-1-cgc-ss-98-signed-sketch-desjardins/11009158
hipcomic (82).csv,9,14382843,comicage,350.00,CAD,Disney Villains (2023) # 1 (CGC 9.8 SS) Signed Nakayama Variant Cover G* C= 1,publisher not stated and not determinable from the series,https://www.hipcomic.com/listing/disney-villains-2023-1-cgc-98-ss-signed-nakayama-variant-cover-g-c-1/14382843
hipcomic (82).csv,10,10239577,comicage,360.00,CAD,Metal Gear Solid (2004) #  1 (CGC 9.6 WP) | 1st App Metal Gear Solid | 2nd print,publisher not stated and not determinable from the series,https://www.hipcomic.com/listing/metal-gear-solid-2004-1-cgc-96-wp-1st-app-metal-gear-solid-2nd-print/10239577
hipcomic (82).csv,12,19099982,papercinema,225.00,USD,WONDER WOMAN #226-CGC 9.6-1976--comic book 4376334010,no publication year in the title,https://www.hipcomic.com/listing/wonder-woman-226-cgc-96-1976-comic-book-4376334010/19099982
hipcomic (82).csv,14,15670125,dtacollectibles,168.00,USD,Spider-Man Saga #4 CGC 9.8 Venom story-comic book 1991-4023080023,publisher not stated and not determinable from the series,https://www.hipcomic.com/listing/spider-man-saga-4-cgc-98-venom-story-comic-book-1991-4023080023/15670125
hipcomic (82).csv,15,12785908,comicage,308.00,CAD,TMNT Teenage Mutant Ninja (2019) # 98 (CGC SS 9.8) Signed & Sketch David Baron,publisher not stated and not determinable from the series,https://www.hipcomic.com/listing/tmnt-teenage-mutant-ninja-2019-98-cgc-ss-98-signed-sketch-david-baron/12785908
hipcomic (82).csv,17,10238251,comicage,150.00,CAD,Sinister War # 1 (CGC 9.8)  Bagley Variant Cover A,no publication year in the title,https://www.hipcomic.com/listing/sinister-war-1-cgc-98-bagley-variant-cover-a/10238251
hipcomic (82).csv,18,20963818,AtlantaClassicComics,300.00,USD,Masters Of The Universe # 1 CGC Graded 9.6 Marvel Comic Book Newsstand Var. JH34,no publication year in the title,https://www.hipcomic.com/listing/masters-of-the-universe-1-cgc-graded-96-marvel-comic-book-newsstand-var-jh34/20963818
hipcomic (82).csv,21,13842997,dtacollectibles,119.00,USD,The Invaders #12 CGC 9.2 1977- CAPTAIN AMERICA comic book 4330290007,publisher not stated and not determinable from the series,https://www.hipcomic.com/listing/the-invaders-12-cgc-92-1977-captain-america-comic-book-4330290007/13842997
hipcomic (82).csv,22,12720821,comicage,325.00,CAD,Star Wars War of the Bounty Hunters (2021) # 3 (CGC 9.8 SS) Signed Jonboy Meyers,publisher not stated and not determinable from the series,https://www.hipcomic.com/listing/star-wars-war-of-the-bounty-hunters-2021-3-cgc-98-ss-signed-jonboy-meyers/12720821
hipcomic (82).csv,23,14165672,comicage,400.00,CAD,Dark Crisis FCBD Special Edition # 0 (CGC 9.8 SS) Signed Daniel Sampere • C=14,publisher not stated and not determinable from the series; no publication year in the title,https://www.hipcomic.com/listing/dark-crisis-fcbd-special-edition-0-cgc-98-ss-signed-daniel-sampere-o-c14/14165672
hipcomic (82).csv,26,19146221,anthonyscomicbookart,174.95,USD,"White Widow #4 - Variant / Signed Horn, Powell, Tyndall - CGC 9.8 - 2020",signed or conserved book without a stated label type; publisher not stated and not determinable from the series,https://www.hipcomic.com/listing/white-widow-4-variant-signed-horn-powell-tyndall-cgc-98-2020/19146221
hipcomic (82).csv,32,19233189,anthonyscomicbookart,199.97,USD,Notti & Nyce #3 SDCC 2014 - Sketch Edition Variant Signed 2x (2014) CGC 9.9,signed or conserved book without a stated label type; publisher not stated and not determinable from the series,https://www.hipcomic.com/listing/notti-nyce-3-sdcc-2014-sketch-edition-variant-signed-2x-2014-cgc-99/19233189
hipcomic (82).csv,33,12778243,comicage,300.00,CAD,Persuasion (2022) # 4 (CGC 9.8 SS) Ebas Tess Red Foil C• Signed Sketch Kincaid,publisher not stated and not determinable from the series,https://www.hipcomic.com/listing/persuasion-2022-4-cgc-98-ss-ebas-tess-red-foil-co-signed-sketch-kincaid/12778243
hipcomic (82).csv,34,19099984,papercinema,195.00,USD,Thundercats #1  1985 - Star -CGC VF - Comic Book-3961792012,no numeric grade in the title; publisher not stated and not determinable from the series,https://www.hipcomic.com/listing/thundercats-1-1985-star-cgc-vf-comic-book-3961792012/19099984
hipcomic (82).csv,39,12677950,comicage,250.00,CAD,Spider-Man Marvel Tales (1984) # 165 (CGC 9.6 WP) Canadian Price variant CPV,publisher not stated and not determinable from the series,https://www.hipcomic.com/listing/spider-man-marvel-tales-1984-165-cgc-96-wp-canadian-price-variant-cpv/12677950
hipcomic (82).csv,41,17029051,comicage,350.00,CAD,Weapon X-Men (2024) # 1 (CGC SS 9.8) Signed Nick Bradshaw • 1:25 • Census = 1,publisher not stated and not determinable from the series,https://www.hipcomic.com/listing/weapon-x-men-2024-1-cgc-ss-98-signed-nick-bradshaw-o-125-o-census-1/17029051
hipcomic (82).csv,46,19653069,papercinema,312.50,USD,"Sports Illustrated Jan 2, 1956 CGC 8.0 -Johnny Podres cover 4632777002",publisher not stated and not determinable from the series,https://www.hipcomic.com/listing/sports-illustrated-jan-2-1956-cgc-80-johnny-podres-cover-4632777002/19653069
hipcomic (82).csv,47,12839176,comicage,300.00,CAD,Mirka Andolfo’s Sweet Paprika Black W&B (2023) # 1 (CGC 9.8 SS) Signed Andolfo,publisher not stated and not determinable from the series,https://www.hipcomic.com/listing/mirka-andolfos-sweet-paprika-black-wb-2023-1-cgc-98-ss-signed-andolfo/12839176
hipcomic (82).csv,48,10599308,comicage,250.00,CAD,Ben Reilly Spider-man # 1 (CGC 9.8 SS WP) Signed Capullo (1:50),publisher not stated and not determinable from the series; no publication year in the title,https://www.hipcomic.com/listing/ben-reilly-spider-man-1-cgc-98-ss-wp-signed-capullo-150/10599308
hipcomic (83).csv,2,15499183,comicage,250.00,CAD,Harley Quinn 30th Anniversary (2022) # 1 (CGC 9.8 SS) Signed Alex Sinclair,publisher not stated and not determinable from the series,https://www.hipcomic.com/listing/harley-quinn-30th-anniversary-2022-1-cgc-98-ss-signed-alex-sinclair/15499183
hipcomic (83).csv,4,19653065,papercinema,312.50,USD,"Sports Illustrated March 7, 1960 CGC 8.5 -Spring Training 4632777004",publisher not stated and not determinable from the series,https://www.hipcomic.com/listing/sports-illustrated-march-7-1960-cgc-85-spring-training-4632777004/19653065
hipcomic (83).csv,6,20160830,comicage,300.00,CAD,Ghost Rider (1992) # 27 (CGC 9.4) Signed By Jim Lee * Scott Williams ( Marvel ),signed or conserved book without a stated label type,https://www.hipcomic.com/listing/ghost-rider-1992-27-cgc-94-signed-by-jim-lee-scott-williams-marvel/20160830
hipcomic (83).csv,10,20644665,anthonyscomicbookart,134.95,USD,Wonder Woman: 80th Anniversary #1 - Bruce Timm Variant (CGC 9.8) 2021,publisher not stated and not determinable from the series,https://www.hipcomic.com/listing/wonder-woman-80th-anniversary-1-bruce-timm-variant-cgc-98-2021/20644665
hipcomic (83).csv,14,16928910,comicage,350.00,CAD,Demon Days : Blod Feud (2022) # 1 (CGC 9.8) Signed Mike Del Mundo * Census = 2,signed or conserved book without a stated label type; publisher not stated and not determinable from the series,https://www.hipcomic.com/listing/demon-days-blod-feud-2022-1-cgc-98-signed-mike-del-mundo-census-2/16928910
hipcomic (83).csv,15,19097752,papercinema,273.00,USD,Venom: Lethal Protector #1 // CGC 9.8 // MARVEL COMIC BOOK // 3803451013,no publication year in the title,https://www.hipcomic.com/listing/venom-lethal-protector-1-cgc-98-marvel-comic-book-3803451013/19097752
hipcomic (83).csv,16,14543079,anthonyscomicbookart,199.95,USD,New Avengers #1 - Signed & Sketch Scott Kolins + Steve Lydic (CGC 9.8) 2010,signed or conserved book without a stated label type,https://www.hipcomic.com/listing/new-avengers-1-signed-sketch-scott-kolins-steve-lydic-cgc-98-2010/14543079
hipcomic (83).csv,17,19421273,shauk786,199.99,USD,THE DISPUTED (THE CROW) #1 RAYMOND GAY VIRGIN “FOIL’’ VARIANT CGC 9.8.,publisher not stated and not determinable from the series; no publication year in the title,https://www.hipcomic.com/listing/the-disputed-the-crow-1-raymond-gay-virgin-foil-variant-cgc-98/19421273
hipcomic (83).csv,18,15487817,rdbeard,210.00,USD,"FOUR COLOR #148 - Albert  the Alligator and Pogo Possum - CGC-6.0, OW - Kelly",publisher not stated and not determinable from the series; no publication year in the title,https://www.hipcomic.com/listing/four-color-148-albert-the-alligator-and-pogo-possum-cgc-60-ow-kelly/15487817
hipcomic (83).csv,19,15472671,ksoat,199.00,USD,Hot Rod Comics No 4 CGC Highest Rated Certified Copy  1952,no numeric grade in the title; publisher not stated and not determinable from the series,https://www.hipcomic.com/listing/hot-rod-comics-no-4-cgc-highest-rated-certified-copy-1952/15472671
hipcomic (83).csv,20,14013452,dtacollectibles,84.00,USD,X-MEN #195-cgc 9.6-1985-MARVEL-comic book  4330293009,no publication year in the title,https://www.hipcomic.com/listing/x-men-195-cgc-96-1985-marvel-comic-book-4330293009/14013452
hipcomic (83).csv,22,11473973,dtacollectibles,168.00,USD,Captain America #8 CGC 9.8 -1998 1st BRON CHAR comic book 4039469001,publisher not stated and not determinable from the series; no publication year in the title,https://www.hipcomic.com/listing/captain-america-8-cgc-98-1998-1st-bron-char-comic-book-4039469001/11473973
hipcomic (83).csv,24,10239332,comicage,300.00,CAD,Batman Gotham Noir (2001) # NN (CGC 9.8 WP) Brubaker Story & Sean Philips Art,publisher not stated and not determinable from the series,https://www.hipcomic.com/listing/batman-gotham-noir-2001-nn-cgc-98-wp-brubaker-story-sean-philips-art/10239332
hipcomic (83).csv,26,17281618,comicage,300.00,CAD,Bone Orchard : Tenement (2023) # 1 (CGC 9.0 SS) Signed Jeff Lemire * Census =1,publisher not stated and not determinable from the series,https://www.hipcomic.com/listing/bone-orchard-tenement-2023-1-cgc-90-ss-signed-jeff-lemire-census-1/17281618
hipcomic (83).csv,27,10239362,comicage,350.00,CAD,Champions (2016) # 1 (CGC SS 9.8 WP) | Signed By Humberto Ramos Census = 4,publisher not stated and not determinable from the series,https://www.hipcomic.com/listing/champions-2016-1-cgc-ss-98-wp-signed-by-humberto-ramos-census-4/10239362
hipcomic (83).csv,30,20963806,rdbeard,135.00,USD,"MARVEL SPOTLIGHT V2 #1 - Variant - CGC-9.6, WP - Captain Marvel",no publication year in the title,https://www.hipcomic.com/listing/marvel-spotlight-v2-1-variant-cgc-96-wp-captain-marvel/20963806
hipcomic (83).csv,31,17688979,comicage,400.00,CAD,Sheena Queen of the Jungle (2021) #V2  1 (CGC 9.8)Signed Lucio Parrillo*Census=3,signed or conserved book without a stated label type,https://www.hipcomic.com/listing/sheena-queen-of-the-jungle-2021-v2-1-cgc-98signed-lucio-parrillocensus3/17688979
hipcomic (83).csv,32,10238036,comicage,202.50,CAD,Danger Girl (1998) # 1 (CGC 9.6 WP) | 1st App Danger Girl Team,publisher not stated and not determinable from the series,https://www.hipcomic.com/listing/danger-girl-1998-1-cgc-96-wp-1st-app-danger-girl-team/10238036
hipcomic (83).csv,33,10238401,comicage,150.00,CAD,Jupiter's Legacy (2013) # 1 (CGC 9.8 WP) Frank  Quietly Cover,publisher not stated and not determinable from the series,https://www.hipcomic.com/listing/jupiters-legacy-2013-1-cgc-98-wp-frank-quietly-cover/10238401
hipcomic (83).csv,35,21144503,rdbeard,150.00,USD,"MARVEL SPOTLIGHT V2 #8 - CGC-9.8, WP - Captain Marvel - Miller - Highest graded!",no publication year in the title,https://www.hipcomic.com/listing/marvel-spotlight-v2-8-cgc-98-wp-captain-marvel-miller-highest-graded/21144503
hipcomic (83).csv,39,10239347,comicage,350.00,CAD,TMNT Teenage Mutant Ninja Turtles (1992) # 32 (CGC 9.4 SS Eastman) 2nd Print,publisher not stated and not determinable from the series,https://www.hipcomic.com/listing/tmnt-teenage-mutant-ninja-turtles-1992-32-cgc-94-ss-eastman-2nd-print/10239347
hipcomic (83).csv,41,20943233,rdbeard,235.00,USD,"FOUR COLOR #126 - Christmas With Mother Goose - CGC-7.5, OW - Kelly-  Golden Age",publisher not stated and not determinable from the series; no publication year in the title,https://www.hipcomic.com/listing/four-color-126-christmas-with-mother-goose-cgc-75-ow-kelly-golden-age/20943233
hipcomic (83).csv,43,19099188,papercinema,234.00,USD,Phantom #23  1967 - King Features -CGC 9.4 - Comic Book-1031414004,publisher not stated and not determinable from the series,https://www.hipcomic.com/listing/phantom-23-1967-king-features-cgc-94-comic-book-1031414004/19099188
hipcomic (83).csv,44,12345930,RandyPierce3,225.00,USD,Thor #411 CGC 9.8.  KEY 1st Appearance of The New Warriors,no publication year in the title,https://www.hipcomic.com/listing/thor-411-cgc-98-key-1st-appearance-of-the-new-warriors/12345930
hipcomic (83).csv,46,15797719,comicage,250.00,CAD,"Moon Knight : Black , White & Blood (2022) # 1 (CGC 9.6 SS) Signed Jeff Dekal",publisher not stated and not determinable from the series,https://www.hipcomic.com/listing/moon-knight-black-white-blood-2022-1-cgc-96-ss-signed-jeff-dekal/15797719
hipcomic (83).csv,47,10238296,comicage,200.00,CAD,Monkey Prince (2022) # 1 (CGC  9.8 WP) Anandrk Variant Cover | Census=9,publisher not stated and not determinable from the series,https://www.hipcomic.com/listing/monkey-prince-2022-1-cgc-98-wp-anandrk-variant-cover-census9/10238296
hipcomic (84).csv,9,10238806,comicage,200.00,CAD,Matrix Comic Book Preview (1999) # NN (CGC 9.4 WP) 1st App Matrix,publisher not stated and not determinable from the series,https://www.hipcomic.com/listing/matrix-comic-book-preview-1999-nn-cgc-94-wp-1st-app-matrix/10238806
hipcomic (84).csv,12,10237439,comicage,175.00,CAD,Maw (2021) # 1  (CGC 9.8) Turrell Variant Cover | Census=8,publisher not stated and not determinable from the series,https://www.hipcomic.com/listing/maw-2021-1-cgc-98-turrell-variant-cover-census8/10237439
hipcomic (84).csv,13,16485630,comicage,250.00,CAD,FF (2013) #1 (CGC SS 9.6 SS) Signed Scott Lobdell * Sketch * Fantastic Four,publisher not stated and not determinable from the series,https://www.hipcomic.com/listing/ff-2013-1-cgc-ss-96-ss-signed-scott-lobdell-sketch-fantastic-four/16485630
hipcomic (84).csv,14,15485598,rdbeard,105.00,USD,"FORBIDDEN WORLDS #8 - CGC-3.5, OW-W  - ACG - Golden Age",publisher not stated and not determinable from the series; no publication year in the title,https://www.hipcomic.com/listing/forbidden-worlds-8-cgc-35-ow-w-acg-golden-age/15485598
hipcomic (84).csv,15,19422403,shauk786,249.99,USD,POP KILL #4 WILL JACK VIRGIN VARIANT CGC SIGNATURE SERIES MAD CAVE.,no numeric grade in the title; publisher not stated and not determinable from the series; no publication year in the title,https://www.hipcomic.com/listing/pop-kill-4-will-jack-virgin-variant-cgc-signature-series-mad-cave/19422403
hipcomic (84).csv,16,12874080,comicage,350.00,CAD,Avengers Assemble Alpha (2023) # 1 (CGC WP SS 9.8) Signed Mark Brooks • 1:50,publisher not stated and not determinable from the series,https://www.hipcomic.com/listing/avengers-assemble-alpha-2023-1-cgc-wp-ss-98-signed-mark-brooks-o-150/12874080
hipcomic (84).csv,17,13639738,dtacollectibles,175.00,USD,Batman and Robin Adventures #8 CGC 9.8 HARLEY QUINN comic book 4318361022,no publication year in the title,https://www.hipcomic.com/listing/batman-and-robin-adventures-8-cgc-98-harley-quinn-comic-book-4318361022/13639738
hipcomic (84).csv,20,15669475,dtacollectibles,140.00,USD,CABLE #64 CGC 9.8 comic book -ORIGIN ISSUE-comic book 3879911021,no publication year in the title,https://www.hipcomic.com/listing/cable-64-cgc-98-comic-book-origin-issue-comic-book-3879911021/15669475
hipcomic (84).csv,25,17986790,comicage,300.00,CAD,Ronin Book II (2022) # 1 (CGC 9.8) FMP • Frank Miller • Philip Tan • Henriques,publisher not stated and not determinable from the series,https://www.hipcomic.com/listing/ronin-book-ii-2022-1-cgc-98-fmp-o-frank-miller-o-philip-tan-o-henriques/17986790
hipcomic (84).csv,26,21329259,AtlantaClassicComics,299.99,USD,Gotham City Sirens # 11 CGC Graded 9.8 DC Comic Book Harley Quinn Catwoman JH38,no publication year in the title,https://www.hipcomic.com/listing/gotham-city-sirens-11-cgc-graded-98-dc-comic-book-harley-quinn-catwoman-jh38/21329259
hipcomic (84).csv,31,15487597,rdbeard,315.00,USD,"FRANK BUCK #70 (#1) - Fox - Wood - TV photo cover - CGC-7.5, OW-W - Golden Age",publisher not stated and not determinable from the series; no publication year in the title,https://www.hipcomic.com/listing/frank-buck-70-1-fox-wood-tv-photo-cover-cgc-75-ow-w-golden-age/15487597
hipcomic (84).csv,32,20260713,Subz100,420.00,USD,"Lady Death Apocalyptic Abyss 1, Naughty Metallic Variant CGC 9.9, NT 9.8 Ltd 100",adult-variant wording (needs a manual look before Merchant Center); publisher not stated and not determinable from the series; no publication year in the title,https://www.hipcomic.com/listing/lady-death-apocalyptic-abyss-1-naughty-metallic-variant-cgc-99-nt-98-ltd-100/20260713
hipcomic (84).csv,35,15499151,comicage,300.00,CAD,Dark Crisis FCBD Special Edition (2022) # 0 (CGC SS 9.8) Signed J. Williamson,publisher not stated and not determinable from the series,https://www.hipcomic.com/listing/dark-crisis-fcbd-special-edition-2022-0-cgc-ss-98-signed-j-williamson/15499151
hipcomic (84).csv,38,10237434,comicage,175.00,CAD,Porcelain (2021) # 1 (CGC 9.8) Variant Cover H | Census=3,publisher not stated and not determinable from the series,https://www.hipcomic.com/listing/porcelain-2021-1-cgc-98-variant-cover-h-census3/10237434
hipcomic (84).csv,45,15669317,dtacollectibles,210.00,USD,Rock N Roll Comics #23 CGC 9.8 1991-LIVING COLOUR-COMIC BOOK 4393770006,publisher not stated and not determinable from the series,https://www.hipcomic.com/listing/rock-n-roll-comics-23-cgc-98-1991-living-colour-comic-book-4393770006/15669317
hipcomic (84).csv,46,20251792,AtlantaClassicComics,249.99,USD,X-Men # 50 CGC Graded 8.5 Marvel Comic Book Gold Edition Variant Wolverine JH25,no publication year in the title,https://www.hipcomic.com/listing/x-men-50-cgc-graded-85-marvel-comic-book-gold-edition-variant-wolverine-jh25/20251792
hipcomic (85).csv,3,20245948,comicage,200.00,CAD,Usagi Yojimbo (1988) # 12 (CGC 9.6 SS WP) Signed Stan Sakai,publisher not stated and not determinable from the series,https://www.hipcomic.com/listing/usagi-yojimbo-1988-12-cgc-96-ss-wp-signed-stan-sakai/20245948
hipcomic (85).csv,4,19098763,papercinema,318.50,USD,Clubhouse Rascals #1  1956 - ME -CGC 7.5 - Comic Book-1173076011,publisher not stated and not determinable from the series,https://www.hipcomic.com/listing/clubhouse-rascals-1-1956-me-cgc-75-comic-book-1173076011/19098763
hipcomic (85).csv,5,19098425,papercinema,325.00,USD,Thrills Of Tomorrow #19  1955 - Harvey -CGC FN - Comic Book-,no numeric grade in the title,https://www.hipcomic.com/listing/thrills-of-tomorrow-19-1955-harvey-cgc-fn-comic-book-/19098425
hipcomic (85).csv,6,19423589,shauk786,299.99,USD,Venom #35 Patrick Gleason Variant - CGC SS 9.8 SIGNED GORGEOUS SLAB WHITE PAGES.,no publication year in the title,https://www.hipcomic.com/listing/venom-35-patrick-gleason-variant-cgc-ss-98-signed-gorgeous-slab-white-pages/19423589
hipcomic (85).csv,11,10226285,comicage,225.00,CAD,Moon Knight (2021) # 3 (CGC 9.8 WP) Greg Land | Signed Mackay | Census=2,signed or conserved book without a stated label type,https://www.hipcomic.com/listing/moon-knight-2021-3-cgc-98-wp-greg-land-signed-mackay-census2/10226285
hipcomic (85).csv,12,13843181,dtacollectibles,105.00,USD,AMAZING SPIDER-MAN #245 CGC 9.6 comic book-1983-MARVEL 4318360019,no publication year in the title,https://www.hipcomic.com/listing/amazing-spider-man-245-cgc-96-comic-book-1983-marvel-4318360019/13843181
hipcomic (85).csv,13,14165780,comicage,300.00,CAD,Star Wars : The Mandalorian Season 2 (2023) # 5 (CGC 9.8 SS) Signed Erik M. Gist,publisher not stated and not determinable from the series,https://www.hipcomic.com/listing/star-wars-the-mandalorian-season-2-2023-5-cgc-98-ss-signed-erik-m-gist/14165780
hipcomic (85).csv,14,21734259,anthonyscomicbookart,124.95,USD,Walt Disney's Comics & Stories #199 - Carl Barks Cover (CGC 6.5) 1957,publisher not stated and not determinable from the series,https://www.hipcomic.com/listing/walt-disneys-comics-stories-199-carl-barks-cover-cgc-65-1957/21734259
hipcomic (85).csv,15,17601232,comicage,350.00,CAD,Mighty Morphin Power Rangers/TMNT II (2023) #1 ( CGC 9.6 SS) Signed Jenny Frison,publisher not stated and not determinable from the series,https://www.hipcomic.com/listing/mighty-morphin-power-rangers-tmnt-ii-2023-1-cgc-96-ss-signed-jenny-frison/17601232
hipcomic (85).csv,16,19653079,papercinema,375.00,USD,"Sports Illustrated Nov 28, 1955 CGC 8.5 -Don Holleder cover 4632777016",publisher not stated and not determinable from the series,https://www.hipcomic.com/listing/sports-illustrated-nov-28-1955-cgc-85-don-holleder-cover-4632777016/19653079
hipcomic (85).csv,17,16139847,silveragecomics,199.99,USD,Death-Defying Doctor Mirage (2014) #1 CGC 9.6 SDCC Variant Rare (212826015),publisher not stated and not determinable from the series,https://www.hipcomic.com/listing/death-defying-doctor-mirage-2014-1-cgc-96-sdcc-variant-rare-212826015/16139847
hipcomic (85).csv,25,13946748,WarriorWoman531,175.00,USD,Venom #30 CGC 9.8 graded - Black Cape Comics virgin variant cover,no publication year in the title,https://www.hipcomic.com/listing/venom-30-cgc-98-graded-black-cape-comics-virgin-variant-cover/13946748
hipcomic (85).csv,26,20019913,Subz100,240.00,USD,"Miss America 8, 1:25 Jen Bartel Variant Cover, CGC Graded 9.8",publisher not stated and not determinable from the series; no publication year in the title,https://www.hipcomic.com/listing/miss-america-8-125-jen-bartel-variant-cover-cgc-graded-98/20019913
hipcomic (85).csv,29,15998667,vintageexplosion,330.00,USD,AMAZING SPIDER-MAN VS. The PRODIGY CGC 9.8--1976--Marvel--comic--4080875006,no issue number in the title; no publication year in the title,https://www.hipcomic.com/listing/amazing-spider-man-vs-the-prodigy-cgc-98-1976-marvel-comic-4080875006/15998667
hipcomic (85).csv,30,19096963,papercinema,375.00,USD,Marines in Battle #19 CGC 6.5 High Grade ATLAS war comic 1254138001,publisher not stated and not determinable from the series; no publication year in the title,https://www.hipcomic.com/listing/marines-in-battle-19-cgc-65-high-grade-atlas-war-comic-1254138001/19096963
hipcomic (85).csv,32,16928892,comicage,350.00,CAD,Disney Villains: Scar (2023) # 1 (CGC 9.8 SS) Signed Jahnoy Lindsay * Census = 2,publisher not stated and not determinable from the series,https://www.hipcomic.com/listing/disney-villains-scar-2023-1-cgc-98-ss-signed-jahnoy-lindsay-census-2/16928892
hipcomic (85).csv,35,13843022,dtacollectibles,154.00,USD,Batman and Robin Adventures #13 CGC 9.8 Scarecrow cover comic book 4318360011,no publication year in the title,https://www.hipcomic.com/listing/batman-and-robin-adventures-13-cgc-98-scarecrow-cover-comic-book-4318360011/13843022
hipcomic (85).csv,40,17691338,comicage,450.00,CAD,Batman & The joker : T he Deadly Duo (2023) #1 (CGC 9.8 SS) Signed Jorge Fornes,publisher not stated and not determinable from the series,https://www.hipcomic.com/listing/batman-the-joker-t-he-deadly-duo-2023-1-cgc-98-ss-signed-jorge-fornes/17691338
hipcomic (85).csv,41,19098748,papercinema,234.00,USD,DAREDEVIL #182 CGC 9.8 // ELEKTRA DEATH // comic book // MARVEL,no publication year in the title,https://www.hipcomic.com/listing/daredevil-182-cgc-98-elektra-death-comic-book-marvel/19098748
hipcomic (85).csv,42,17192152,comicage,350.00,CAD,Unbreakable Red Sonja (2023) # 5 (CGC 9.2 SS) Signed Sketch Sonja Slays Jim Zub,publisher not stated and not determinable from the series,https://www.hipcomic.com/listing/unbreakable-red-sonja-2023-5-cgc-92-ss-signed-sketch-sonja-slays-jim-zub/17192152
hipcomic (86).csv,2,19097499,papercinema,292.50,USD,Rock N Roll #13  1990 - Revolutionary -CGC 9.8 - Comic Book-4393769010,publisher not stated and not determinable from the series,https://www.hipcomic.com/listing/rock-n-roll-13-1990-revolutionary-cgc-98-comic-book-4393769010/19097499
hipcomic (86).csv,4,19421254,shauk786,199.99,USD,Ice Cream Man #25 Exclusive Ivan Tao Virgin Sketch Variant CGC 9.8,no publication year in the title,https://www.hipcomic.com/listing/ice-cream-man-25-exclusive-ivan-tao-virgin-sketch-variant-cgc-98/19421254
hipcomic (86).csv,8,4623250,dtacollectibles,140.00,USD,MARVEL FUMETTI BOOK #1 CGC 9.2 STAN LEE COVER-comic book 1273089005,no publication year in the title,https://www.hipcomic.com/listing/marvel-fumetti-book-1-cgc-92-stan-lee-cover-comic-book-1273089005/4623250
hipcomic (86).csv,9,17359381,comicage,500.00,CAD,Justice League Vs Godzilla Vs Kong (2024) #4 (CGC 9.8) Signed Jorge Molina C = 1,signed or conserved book without a stated label type,https://www.hipcomic.com/listing/justice-league-vs-godzilla-vs-kong-2024-4-cgc-98-signed-jorge-molina-c-1/17359381
hipcomic (86).csv,10,20910586,AtlantaClassicComics,249.99,USD,Venom Lethal Protector # 5 CGC Graded 9.8 Marvel Comic Book 1st Scream Riot JH30,no publication year in the title,https://www.hipcomic.com/listing/venom-lethal-protector-5-cgc-graded-98-marvel-comic-book-1st-scream-riot-jh30/20910586
hipcomic (86).csv,11,15841582,dtacollectibles,77.00,USD,ACTION COMICS #656  CGC 9.6 Black Racer comic book 4330292025,no publication year in the title,https://www.hipcomic.com/listing/action-comics-656-cgc-96-black-racer-comic-book-4330292025/15841582
hipcomic (86).csv,13,19256450,anthonyscomicbookart,149.97,USD,Lady Death: Echos #1 Naughty Purple Haze BP Edition Signed (2020) CGC 9.8,adult-variant wording (needs a manual look before Merchant Center); signed or conserved book without a stated label type; publisher not stated and not determinable from the series,https://www.hipcomic.com/listing/lady-death-echos-1-naughty-purple-haze-bp-edition-signed-2020-cgc-98/19256450
hipcomic (86).csv,14,19653076,papercinema,312.50,USD,"Sports Illustrated Feb 13, 1956 CGC 8.5 -Charles Maute cover 4632777003",publisher not stated and not determinable from the series,https://www.hipcomic.com/listing/sports-illustrated-feb-13-1956-cgc-85-charles-maute-cover-4632777003/19653076
hipcomic (86).csv,15,10237782,comicage,125.00,CAD,Hardware (1993) # 1 (CGC 9.6 WP) Milestone Cowan Palmiotti & McDuffie,publisher not stated and not determinable from the series,https://www.hipcomic.com/listing/hardware-1993-1-cgc-96-wp-milestone-cowan-palmiotti-mcduffie/10237782
hipcomic (86).csv,16,2665197,dtacollectibles,128.80,USD,E-man #1 1983-cgc Graded 9.6-white Pages-joe Staton-first Issue 0207093029,publisher not stated and not determinable from the series,https://www.hipcomic.com/listing/e-man-1-1983-cgc-graded-96-white-pages-joe-staton-first-issue-0207093029/2665197
hipcomic (86).csv,21,13916239,comicage,350.00,CAD,X Death Of Wolverine (2022) # 4 (CGC 9.8 SS) Census=11•Signed By Momoko Variant,publisher not stated and not determinable from the series,https://www.hipcomic.com/listing/x-death-of-wolverine-2022-4-cgc-98-ss-census11osigned-by-momoko-variant/13916239
hipcomic (86).csv,26,14382822,comicage,350.00,CAD,Darkwing Duck (2023) # 1 (CGC 9.8 SS) Signed Nakayama Variant Cover I* C= 3,publisher not stated and not determinable from the series,https://www.hipcomic.com/listing/darkwing-duck-2023-1-cgc-98-ss-signed-nakayama-variant-cover-i-c-3/14382822
hipcomic (86).csv,27,4865325,dtacollectibles,105.00,USD,X-O MANOWAR #4 CGC 9.4-First appearance SHADOWMAN- 2006680018,publisher not stated and not determinable from the series; no publication year in the title,https://www.hipcomic.com/listing/x-o-manowar-4-cgc-94-first-appearance-shadowman-2006680018/4865325
hipcomic (86).csv,29,19637446,PowerhowzPops,271.65,USD,Hellboy Buster Oakley Gets His Wish 25th Anniversary Variant NM CGC 9.8,no issue number in the title; publisher not stated and not determinable from the series; no publication year in the title,https://www.hipcomic.com/listing/hellboy-buster-oakley-gets-his-wish-25th-anniversary-variant-nm-cgc-98/19637446
hipcomic (86).csv,32,12351624,dtacollectibles,105.00,USD,HULK: Future Imperfect #1 CGC 9.6 comic book-1992-George Perez 3990901020,publisher not stated and not determinable from the series; no publication year in the title,https://www.hipcomic.com/listing/hulk-future-imperfect-1-cgc-96-comic-book-1992-george-perez-3990901020/12351624
hipcomic (86).csv,33,12818237,comicage,350.00,CAD,Amazing Fantasy (2021) # 1 (CGC 9.8 WP) Signed Simone Bianchi  1:50 | Census=1,signed or conserved book without a stated label type,https://www.hipcomic.com/listing/amazing-fantasy-2021-1-cgc-98-wp-signed-simone-bianchi-150-census1/12818237
hipcomic (86).csv,34,20910523,AtlantaClassicComics,162.49,USD,Venom Lethal Protector # 4 CGC Graded 9.2 Marvel Comic Book Spider-Man JH30,no publication year in the title,https://www.hipcomic.com/listing/venom-lethal-protector-4-cgc-graded-92-marvel-comic-book-spider-man-jh30/20910523
hipcomic (86).csv,35,21767952,RandyPierce3,215.00,USD,X-Men #141 CGC 9.0 VF/NM NEWSSTAND 1st Rachel Summers Marvel,no publication year in the title,https://www.hipcomic.com/listing/x-men-141-cgc-90-vf-nm-newsstand-1st-rachel-summers-marvel/21767952
hipcomic (86).csv,36,19256458,anthonyscomicbookart,249.97,USD,Light-Earth #3 - Wraparound Sketch Cover Error Edition Signed 2x (2017) CGC 9.9,signed or conserved book without a stated label type; publisher not stated and not determinable from the series,https://www.hipcomic.com/listing/light-earth-3-wraparound-sketch-cover-error-edition-signed-2x-2017-cgc-99/19256458
hipcomic (86).csv,39,20263820,comicage,175.00,CAD,Spider-Man Deadpool (2019) # 47 (CGC 9.8 WP) Will Robson Cover,publisher not stated and not determinable from the series,https://www.hipcomic.com/listing/spider-man-deadpool-2019-47-cgc-98-wp-will-robson-cover/20263820
hipcomic (86).csv,42,16556339,anthonyscomicbookart,149.88,USD,Secret Avengers #23 (CGC 9.4) Signed by Art Adams - 2012,signed or conserved book without a stated label type; publisher not stated and not determinable from the series,https://www.hipcomic.com/listing/secret-avengers-23-cgc-94-signed-by-art-adams-2012/16556339
hipcomic (86).csv,43,10239421,comicage,300.00,CAD,Aquaman And The Others Futures End (2014) # 1 (CGC WP 9.8) Newsstand | Census=3,publisher not stated and not determinable from the series,https://www.hipcomic.com/listing/aquaman-and-the-others-futures-end-2014-1-cgc-wp-98-newsstand-census3/10239421
hipcomic (86).csv,44,15452150,dtacollectibles,175.00,USD,Basically Strange #1 CGC 9.0 VF/NM -RICHARD CORBEN-TOTH-WALLY WOOD 0207407003,publisher not stated and not determinable from the series; no publication year in the title,https://www.hipcomic.com/listing/basically-strange-1-cgc-90-vf-nm-richard-corben-toth-wally-wood-0207407003/15452150
hipcomic (86).csv,45,20668190,anthonyscomicbookart,299.95,USD,"Wonder Woman #1 - Signed J. Lee, S. Williams, A. Sinclair (CGC Qual 9.8) 2016",signed or conserved book without a stated label type,https://www.hipcomic.com/listing/wonder-woman-1-signed-j-lee-s-williams-a-sinclair-cgc-qual-98-2016/20668190
hipcomic (86).csv,47,19613019,comicswarehouse,399.00,USD,USAGI YOJIMBO #1 (FANTAGRAPHICS 7/87) CGC 9.6 1ST USAGI IN OWN TITLE STAN SAKAI,publisher not stated and not determinable from the series,https://www.hipcomic.com/listing/usagi-yojimbo-1-fantagraphics-7-87-cgc-96-1st-usagi-in-own-title-stan-sakai/19613019
hipcomic (86).csv,49,12874090,comicage,300.00,CAD,Dark Crisis On Infinite Earth (2022) # 1 (CGC SS 9.8) Signed J. Williamson •1:25,publisher not stated and not determinable from the series,https://www.hipcomic.com/listing/dark-crisis-on-infinite-earth-2022-1-cgc-ss-98-signed-j-williamson-o125/12874090
hipcomic (87).csv,4,17537838,comicage,350.00,CAD,Lord Of The Jungle (2022) # v3 # 1 (CGC 9.8 SS) Signed  Lee weeks * Census = 1,publisher not stated and not determinable from the series,https://www.hipcomic.com/listing/lord-of-the-jungle-2022-v3-1-cgc-98-ss-signed-lee-weeks-census-1/17537838
hipcomic (87).csv,5,21329249,AtlantaClassicComics,249.99,USD,Gotham City Sirens # 15 CGC Graded 9.8 DC Comic Book Harley Quinn Catwoman JH38,no publication year in the title,https://www.hipcomic.com/listing/gotham-city-sirens-15-cgc-graded-98-dc-comic-book-harley-quinn-catwoman-jh38/21329249
hipcomic (87).csv,6,17034143,comicage,350.00,CAD,Star Wars :  Yoda  (2023) # 4 (CGC 9.8 SS) Signed Nick Bradshaw • 1:25 •Census=1,publisher not stated and not determinable from the series,https://www.hipcomic.com/listing/star-wars-yoda-2023-4-cgc-98-ss-signed-nick-bradshaw-o-125-ocensus1/17034143
hipcomic (87).csv,7,15836914,boboscomics,330.00,USD,DC COMICS WONDER WOMAN #204 CGC 6.0 Cream to OW Pages 1st APP of Nubia,no publication year in the title,https://www.hipcomic.com/listing/dc-comics-wonder-woman-204-cgc-60-cream-to-ow-pages-1st-app-of-nubia/15836914
hipcomic (87).csv,8,21767434,RandyPierce3,150.00,USD,Image United #1 CGC 9.8 NM/M Todd McFarlane Cover Image Comics,no publication year in the title,https://www.hipcomic.com/listing/image-united-1-cgc-98-nm-m-todd-mcfarlane-cover-image-comics/21767434
hipcomic (87).csv,10,17689033,comicage,450.00,CAD,Batman - One Bad Day : The Riddler (2022) #1 (CGC 9.6 SS) Signed Fornes Census=9,publisher not stated and not determinable from the series,https://www.hipcomic.com/listing/batman-one-bad-day-the-riddler-2022-1-cgc-96-ss-signed-fornes-census9/17689033
hipcomic (87).csv,11,15998317,vintageexplosion,264.00,USD,Disney's Darkwing Duck Limited Series #1 -- CGC 9.6 -- 1st issue - comic book,publisher not stated and not determinable from the series; no publication year in the title,https://www.hipcomic.com/listing/disneys-darkwing-duck-limited-series-1-cgc-96-1st-issue-comic-book/15998317
hipcomic (87).csv,16,19099481,papercinema,305.50,USD,Combat Kelly #15 // CGC 6.0 // 1953 // Pre-Code // Atlas War // 3811331004,publisher not stated and not determinable from the series,https://www.hipcomic.com/listing/combat-kelly-15-cgc-60-1953-pre-code-atlas-war-3811331004/19099481
hipcomic (87).csv,18,21329434,AtlantaClassicComics,199.99,USD,Catwoman # 78 CGC Graded 9.8 DC Comic Book 1st Print Adam Hughes JH38,no publication year in the title,https://www.hipcomic.com/listing/catwoman-78-cgc-graded-98-dc-comic-book-1st-print-adam-hughes-jh38/21329434
hipcomic (87).csv,27,21837466,CollectorZone,125.00,USD,Laura Kinney Wolverine #4 Jeehyung Lee Variant - 2025- CGC 9.8,publisher not stated and not determinable from the series,https://www.hipcomic.com/listing/laura-kinney-wolverine-4-jeehyung-lee-variant-2025-cgc-98/21837466
hipcomic (87).csv,29,2665360,dtacollectibles,84.00,USD,HE SAID/SHE SAID COMICS #1-FISHER-BUTTAFUOCO-CGC 9.0 0907365001,publisher not stated and not determinable from the series; no publication year in the title,https://www.hipcomic.com/listing/he-said-she-said-comics-1-fisher-buttafuoco-cgc-90-0907365001/2665360
hipcomic (87).csv,31,15472651,ksoat,99.00,USD,Hot Rod Comics No 7 CGC Certified Copy  1953,no numeric grade in the title; publisher not stated and not determinable from the series,https://www.hipcomic.com/listing/hot-rod-comics-no-7-cgc-certified-copy-1953/15472651
hipcomic (87).csv,32,15768056,rdbeard,335.00,USD,"CAVE GIRL #13 (A-1 #116) - CGC-6.0, OW-W  - ME - Good girl art - Golden Age",publisher not stated and not determinable from the series; no publication year in the title,https://www.hipcomic.com/listing/cave-girl-13-a-1-116-cgc-60-ow-w-me-good-girl-art-golden-age/15768056
hipcomic (87).csv,36,12884877,comicage,350.00,CAD,Star Wars The High Republic The Blade (2023) # 2 (CGC 9.8 SS) Signed Mico Suayan,publisher not stated and not determinable from the series,https://www.hipcomic.com/listing/star-wars-the-high-republic-the-blade-2023-2-cgc-98-ss-signed-mico-suayan/12884877
hipcomic (87).csv,38,9164234,dtacollectibles,140.00,USD,Voltron #2 CGC 9.6 1985 Modern-Second issue-comic book 3842445005,publisher not stated and not determinable from the series,https://www.hipcomic.com/listing/voltron-2-cgc-96-1985-modern-second-issue-comic-book-3842445005/9164234
hipcomic (87).csv,39,15667862,dtacollectibles,91.00,USD,Generation X #1 CGC 9.8 1st Chamber-comic book 4330292009,no publication year in the title,https://www.hipcomic.com/listing/generation-x-1-cgc-98-1st-chamber-comic-book-4330292009/15667862
hipcomic (87).csv,40,12653175,Killenenterprises,160.00,USD,CGC 9.8 Lady Death Necrotic Genesis #1 Comic Book 2023 Elite Edition Coffin,publisher not stated and not determinable from the series,https://www.hipcomic.com/listing/cgc-98-lady-death-necrotic-genesis-1-comic-book-2023-elite-edition-coffin/12653175
hipcomic (87).csv,41,20247785,comicage,150.00,CAD,Usagi Yojimbo (1992) # 34 (CGC 9.6 SS WP) Signed Stan Sakai,publisher not stated and not determinable from the series,https://www.hipcomic.com/listing/usagi-yojimbo-1992-34-cgc-96-ss-wp-signed-stan-sakai/20247785
hipcomic (87).csv,43,19762708,vintageexplosion,165.00,USD,DAREDEVIL #182 CGC 9.8--ELEKTRA--FRANK MILLER--comic book--3826992017,publisher not stated and not determinable from the series; no publication year in the title,https://www.hipcomic.com/listing/daredevil-182-cgc-98-elektra-frank-miller-comic-book-3826992017/19762708
hipcomic (87).csv,46,15842093,dtacollectibles,154.00,USD,Marc Spector Moon Knight #56 CGC 9.8 comic book Platt art 3864111024,no publication year in the title,https://www.hipcomic.com/listing/marc-spector-moon-knight-56-cgc-98-comic-book-platt-art-3864111024/15842093
hipcomic (88).csv,4,10237308,comicage,150.00,CAD,30 Days Of Night (2002) # 3 (CGC 9.0 WP) Ben Templesmith,publisher not stated and not determinable from the series,https://www.hipcomic.com/listing/30-days-of-night-2002-3-cgc-90-wp-ben-templesmith/10237308
hipcomic (88).csv,6,15998636,vintageexplosion,181.50,USD,JUSTICE LEAGUE ADVENTURES #1--CGC 9.8--2002--Comic Book--4254922012,publisher not stated and not determinable from the series; no publication year in the title,https://www.hipcomic.com/listing/justice-league-adventures-1-cgc-98-2002-comic-book-4254922012/15998636
hipcomic (88).csv,9,17688976,comicage,250.00,CAD,"Spider-Gwen: Ghost Rider (2024) # 3(CGC 9.4 SS) Signed Pablo ""Lobos"" Villalobos",publisher not stated and not determinable from the series,https://www.hipcomic.com/listing/spider-gwen-ghost-rider-2024-3cgc-94-ss-signed-pablo-lobos-villalobos/17688976
hipcomic (88).csv,11,15472681,ksoat,99.00,USD,Hot Rod Comics No 2 CGC Certified Copy 1952,no numeric grade in the title; publisher not stated and not determinable from the series,https://www.hipcomic.com/listing/hot-rod-comics-no-2-cgc-certified-copy-1952/15472681
hipcomic (88).csv,13,20019937,Subz100,230.00,USD,"Symbiote Spider-Man 1, McFarlane 1:100 Hidden Gem Variant Cover, CGC Graded 9.8",publisher not stated and not determinable from the series; no publication year in the title,https://www.hipcomic.com/listing/symbiote-spider-man-1-mcfarlane-1100-hidden-gem-variant-cover-cgc-graded-98/20019937
hipcomic (88).csv,16,17281634,comicage,300.00,CAD,Minor Arcana Advance Edition (2024) # 1 (CGC 9.4 SS) Signed Jeff Lemire Census=1,publisher not stated and not determinable from the series,https://www.hipcomic.com/listing/minor-arcana-advance-edition-2024-1-cgc-94-ss-signed-jeff-lemire-census1/17281634
hipcomic (88).csv,20,19220709,anthonyscomicbookart,199.97,USD,Joan of Ark #1 - Blue Rainbow Virgin Cover Signed 2x - CGC 9.8 2012,signed or conserved book without a stated label type; publisher not stated and not determinable from the series,https://www.hipcomic.com/listing/joan-of-ark-1-blue-rainbow-virgin-cover-signed-2x-cgc-98-2012/19220709
hipcomic (88).csv,21,15724251,comicage,250.00,CAD,Spider-Man Marvel Tales (1985) # 176 (CGC 9.6 WP) Canadian Price variant CPV,publisher not stated and not determinable from the series,https://www.hipcomic.com/listing/spider-man-marvel-tales-1985-176-cgc-96-wp-canadian-price-variant-cpv/15724251
hipcomic (88).csv,22,10239424,comicage,300.00,CAD,Aquaman And The Others (2014) # 1 (CGC WP 9.8) Rare Newsstand | Census=3,publisher not stated and not determinable from the series,https://www.hipcomic.com/listing/aquaman-and-the-others-2014-1-cgc-wp-98-rare-newsstand-census3/10239424
hipcomic (88).csv,26,19101221,papercinema,182.00,USD,ACTION #685 CGC 9.8 Supergirl Action Comics #1 homage-2020819016,publisher not stated and not determinable from the series; no publication year in the title,https://www.hipcomic.com/listing/action-685-cgc-98-supergirl-action-comics-1-homage-2020819016/19101221
hipcomic (88).csv,27,12889600,comicage,400.00,CAD,Mary Jane Black Cat (2023) # 1 (CGC 9.8 SS) Signed David Nakayama • Virgin 1:100,publisher not stated and not determinable from the series,https://www.hipcomic.com/listing/mary-jane-black-cat-2023-1-cgc-98-ss-signed-david-nakayama-o-virgin-1100/12889600
hipcomic (88).csv,28,16930308,comicage,350.00,CAD,Fortnite X Marvel : Zero War (2022)  3 (CGC 9.8 SS) Signed Derrick Chew Census=6,publisher not stated and not determinable from the series,https://www.hipcomic.com/listing/fortnite-x-marvel-zero-war-2022-3-cgc-98-ss-signed-derrick-chew-census6/16930308
hipcomic (88).csv,31,10238243,comicage,200.00,CAD,Heroes Reborn (2021) # 1 (CGC 9.6 WP) George Perez Variant 1:100,publisher not stated and not determinable from the series,https://www.hipcomic.com/listing/heroes-reborn-2021-1-cgc-96-wp-george-perez-variant-1100/10238243
hipcomic (88).csv,32,19098168,papercinema,262.50,USD,Spectacular Spider-Man #101 CGC 9.4-1985- Black costume cover 3804835010,no publication year in the title,https://www.hipcomic.com/listing/spectacular-spider-man-101-cgc-94-1985-black-costume-cover-3804835010/19098168
hipcomic (88).csv,34,2666126,dtacollectibles,133.00,USD,Li'l Kids #3 1971-CGC GRADED 9.2 - Stan Goldberg art- 0775195009,publisher not stated and not determinable from the series,https://www.hipcomic.com/listing/lil-kids-3-1971-cgc-graded-92-stan-goldberg-art-0775195009/2666126
hipcomic (88).csv,40,19097527,papercinema,292.50,USD,Sweethearts #39 CGC 6.5 1957- Sal Mineo-COMIC BOOK-4514787003,publisher not stated and not determinable from the series,https://www.hipcomic.com/listing/sweethearts-39-cgc-65-1957-sal-mineo-comic-book-4514787003/19097527
hipcomic (88).csv,41,14135444,vintageexplosion,110.00,USD,X-Men: Alpha #1 CGC 9.8--1st Dark Beast--comic book--4330291025,publisher not stated and not determinable from the series; no publication year in the title,https://www.hipcomic.com/listing/x-men-alpha-1-cgc-98-1st-dark-beast-comic-book-4330291025/14135444
hipcomic (88).csv,42,17679267,comicage,300.00,CAD,Star Wars : The Mandalorian Season 2 (2023) # 5 (CGC 9.8 SS) Signed Adi Granov,publisher not stated and not determinable from the series,https://www.hipcomic.com/listing/star-wars-the-mandalorian-season-2-2023-5-cgc-98-ss-signed-adi-granov/17679267
hipcomic (88).csv,44,20407200,comicage,350.00,CAD,Skaar Son of Hulk (2008) # 1 (CGC 9.8 SS) Signed Greg Pak & Ron Garney,publisher not stated and not determinable from the series,https://www.hipcomic.com/listing/skaar-son-of-hulk-2008-1-cgc-98-ss-signed-greg-pak-ron-garney/20407200
hipcomic (88).csv,46,10239259,comicage,300.00,CAD,We Live (2021) # 1 (CGC 9.8 WP) Fourth Printing Trinity Comics Limit 350 Copies,publisher not stated and not determinable from the series,https://www.hipcomic.com/listing/we-live-2021-1-cgc-98-wp-fourth-printing-trinity-comics-limit-350-copies/10239259
hipcomic (88).csv,48,20019946,Subz100,250.00,USD,"Harley Quinn Uncovered 1, Ryan Sook 1:50 Foil Variant CGC Graded 9.8",publisher not stated and not determinable from the series; no publication year in the title,https://www.hipcomic.com/listing/harley-quinn-uncovered-1-ryan-sook-150-foil-variant-cgc-graded-98/20019946
hipcomic (88).csv,49,12286600,comicage,300.00,CAD,Nice House On The Lake (2021) # 1 (CGC 9.8) Signed By James Tynion IV,signed or conserved book without a stated label type; publisher not stated and not determinable from the series,https://www.hipcomic.com/listing/nice-house-on-the-lake-2021-1-cgc-98-signed-by-james-tynion-iv/12286600
hipcomic (89).csv,7,19097877,papercinema,225.00,USD,JUNGLE  #56 CGC 2.5 1944-BOUND JUNGLE GIRL-2109123008,publisher not stated and not determinable from the series,https://www.hipcomic.com/listing/jungle-56-cgc-25-1944-bound-jungle-girl-2109123008/19097877
hipcomic (89).csv,13,10239654,comicage,300.00,CAD,Hardcore (2012) # 1 (CGC 9.8 WP) Marc Silvestri 1st Full App | New Movie,publisher not stated and not determinable from the series,https://www.hipcomic.com/listing/hardcore-2012-1-cgc-98-wp-marc-silvestri-1st-full-app-new-movie/10239654
hipcomic (89).csv,16,14012783,dtacollectibles,91.00,USD,X-MEN #188-CGC 9.6-1984-comic book-MARVEL-4330293007,no publication year in the title,https://www.hipcomic.com/listing/x-men-188-cgc-96-1984-comic-book-marvel-4330293007/14012783
hipcomic (89).csv,17,18741204,AtlantaClassicComics,274.99,USD,Batman # 233 CGC Graded 7.5 DC Comic Book Robin G-85 Giant Gotham JH12,no publication year in the title,https://www.hipcomic.com/listing/batman-233-cgc-graded-75-dc-comic-book-robin-g-85-giant-gotham-jh12/18741204
hipcomic (89).csv,22,10239196,comicage,300.00,CAD,Icon & Rocket: Season One (2021) #1 (CGC 9.8 WP) Koyano Variant Cover Census 6!!,publisher not stated and not determinable from the series,https://www.hipcomic.com/listing/icon-rocket-season-one-2021-1-cgc-98-wp-koyano-variant-cover-census-6/10239196
hipcomic (89).csv,23,14372076,comicage,300.00,CAD,Titans (2023)#1 (CGC 9.8) Signed Nathan Szerdy * Syndicate Foil Edition A * C=20,signed or conserved book without a stated label type,https://www.hipcomic.com/listing/titans-20231-cgc-98-signed-nathan-szerdy-syndicate-foil-edition-a-c20/14372076
hipcomic (89).csv,25,19097447,papercinema,331.50,USD,TEENAGE MUTANT NINJA TURTLES ADVENTURES #28 // CGC 9.8 // comic book // 1992 ...,publisher not stated and not determinable from the series,https://www.hipcomic.com/listing/teenage-mutant-ninja-turtles-adventures-28-cgc-98-comic-book-1992/19097447
hipcomic (89).csv,29,12436675,Killenenterprises,175.00,USD,CGC 9.4 Lady Death Malevolent Decimation #2 Comic Book Wonder Death Damaged 2021,publisher not stated and not determinable from the series,https://www.hipcomic.com/listing/cgc-94-lady-death-malevolent-decimation-2-comic-book-wonder-death-damaged-2021/12436675
hipcomic (89).csv,30,19630522,superflycomics,249.90,USD,CGC 9.2 Strange Kiss #1 Leather Edition TRIPLE SIGNED Ellis Wolfer Parsons,signed or conserved book without a stated label type; publisher not stated and not determinable from the series; no publication year in the title,https://www.hipcomic.com/listing/cgc-92-strange-kiss-1-leather-edition-triple-signed-ellis-wolfer-parsons/19630522
hipcomic (89).csv,34,20250170,AtlantaClassicComics,212.49,USD,Avengers Annual # 10 CGC Graded 6.5 Marvel Comic Book 1st Rogue Appearance JH24,no publication year in the title,https://www.hipcomic.com/listing/avengers-annual-10-cgc-graded-65-marvel-comic-book-1st-rogue-appearance-jh24/20250170
hipcomic (89).csv,35,20479380,comicage,200.00,CAD,Disney Comics And Stories (2019) # 4 (CGC 9.8 SS) Signed Bret Iwan,publisher not stated and not determinable from the series,https://www.hipcomic.com/listing/disney-comics-and-stories-2019-4-cgc-98-ss-signed-bret-iwan/20479380
hipcomic (89).csv,36,12351629,dtacollectibles,105.00,USD,AVENGERS #232 CGC 9.4 -STARFOX-MARVEL-comic book-NEWSSTAND 3990901005,no publication year in the title,https://www.hipcomic.com/listing/avengers-232-cgc-94-starfox-marvel-comic-book-newsstand-3990901005/12351629
hipcomic (89).csv,37,21734245,anthonyscomicbookart,149.95,USD,Donald Duck #74 - Tony Stobl & Jack Bradbury Art (CGC 7.0) 1960,publisher not stated and not determinable from the series,https://www.hipcomic.com/listing/donald-duck-74-tony-stobl-jack-bradbury-art-cgc-70-1960/21734245
hipcomic (89).csv,41,12677935,comicage,200.00,CAD,Barbie Fashion (1991) # 1 (CGC 9.4 WP) John Romita cover | Poly-Bagged,publisher not stated and not determinable from the series,https://www.hipcomic.com/listing/barbie-fashion-1991-1-cgc-94-wp-john-romita-cover-poly-bagged/12677935
hipcomic (89).csv,42,15499115,comicage,350.00,CAD,Batman - One Bad Day : Two-Face  (2022) # 1 (CGC 9.6 SS) Signed Stanley Census=4,publisher not stated and not determinable from the series,https://www.hipcomic.com/listing/batman-one-bad-day-two-face-2022-1-cgc-96-ss-signed-stanley-census4/15499115
hipcomic (89).csv,44,21329406,AtlantaClassicComics,299.99,USD,Superman Adventures # 14 CGC Graded 9.8 DC Comic Book Smallville Lex Luthor JH38,no publication year in the title,https://www.hipcomic.com/listing/superman-adventures-14-cgc-graded-98-dc-comic-book-smallville-lex-luthor-jh38/21329406
hipcomic (89).csv,46,21017586,Subz100,324.00,USD,"Dark Nights Death Metal 7 Ozzy Osbourne Italian Panini Variant, CGC Graded 9.8",no publication year in the title,https://www.hipcomic.com/listing/dark-nights-death-metal-7-ozzy-osbourne-italian-panini-variant-cgc-graded-98/21017586
hipcomic (89).csv,47,19856832,papercinema,405.00,USD,"Michaelangelo, Teenage Mutant Ninja Turtle #1-CGC 9.8-1986--first issue--comic b",publisher not stated and not determinable from the series; no publication year in the title,https://www.hipcomic.com/listing/michaelangelo-teenage-mutant-ninja-turtle-1-cgc-98-1986-first-issue-comic-b/19856832
hipcomic (89).csv,49,18770373,AtlantaClassicComics,249.99,USD,Detective Comics # 433 CGC Graded 9.2 DC Comic Book Batman Robin Batgirl JH13,no publication year in the title,https://www.hipcomic.com/listing/detective-comics-433-cgc-graded-92-dc-comic-book-batman-robin-batgirl-jh13/18770373
hipcomic (90).csv,2,11240891,comicage,300.00,CAD,Demon Wars:The Iron Samurai (2022)#1 (CGC 9.8 SS WP) Signed T. Dodson| Variant,publisher not stated and not determinable from the series,https://www.hipcomic.com/listing/demon-warsthe-iron-samurai-20221-cgc-98-ss-wp-signed-t-dodson-variant/11240891
hipcomic (90).csv,4,10478331,comicage,250.00,CAD,Batman: Fear State: Alpha  (2021) # 1 (CGC 9.8) Jimenez Variant Cover Census 6!,publisher not stated and not determinable from the series,https://www.hipcomic.com/listing/batman-fear-state-alpha-2021-1-cgc-98-jimenez-variant-cover-census-6/10478331
hipcomic (90).csv,6,19627385,superflycomics,249.99,USD,CGC 9.6 Lady Death All Hallows Evil #1 Wicked Edition SIGNED AUTHENTICATED 12/50,signed or conserved book without a stated label type; publisher not stated and not determinable from the series; no publication year in the title,https://www.hipcomic.com/listing/cgc-96-lady-death-all-hallows-evil-1-wicked-edition-signed-authenticated-12-50/19627385
hipcomic (90).csv,7,19099399,papercinema,305.50,USD,Combat Kelly #8 // CGC 6.0 // 1952 // Joe Maneely // Atlas War // 3811331003,publisher not stated and not determinable from the series,https://www.hipcomic.com/listing/combat-kelly-8-cgc-60-1952-joe-maneely-atlas-war-3811331003/19099399
hipcomic (90).csv,9,12791637,comicage,200.00,CAD,Strange (2022)  # 1 (CGC 9.8 SS) Signed Jed Mackay • Young Variant Cover,publisher not stated and not determinable from the series,https://www.hipcomic.com/listing/strange-2022-1-cgc-98-ss-signed-jed-mackay-o-young-variant-cover/12791637
hipcomic (90).csv,11,16928918,comicage,350.00,CAD,Teenage Mutant Ninja Turtles (2024) #139(CGC 9.8) Signed Mike del Mundo Census=2,signed or conserved book without a stated label type,https://www.hipcomic.com/listing/teenage-mutant-ninja-turtles-2024-139cgc-98-signed-mike-del-mundo-census2/16928918
hipcomic (90).csv,12,10236986,comicage,135.00,CAD,Peter Parker Spectacular Spider-Man (1979) # 28 (CGC 9.2 WP) | Frank Miller,publisher not stated and not determinable from the series,https://www.hipcomic.com/listing/peter-parker-spectacular-spider-man-1979-28-cgc-92-wp-frank-miller/10236986
hipcomic (90).csv,15,13351366,comicage,250.00,CAD,Mirka Andolfo’s Sweet Paprika Black W&P (2023) # 1 (CGC 9.6 SS) Signed Andolfo,publisher not stated and not determinable from the series,https://www.hipcomic.com/listing/mirka-andolfos-sweet-paprika-black-wp-2023-1-cgc-96-ss-signed-andolfo/13351366
hipcomic (90).csv,17,21273566,AtlantaClassicComics,299.99,USD,The Batman Adventures # 17 CGC Graded 9.8 DC Comic Book 1st Print JH36,no publication year in the title,https://www.hipcomic.com/listing/the-batman-adventures-17-cgc-graded-98-dc-comic-book-1st-print-jh36/21273566
hipcomic (90).csv,18,10478194,comicage,200.00,CAD,Batman Urban Legends (2021) # 6 ( CGC 9.8 WP)  Robin Revealed | Anacleto,publisher not stated and not determinable from the series,https://www.hipcomic.com/listing/batman-urban-legends-2021-6-cgc-98-wp-robin-revealed-anacleto/10478194
hipcomic (90).csv,19,13594692,Killenenterprises,150.00,USD,CGC 9.8 Black Panther v2 #46 Comic Book 2002 Lucas Cover Beautiful Cover!,publisher not stated and not determinable from the series,https://www.hipcomic.com/listing/cgc-98-black-panther-v2-46-comic-book-2002-lucas-cover-beautiful-cover/13594692
hipcomic (90).csv,20,16524438,comicage,300.00,CAD,Chaos Chronicles (2000) # nn (CGC 9.4 SS) Signed Brian Pulido * Census = 1*Chaos,publisher not stated and not determinable from the series,https://www.hipcomic.com/listing/chaos-chronicles-2000-nn-cgc-94-ss-signed-brian-pulido-census-1chaos/16524438
hipcomic (90).csv,24,10236989,comicage,135.00,CAD,Star Wars: Jango Fett Open Seasons (2002) # 3 (CGC 9.6) |,publisher not stated and not determinable from the series,https://www.hipcomic.com/listing/star-wars-jango-fett-open-seasons-2002-3-cgc-96-/10236989
hipcomic (90).csv,25,15452155,dtacollectibles,105.00,USD,New Teen Titans Keebler Edition CGC 9.6 -Drug issue-Promo- 0206992017,no issue number in the title; publisher not stated and not determinable from the series; no publication year in the title,https://www.hipcomic.com/listing/new-teen-titans-keebler-edition-cgc-96-drug-issue-promo-0206992017/15452155
hipcomic (90).csv,27,17349059,RandyPierce3,450.00,USD,CGC 9.8/9.6 Deadpool Kills the Marvel Universe #1 2 3 4 2nd Print SET Campbell,lot or multi-issue set; publisher not stated and not determinable from the series; no publication year in the title,https://www.hipcomic.com/listing/cgc-98-96-deadpool-kills-the-marvel-universe-1-2-3-4-2nd-print-set-campbell/17349059
hipcomic (90).csv,34,17207967,Princecringer,64.99,USD,CGC 9.6 Genesis Edition Dawn #nn Sirius Comics 1999,publisher not stated and not determinable from the series,https://www.hipcomic.com/listing/cgc-96-genesis-edition-dawn-nn-sirius-comics-1999/17207967
hipcomic (90).csv,35,18796535,comicage,300.00,CAD,Teenage Mutant Ninja Turtles : Alpha (2024) # nn (CGC 9.8) Signed Rod Reis * IDW,signed or conserved book without a stated label type,https://www.hipcomic.com/listing/teenage-mutant-ninja-turtles-alpha-2024-nn-cgc-98-signed-rod-reis-idw/18796535
hipcomic (90).csv,36,21837371,CollectorZone,85.00,USD,Hellverine #1 Texeira 1:100 Virgin - 2024 - CGC 9.8,publisher not stated and not determinable from the series,https://www.hipcomic.com/listing/hellverine-1-texeira-1100-virgin-2024-cgc-98/21837371
hipcomic (90).csv,37,13398309,dtacollectibles,140.00,USD,WONDER WOMAN #189 CGC 9.8 DC comic book Adam Hughes cover 4291313009,no publication year in the title,https://www.hipcomic.com/listing/wonder-woman-189-cgc-98-dc-comic-book-adam-hughes-cover-4291313009/13398309
hipcomic (90).csv,47,21442235,comicage,450.00,CAD,Nice House On The Lake (2021) # 1 (CGC 9.8) Signed By James Tynion IV • Martinez,signed or conserved book without a stated label type; publisher not stated and not determinable from the series,https://www.hipcomic.com/listing/nice-house-on-the-lake-2021-1-cgc-98-signed-by-james-tynion-iv-o-martinez/21442235
hipcomic (90).csv,49,10397192,comicage,500.00,CAD,Step By Bloody Step (2022) # 1 ( CGC 9.8 SS) | Signed By Jock Cover | 1:50 Ratio,publisher not stated and not determinable from the series,https://www.hipcomic.com/listing/step-by-bloody-step-2022-1-cgc-98-ss-signed-by-jock-cover-150-ratio/10397192
hipcomic (91).csv,4,15487821,rdbeard,225.00,USD,"CRIME ON THE WATERFRONT #4 - CGC-6.0, OW-W - Painted cover - Avon - Golden Age",no publication year in the title,https://www.hipcomic.com/listing/crime-on-the-waterfront-4-cgc-60-ow-w-painted-cover-avon-golden-age/15487821
hipcomic (91).csv,5,20963851,AtlantaClassicComics,199.99,USD,Young Avengers # 1 CGC Graded 9.4 Marvel Comic Book 1st Patriot Kate Bishop JH34,no publication year in the title,https://www.hipcomic.com/listing/young-avengers-1-cgc-graded-94-marvel-comic-book-1st-patriot-kate-bishop-jh34/20963851
hipcomic (91).csv,6,21329260,AtlantaClassicComics,299.99,USD,Superman Adventures # 45 CGC Graded 9.8 DC Comic Book Smallville Lex Luthor JH38,no publication year in the title,https://www.hipcomic.com/listing/superman-adventures-45-cgc-graded-98-dc-comic-book-smallville-lex-luthor-jh38/21329260
hipcomic (91).csv,7,10238781,comicage,200.00,CAD,"Micronauts (1979) # 1 (CGC 8,0 WP) Signed By Michael Golden | 1st App",signed or conserved book without a stated label type,https://www.hipcomic.com/listing/micronauts-1979-1-cgc-80-wp-signed-by-michael-golden-1st-app/10238781
hipcomic (91).csv,8,21162596,AtlantaClassicComics,249.99,USD,What If ? # 50 CGC Graded 9.8 Marvel Comic Book Wolverine Killed Hulk Foil JH35,no publication year in the title,https://www.hipcomic.com/listing/what-if-50-cgc-graded-98-marvel-comic-book-wolverine-killed-hulk-foil-jh35/21162596
hipcomic (91).csv,9,19422386,shauk786,249.99,USD,Silk #5 1:25 Judy Jong Variant  CGC 9.8 GORGEOUS SLAB WHITE PAGES.,no publication year in the title,https://www.hipcomic.com/listing/silk-5-125-judy-jong-variant-cgc-98-gorgeous-slab-white-pages/19422386
hipcomic (91).csv,11,19098717,papercinema,240.50,USD,Thrills Of Tomorrow #19  1955 - Harvey -CGC VG- - Comic Book-,no numeric grade in the title,https://www.hipcomic.com/listing/thrills-of-tomorrow-19-1955-harvey-cgc-vg-comic-book-/19098717
hipcomic (91).csv,12,20160237,comicage,250.00,CAD,Avengers Vs. X-Men (2012) # 1 (CGC 9.6 SS) Sketch Scott Lobdell,publisher not stated and not determinable from the series,https://www.hipcomic.com/listing/avengers-vs-x-men-2012-1-cgc-96-ss-sketch-scott-lobdell/20160237
hipcomic (91).csv,15,10238663,comicage,250.00,CAD,Death Of Doctor Strange (2021) # 1 (CGC 9.8 WP) Hans Variant | Census=12,publisher not stated and not determinable from the series,https://www.hipcomic.com/listing/death-of-doctor-strange-2021-1-cgc-98-wp-hans-variant-census12/10238663
hipcomic (91).csv,17,19253258,papercinema,225.00,USD,Sweethearts #137 CGC 7.5 1973- RARE LAST ISSUE 2044942001,publisher not stated and not determinable from the series,https://www.hipcomic.com/listing/sweethearts-137-cgc-75-1973-rare-last-issue-2044942001/19253258
hipcomic (91).csv,18,19220717,anthonyscomicbookart,199.97,USD,Lady Death: Chaos Rules #1 - Naughty Metallic Edition 20/50 Sgd CGC 9.8 - 2023,adult-variant wording (needs a manual look before Merchant Center); publisher not stated and not determinable from the series,https://www.hipcomic.com/listing/lady-death-chaos-rules-1-naughty-metallic-edition-20-50-sgd-cgc-98-2023/19220717
hipcomic (91).csv,19,14166635,comicage,200.00,CAD,Micronauts : Facsimile Edition (2023) # 1 ( CGC 9.8 SS) Signed Al Milgrom . C =1,publisher not stated and not determinable from the series,https://www.hipcomic.com/listing/micronauts-facsimile-edition-2023-1-cgc-98-ss-signed-al-milgrom-c-1/14166635
hipcomic (91).csv,20,12677951,comicage,250.00,CAD,Spider-Man Marvel Tales (1984) # 163 (CGC 9.6 WP) Canadian Price variant CPV,publisher not stated and not determinable from the series,https://www.hipcomic.com/listing/spider-man-marvel-tales-1984-163-cgc-96-wp-canadian-price-variant-cpv/12677951
hipcomic (91).csv,24,10237310,comicage,130.00,CAD,Extreme Carnage: Scream #1 (CGC 9.8)  Young Variant Cover,no publication year in the title,https://www.hipcomic.com/listing/extreme-carnage-scream-1-cgc-98-young-variant-cover/10237310
hipcomic (91).csv,26,21698952,wsandefur,495.00,USD,SUPERIOR SPIDER-MAN #17 CGC 9.6 1:50 RATIO JG Jones variant - Spider-Man 2099,no publication year in the title,https://www.hipcomic.com/listing/superior-spider-man-17-cgc-96-150-ratio-jg-jones-variant-spider-man-2099/21698952
hipcomic (91).csv,30,16978502,comicage,400.00,CAD,Birds Of Prey (2023) # 1 (CGC 9.8 SS) Signed Nick Bradshaw • 1:25 • Census = 1,publisher not stated and not determinable from the series,https://www.hipcomic.com/listing/birds-of-prey-2023-1-cgc-98-ss-signed-nick-bradshaw-o-125-o-census-1/16978502
hipcomic (91).csv,34,12898154,comicage,250.00,CAD,Hellions (2021) #8 (CGC 9.8 SS) Signed Jay Anacleto Virgin Ed. Zeb Wells Story,publisher not stated and not determinable from the series,https://www.hipcomic.com/listing/hellions-2021-8-cgc-98-ss-signed-jay-anacleto-virgin-ed-zeb-wells-story/12898154
hipcomic (91).csv,35,21411153,AtlantaClassicComics,299.99,USD,Doctor Strange Of Asgard #1 CGC Graded 9.8 Marvel Comic Book Virgin Variant JH39,no publication year in the title,https://www.hipcomic.com/listing/doctor-strange-of-asgard-1-cgc-graded-98-marvel-comic-book-virgin-variant-jh39/21411153
hipcomic (91).csv,37,12874093,comicage,225.00,CAD,Dark Crisis Special Edition (2022) # 1 (CGC SS 9.8) Signed J. Williamson,publisher not stated and not determinable from the series,https://www.hipcomic.com/listing/dark-crisis-special-edition-2022-1-cgc-ss-98-signed-j-williamson/12874093
hipcomic (91).csv,40,21438006,AtlantaClassicComics,209.99,USD,Batman Detective Comics # 1 CGC Graded 9.6 DC Comic Book New 52 Joker JH40,no publication year in the title,https://www.hipcomic.com/listing/batman-detective-comics-1-cgc-graded-96-dc-comic-book-new-52-joker-jh40/21438006
hipcomic (91).csv,42,12677623,comicage,200.00,CAD,Spider-Man Marvel Tales (1984) # 169 (CGC 9.4 WP) Canadian Price variant CPV,publisher not stated and not determinable from the series,https://www.hipcomic.com/listing/spider-man-marvel-tales-1984-169-cgc-94-wp-canadian-price-variant-cpv/12677623
hipcomic (91).csv,43,13843051,dtacollectibles,154.00,USD,Spider-Boy Team-Up #1 CGC 9.8 1997 Amalgam comic book 4318359017,publisher not stated and not determinable from the series,https://www.hipcomic.com/listing/spider-boy-team-up-1-cgc-98-1997-amalgam-comic-book-4318359017/13843051
hipcomic (91).csv,44,19100179,papercinema,240.50,USD,Usagi Yojimbo #1  1986 - Fantagraphics -CGC 9.2 - Comic Book-3961792007,publisher not stated and not determinable from the series,https://www.hipcomic.com/listing/usagi-yojimbo-1-1986-fantagraphics-cgc-92-comic-book-3961792007/19100179
hipcomic (91).csv,46,15669689,dtacollectibles,112.00,USD,Marvel Team-up #77 CGC 9.4 MS. MARVEL - SPIDER-MAN 2070169024,no publication year in the title,https://www.hipcomic.com/listing/marvel-team-up-77-cgc-94-ms-marvel-spider-man-2070169024/15669689
hipcomic (91).csv,49,15039155,comicage,250.00,CAD,Star Wars : Dark Empire II ( 1995)  # 3 ( CGC 9.4) Signed & Sketch  Dave Dorman,signed or conserved book without a stated label type,https://www.hipcomic.com/listing/star-wars-dark-empire-ii-1995-3-cgc-94-signed-sketch-dave-dorman/15039155
hipcomic (92).csv,4,11190277,comicage,250.00,CAD,Iron Cat  (2022) #1 (CGC SS 9.8) Signed  By Jed Mackay  Census 2!!,publisher not stated and not determinable from the series,https://www.hipcomic.com/listing/iron-cat-2022-1-cgc-ss-98-signed-by-jed-mackay-census-2/11190277
hipcomic (92).csv,5,15667932,dtacollectibles,91.00,USD,ACTION COMICS #718 CGC 9.6 1st DEMOLITIA comic book 4330292024,no publication year in the title,https://www.hipcomic.com/listing/action-comics-718-cgc-96-1st-demolitia-comic-book-4330292024/15667932
hipcomic (92).csv,9,12839094,comicage,400.00,CAD,Giant-Size Black Cat Infinity Score (2022) # 1 (CGC SS 9.8) Signed Greg Horn • B,publisher not stated and not determinable from the series,https://www.hipcomic.com/listing/giant-size-black-cat-infinity-score-2022-1-cgc-ss-98-signed-greg-horn-o-b/12839094
hipcomic (92).csv,14,17207115,comicage,350.00,CAD,Absolute Power :Task Force VII (2024)# 1 (CGC 9.8 SS) Signed & Sketch John Timms,publisher not stated and not determinable from the series,https://www.hipcomic.com/listing/absolute-power-task-force-vii-2024-1-cgc-98-ss-signed-sketch-john-timms/17207115
hipcomic (92).csv,15,16123767,anthonyscomicbookart,149.88,USD,Fantastic Four Pocket Book #3 (CGC 8.5) White Pages - 1980,publisher not stated and not determinable from the series,https://www.hipcomic.com/listing/fantastic-four-pocket-book-3-cgc-85-white-pages-1980/16123767
hipcomic (92).csv,16,10238765,comicage,247.50,CAD,Star Wars: Episode 1 The Phantom Menace (1999) #3 (CGC 9.6) 1st Darth Maul Photo,publisher not stated and not determinable from the series,https://www.hipcomic.com/listing/star-wars-episode-1-the-phantom-menace-1999-3-cgc-96-1st-darth-maul-photo/10238765
hipcomic (92).csv,20,17192153,comicage,350.00,CAD,Unbreakable Red Sonja (2023) 5 (CGC 9.6) Signed Sketch She devil With A Swod Zub,signed or conserved book without a stated label type; publisher not stated and not determinable from the series,https://www.hipcomic.com/listing/unbreakable-red-sonja-2023-5-cgc-96-signed-sketch-she-devil-with-a-swod-zub/17192153
hipcomic (92).csv,23,12677621,comicage,200.00,CAD,Spider-Man Marvel Tales (1984) # 159 (CGC 9.4 WP) Canadian Price variant CPV,publisher not stated and not determinable from the series,https://www.hipcomic.com/listing/spider-man-marvel-tales-1984-159-cgc-94-wp-canadian-price-variant-cpv/12677621
hipcomic (92).csv,25,18770370,AtlantaClassicComics,299.99,USD,Detective Comics # 434 CGC Graded 9.2 DC Comic Book Batman Robin Batgirl JH13,no publication year in the title,https://www.hipcomic.com/listing/detective-comics-434-cgc-graded-92-dc-comic-book-batman-robin-batgirl-jh13/18770370
hipcomic (92).csv,29,20924153,AtlantaClassicComics,237.49,USD,Amazing Spider-Man # 302 CGC Graded 9.6 Marvel Comic Book Todd McFarlane JH32,no publication year in the title,https://www.hipcomic.com/listing/amazing-spider-man-302-cgc-graded-96-marvel-comic-book-todd-mcfarlane-jh32/20924153
hipcomic (92).csv,32,20504698,AtlantaClassicComics,149.99,USD,Wonder Woman # 170 CGC Graded 9.8 DC Comic Book Adam Hughes Superman JH26,no publication year in the title,https://www.hipcomic.com/listing/wonder-woman-170-cgc-graded-98-dc-comic-book-adam-hughes-superman-jh26/20504698
hipcomic (92).csv,33,12839092,comicage,300.00,CAD,Giant-Size Black Cat Infinity Score (2022) # 1 (CGC SS 9.6) Signed Greg Horn • C,publisher not stated and not determinable from the series,https://www.hipcomic.com/listing/giant-size-black-cat-infinity-score-2022-1-cgc-ss-96-signed-greg-horn-o-c/12839092
hipcomic (92).csv,40,15706044,vintageexplosion,93.50,USD,BATTLESTAR GALACTICA #1--1979--CGC 9.6-MARVEL--4048259007,no publication year in the title,https://www.hipcomic.com/listing/battlestar-galactica-1-1979-cgc-96-marvel-4048259007/15706044
hipcomic (92).csv,44,11432035,Killenenterprises,250.00,USD,CGC 9.6 Friday the 13th Bloodbath #3 DieCut Variant Comic Book 2006 Brian Pulido,publisher not stated and not determinable from the series,https://www.hipcomic.com/listing/cgc-96-friday-the-13th-bloodbath-3-diecut-variant-comic-book-2006-brian-pulido/11432035
hipcomic (92).csv,46,10410897,comicage,300.00,CAD,Tokyo Ghost (2015) # 1 (CGC 9.8) Variant Image | 1st App Led Dent | Sean Murphy,publisher not stated and not determinable from the series,https://www.hipcomic.com/listing/tokyo-ghost-2015-1-cgc-98-variant-image-1st-app-led-dent-sean-murphy/10410897
hipcomic (92).csv,48,14833393,comicage,250.00,CAD,Robotech : Rick Hunter (2023) # 1 (CGC 9.6 SS) Signed Derrick Chew *Foil Edition,publisher not stated and not determinable from the series,https://www.hipcomic.com/listing/robotech-rick-hunter-2023-1-cgc-96-ss-signed-derrick-chew-foil-edition/14833393
hipcomic (92).csv,49,21365193,papercinema,214.50,USD,Uncle Scrooge #195  1982 - Whitman -CGC 9.6 - Comic Book-0909925002,publisher not stated and not determinable from the series,https://www.hipcomic.com/listing/uncle-scrooge-195-1982-whitman-cgc-96-comic-book-0909925002/21365193
hipcomic (93).csv,3,19421258,shauk786,199.99,USD,STAR WARS HIGH REPUBLIC #4 JAN DUURSEMA VIRGIN VARIANT CGC 9.8,publisher not stated and not determinable from the series; no publication year in the title,https://www.hipcomic.com/listing/star-wars-high-republic-4-jan-duursema-virgin-variant-cgc-98/19421258
hipcomic (93).csv,4,20251796,AtlantaClassicComics,274.99,USD,Justice Society Of America # 1 CGC Graded 9.6 DC Comic Book Variant Cover JH25,no publication year in the title,https://www.hipcomic.com/listing/justice-society-of-america-1-cgc-graded-96-dc-comic-book-variant-cover-jh25/20251796
hipcomic (93).csv,5,15453360,dtacollectibles,112.00,USD,WONDER WOMAN #175-CGC 9.8-2001-Jim Lee-Joker-comic book 4393769011,no publication year in the title,https://www.hipcomic.com/listing/wonder-woman-175-cgc-98-2001-jim-lee-joker-comic-book-4393769011/15453360
hipcomic (93).csv,7,17319331,AtlantaClassicComics,299.99,USD,Department Of Truth # 9 CGC Graded 9.8 Image Comic Book Coll. Choice Variant JH9,no publication year in the title,https://www.hipcomic.com/listing/department-of-truth-9-cgc-graded-98-image-comic-book-coll-choice-variant-jh9/17319331
hipcomic (93).csv,12,21837376,CollectorZone,75.00,USD,Amazing X-Men #2 - Andy Kubert - 1995 - CGC 9.8,publisher not stated and not determinable from the series,https://www.hipcomic.com/listing/amazing-x-men-2-andy-kubert-1995-cgc-98/21837376
hipcomic (93).csv,14,19653119,papercinema,312.50,USD,"Sports Illustrated Nov 16, 1959 CGC 8.0 HIGHEST -Daytona International Speedway",publisher not stated and not determinable from the series,https://www.hipcomic.com/listing/sports-illustrated-nov-16-1959-cgc-80-highest-daytona-international-speedway/19653119
hipcomic (93).csv,15,20423414,comicage,350.00,CAD,Skaar Son of Hulk (2008) # 1 (CGC 9.8 SS) Signed Greg Pak & Ron Garney,publisher not stated and not determinable from the series,https://www.hipcomic.com/listing/skaar-son-of-hulk-2008-1-cgc-98-ss-signed-greg-pak-ron-garney/20423414
hipcomic (93).csv,16,12813661,comicage,250.00,CAD,Death Doctor Strange (2022) # 3 (CGC 9.8 WP) Jacinto Variant|Signed Mackay | C=1,signed or conserved book without a stated label type; publisher not stated and not determinable from the series,https://www.hipcomic.com/listing/death-doctor-strange-2022-3-cgc-98-wp-jacinto-variant-signed-mackay-c1/12813661
hipcomic (93).csv,21,21837330,CollectorZone,49.99,USD,Blood Hunt #2 - 2024 - CGC 9.8,lot or multi-issue set,https://www.hipcomic.com/listing/blood-hunt-2-2024-cgc-98/21837330
hipcomic (93).csv,22,19098488,papercinema,325.00,USD,Wyatt Earp #4 CGC 9.4 1958- Dell TV Western- Hugh O'Brian 4514814024,publisher not stated and not determinable from the series,https://www.hipcomic.com/listing/wyatt-earp-4-cgc-94-1958-dell-tv-western-hugh-obrian-4514814024/19098488
hipcomic (93).csv,24,10238485,comicage,200.00,CAD,Spirits Of Vengeance: Spirit Rider (2021) # 1 (CGC 9.8) Rodriguez Variant Cover,publisher not stated and not determinable from the series,https://www.hipcomic.com/listing/spirits-of-vengeance-spirit-rider-2021-1-cgc-98-rodriguez-variant-cover/10238485
hipcomic (93).csv,25,14168235,comicage,300.00,CAD,Balder The Brave (1985) # 1 (CGC 9.4 SS) Signed Walt Simonson * CPV * Census = 1,publisher not stated and not determinable from the series,https://www.hipcomic.com/listing/balder-the-brave-1985-1-cgc-94-ss-signed-walt-simonson-cpv-census-1/14168235
hipcomic (93).csv,26,21273548,AtlantaClassicComics,199.99,USD,Transformers Generation 2 # 10 CGC Graded 9.4 Marvel Comic Book 1st Print JH37,no publication year in the title,https://www.hipcomic.com/listing/transformers-generation-2-10-cgc-graded-94-marvel-comic-book-1st-print-jh37/21273548
hipcomic (93).csv,28,14165199,comicage,350.00,CAD,Spider-Man (2023) # 2 (CGC 9.8) Signed Humberto Ramos • Ramos Variant Cover •C=2,signed or conserved book without a stated label type,https://www.hipcomic.com/listing/spider-man-2023-2-cgc-98-signed-humberto-ramos-o-ramos-variant-cover-oc2/14165199
hipcomic (93).csv,30,21633402,AtlantaClassicComics,174.99,USD,Miracleman # 9 CGC Graded 9.6 Eclipse Comic Book Alan Moore 1986 JH42,publisher not stated and not determinable from the series,https://www.hipcomic.com/listing/miracleman-9-cgc-graded-96-eclipse-comic-book-alan-moore-1986-jh42/21633402
hipcomic (93).csv,31,19146228,anthonyscomicbookart,199.95,USD,Grimm Fairy Tales #50 - Blue Gryphon Exc / Signed Billy Tucci - CGC 9.8 - 2010,signed or conserved book without a stated label type,https://www.hipcomic.com/listing/grimm-fairy-tales-50-blue-gryphon-exc-signed-billy-tucci-cgc-98-2010/19146228
hipcomic (93).csv,33,15669586,dtacollectibles,210.00,USD,Star Wars: Knight of the Old Republic #41 CGC 9.8  1st app Chantique-comic bo...,publisher not stated and not determinable from the series; no publication year in the title,https://www.hipcomic.com/listing/star-wars-knight-of-the-old-republic-41-cgc-98-1st-app-chantique-comic-bo/15669586
hipcomic (93).csv,34,21417641,AtlantaClassicComics,349.99,USD,Superman Batman Annual # 4 CGC Graded 9.8 DC Comic Book Artgerm Lau Beyond JH39,no publication year in the title,https://www.hipcomic.com/listing/superman-batman-annual-4-cgc-graded-98-dc-comic-book-artgerm-lau-beyond-jh39/21417641
hipcomic (93).csv,35,12874082,comicage,300.00,CAD,Dark Crisis On Infinite Earth (2022) # 2 (CGC SS 9.8) Signed J. Williamson •1:25,publisher not stated and not determinable from the series,https://www.hipcomic.com/listing/dark-crisis-on-infinite-earth-2022-2-cgc-ss-98-signed-j-williamson-o125/12874082
hipcomic (93).csv,36,19421378,shauk786,199.99,USD,GLARIEN #1 WEBSTORE EXCLUSIVE COVER CGC 9.8 GORGEOUS SLAB WHITE PAGES.,publisher not stated and not determinable from the series; no publication year in the title,https://www.hipcomic.com/listing/glarien-1-webstore-exclusive-cover-cgc-98-gorgeous-slab-white-pages/19421378
hipcomic (93).csv,37,17536555,comicage,350.00,CAD,Lord Of The Jungle (2022) # v3 # 1 (CGC 9.8 SS) Signed  Lee weeks * Census = 1,publisher not stated and not determinable from the series,https://www.hipcomic.com/listing/lord-of-the-jungle-2022-v3-1-cgc-98-ss-signed-lee-weeks-census-1/17536555
hipcomic (93).csv,38,10478204,comicage,150.00,CAD,A Thing Called Truth (2021) # 1 (CGC 9.8 WP) Census=6,publisher not stated and not determinable from the series,https://www.hipcomic.com/listing/a-thing-called-truth-2021-1-cgc-98-wp-census6/10478204
hipcomic (93).csv,41,19098278,papercinema,262.50,USD,AMAZING SPIDER-MAN #240 CGC 9.8 -comic book-1983-MARVEL 4000986001,no publication year in the title,https://www.hipcomic.com/listing/amazing-spider-man-240-cgc-98-comic-book-1983-marvel-4000986001/19098278
hipcomic (93).csv,42,21162618,AtlantaClassicComics,312.49,USD,Catwoman # 45 CGC Graded 9.8 DC Comic Book Adam Hughes Batman 1st Print JH35,no publication year in the title,https://www.hipcomic.com/listing/catwoman-45-cgc-graded-98-dc-comic-book-adam-hughes-batman-1st-print-jh35/21162618
hipcomic (93).csv,47,21364946,avfdesign,199.99,USD,Conan the Barbarian #188 CGC 9.6 NEWSSTAND! Marvel Boarder,no publication year in the title,https://www.hipcomic.com/listing/conan-the-barbarian-188-cgc-96-newsstand-marvel-boarder/21364946
hipcomic (93).csv,49,13251397,dtacollectibles,175.00,USD,Moon Knight #2 Vol. 2 CGC 9.8  1st Dr. Arthur Harrow-NEWSSTAND 4254920009,no publication year in the title,https://www.hipcomic.com/listing/moon-knight-2-vol-2-cgc-98-1st-dr-arthur-harrow-newsstand-4254920009/13251397
hipcomic (94).csv,5,13620699,comicage,175.00,CAD,Multiversity Harley Screws Up The DCU (2023) # 4 (CGC 9.8 SS) Signed Frank Tieri,publisher not stated and not determinable from the series,https://www.hipcomic.com/listing/multiversity-harley-screws-up-the-dcu-2023-4-cgc-98-ss-signed-frank-tieri/13620699
hipcomic (94).csv,6,19422074,shauk786,179.99,USD,Teenage Mutant Ninja Turtles 40th Anniversary Mike Rooth FOIL COVER CGC 9.8.,no issue number in the title; publisher not stated and not determinable from the series; no publication year in the title,https://www.hipcomic.com/listing/teenage-mutant-ninja-turtles-40th-anniversary-mike-rooth-foil-cover-cgc-98/19422074
hipcomic (94).csv,8,20025475,Subz100,260.00,USD,"Knight Terrors Ravager 2, Natalie Sanders 1:25 Variant  Cover, CGC Graded 9.8",publisher not stated and not determinable from the series; no publication year in the title,https://www.hipcomic.com/listing/knight-terrors-ravager-2-natalie-sanders-125-variant-cover-cgc-graded-98/20025475
hipcomic (94).csv,10,12895394,comicage,350.00,CAD,Dark Web (2023) #1 (CGC 9.8 SS) Signed By Adam Kubert & Ryan Stegman Var 1:25,publisher not stated and not determinable from the series,https://www.hipcomic.com/listing/dark-web-2023-1-cgc-98-ss-signed-by-adam-kubert-ryan-stegman-var-125/12895394
hipcomic (94).csv,11,20263875,comicage,250.00,CAD,Alien Worlds (1983) #2 (CGC 9.8 WP) Dave Stevens Classic Key • Pacific Comics,publisher not stated and not determinable from the series,https://www.hipcomic.com/listing/alien-worlds-1983-2-cgc-98-wp-dave-stevens-classic-key-o-pacific-comics/20263875
hipcomic (94).csv,13,19100181,papercinema,227.50,USD,Spider-Man Unlimited #1 CGC 9.8 //  First Maximum Carnage // Marvel // comic ...,no publication year in the title,https://www.hipcomic.com/listing/spider-man-unlimited-1-cgc-98-first-maximum-carnage-marvel-comic/19100181
hipcomic (94).csv,16,12869056,Killenenterprises,150.00,USD,CGC 9.6 Gargoyles Facsimile Edion #1 Comic Book 2023 Gold Foil Variant,publisher not stated and not determinable from the series,https://www.hipcomic.com/listing/cgc-96-gargoyles-facsimile-edion-1-comic-book-2023-gold-foil-variant/12869056
hipcomic (94).csv,18,10238973,comicage,202.50,CAD,Clive Barker Ectokid (1993) # 1 (CGC 9.8 WP) | 1st Full App Ectokid | Movie,publisher not stated and not determinable from the series,https://www.hipcomic.com/listing/clive-barker-ectokid-1993-1-cgc-98-wp-1st-full-app-ectokid-movie/10238973
hipcomic (94).csv,22,19856840,papercinema,270.00,USD,Real Love #46 CGC 7.0 1952- Ace Golden Age Romance-4632792001,publisher not stated and not determinable from the series,https://www.hipcomic.com/listing/real-love-46-cgc-70-1952-ace-golden-age-romance-4632792001/19856840
hipcomic (94).csv,23,19762717,papercinema,212.50,USD,Voltron #1 CGC 9.4- 1985-1st issue-comic book-3839047002,publisher not stated and not determinable from the series,https://www.hipcomic.com/listing/voltron-1-cgc-94-1985-1st-issue-comic-book-3839047002/19762717
hipcomic (94).csv,24,13526395,comicage,300.00,CAD,Moon Girl And Devil Dinosaur (2018) # 32 (CGC 9.8 WP) 1st App Princess Fisk,publisher not stated and not determinable from the series,https://www.hipcomic.com/listing/moon-girl-and-devil-dinosaur-2018-32-cgc-98-wp-1st-app-princess-fisk/13526395
hipcomic (94).csv,26,15706055,vintageexplosion,165.00,USD,INCREDIBLE HULK v SUPERMAN--CGC 9.8--Marvel/DC--1999--comic book--4254921019,no issue number in the title; more than one publisher named in the title; publisher not stated and not determinable from the series; no publication year in the title,https://www.hipcomic.com/listing/incredible-hulk-v-superman-cgc-98-marvel-dc-1999-comic-book-4254921019/15706055
hipcomic (94).csv,29,12436537,Killenenterprises,175.00,USD,CGC 9.8 Lady Death Treacherous Infamy #1 Comic Book Premium Foil Variant 2021,publisher not stated and not determinable from the series,https://www.hipcomic.com/listing/cgc-98-lady-death-treacherous-infamy-1-comic-book-premium-foil-variant-2021/12436537
hipcomic (94).csv,30,13543279,Dave-pcs,139.00,USD,BLACK KNIGHT #1 CGC 9.6 HIP HOP VARIANT GYIMAH GARIBA cover,publisher not stated and not determinable from the series; no publication year in the title,https://www.hipcomic.com/listing/black-knight-1-cgc-96-hip-hop-variant-gyimah-gariba-cover/13543279
hipcomic (94).csv,32,12677952,comicage,250.00,CAD,Spider-Man Marvel Tales (1984) # 161 (CGC 9.6 WP) Canadian Price variant CPV,publisher not stated and not determinable from the series,https://www.hipcomic.com/listing/spider-man-marvel-tales-1984-161-cgc-96-wp-canadian-price-variant-cpv/12677952
hipcomic (94).csv,33,10478338,comicage,250.00,CAD,Niobe: She Is Life (2016) # 1 (CGC 9.6)  Signed Cozine Jones May | Census = 1,signed or conserved book without a stated label type; publisher not stated and not determinable from the series,https://www.hipcomic.com/listing/niobe-she-is-life-2016-1-cgc-96-signed-cozine-jones-may-census-1/10478338
hipcomic (94).csv,34,20910589,AtlantaClassicComics,274.99,USD,Kiss Psycho Circus # 31 CGC Graded 9.8 Image Comic Book 2000 Gene Simmons JH30,publisher not stated and not determinable from the series,https://www.hipcomic.com/listing/kiss-psycho-circus-31-cgc-graded-98-image-comic-book-2000-gene-simmons-jh30/20910589
hipcomic (94).csv,35,10237420,comicage,125.00,CAD,Future State: Gotham (2021) #1 (CGC 9.8 WP) Variant Cover,publisher not stated and not determinable from the series,https://www.hipcomic.com/listing/future-state-gotham-2021-1-cgc-98-wp-variant-cover/10237420
hipcomic (94).csv,41,20644723,anthonyscomicbookart,149.95,USD,Deadpool #7 - Signed Skottie Young /  Variant Cover (CGC Qual 9.6) 2016,signed or conserved book without a stated label type,https://www.hipcomic.com/listing/deadpool-7-signed-skottie-young-variant-cover-cgc-qual-96-2016/20644723
hipcomic (94).csv,44,15669711,dtacollectibles,105.00,USD,Vision and the Scarlet Witch #2 CGC 9.6-1982-comic book-3839047012,no publication year in the title,https://www.hipcomic.com/listing/vision-and-the-scarlet-witch-2-cgc-96-1982-comic-book-3839047012/15669711
hipcomic (94).csv,46,11432036,Killenenterprises,225.00,USD,CGC 9.6 Mr. T and the T-Force #1 Comic Book 1993 Neal Adams Newsstand,publisher not stated and not determinable from the series,https://www.hipcomic.com/listing/cgc-96-mr-t-and-the-t-force-1-comic-book-1993-neal-adams-newsstand/11432036
hipcomic (95).csv,4,10239320,comicage,350.00,CAD,Amazing Spider-Man Annual # 16 (CGC 9.4 WP) 1st App Of The New Captain Marvel,no publication year in the title,https://www.hipcomic.com/listing/amazing-spider-man-annual-16-cgc-94-wp-1st-app-of-the-new-captain-marvel/10239320
hipcomic (95).csv,5,21329267,AtlantaClassicComics,249.99,USD,Superman Adventures # 39 CGC Graded 9.6 DC Comic Book Smallville Lex Luthor JH38,no publication year in the title,https://www.hipcomic.com/listing/superman-adventures-39-cgc-graded-96-dc-comic-book-smallville-lex-luthor-jh38/21329267
hipcomic (95).csv,6,20910580,AtlantaClassicComics,249.99,USD,Kiss Psycho Circus # 19 CGC Graded 9.8 Image Comic Book Gene Simmons 1999 JH30,publisher not stated and not determinable from the series,https://www.hipcomic.com/listing/kiss-psycho-circus-19-cgc-graded-98-image-comic-book-gene-simmons-1999-jh30/20910580
hipcomic (95).csv,7,19421297,shauk786,199.99,USD,AIN’T NO GRAVE #1 STEPHANIE HANS COMIC CORNER EXCLUSIVE VARIANT  CGC 9.8,publisher not stated and not determinable from the series; no publication year in the title,https://www.hipcomic.com/listing/aint-no-grave-1-stephanie-hans-comic-corner-exclusive-variant-cgc-98/19421297
hipcomic (95).csv,8,12884873,comicage,275.00,CAD,Ultimate Comics Spider-Man Facsimile (2023) # 1 (CGC 9.8 SS) Signed Mico Suayan,publisher not stated and not determinable from the series,https://www.hipcomic.com/listing/ultimate-comics-spider-man-facsimile-2023-1-cgc-98-ss-signed-mico-suayan/12884873
hipcomic (95).csv,10,21767970,RandyPierce3,105.00,USD,Spawn #163 CGC 9.8 NM/M Capullo Cover Image Comics,no publication year in the title,https://www.hipcomic.com/listing/spawn-163-cgc-98-nm-m-capullo-cover-image-comics/21767970
hipcomic (95).csv,11,12677625,comicage,200.00,CAD,Spider-Man Marvel Tales (1985) # 173 (CGC 9.4 WP) Canadian Price variant CPV,publisher not stated and not determinable from the series,https://www.hipcomic.com/listing/spider-man-marvel-tales-1985-173-cgc-94-wp-canadian-price-variant-cpv/12677625
hipcomic (95).csv,12,21633412,AtlantaClassicComics,199.99,USD,Detective Comics # 575 CGC Graded 9.6 DC Comic Book Todd McFarlane Year 2 JH42,no publication year in the title,https://www.hipcomic.com/listing/detective-comics-575-cgc-graded-96-dc-comic-book-todd-mcfarlane-year-2-jh42/21633412
hipcomic (95).csv,13,10601007,comicage,250.00,CAD,Sunfire & Big Hero 6 (1998) # 1 (CGC 9.6 WP) 1st App Baymax & Honey Lemon,publisher not stated and not determinable from the series,https://www.hipcomic.com/listing/sunfire-big-hero-6-1998-1-cgc-96-wp-1st-app-baymax-honey-lemon/10601007
hipcomic (95).csv,16,14853821,dtacollectibles,126.00,USD,Incredible Hercules #113 CGC 9.8-2009-Marvel-comic book-Amadeus Cho-4393771022,no publication year in the title,https://www.hipcomic.com/listing/incredible-hercules-113-cgc-98-2009-marvel-comic-book-amadeus-cho-4393771022/14853821
hipcomic (95).csv,18,21734272,anthonyscomicbookart,174.95,USD,Donald Duck #83 - Carl Barks Cover / Vic Lockman Story (CGC 7.5) 1962,publisher not stated and not determinable from the series,https://www.hipcomic.com/listing/donald-duck-83-carl-barks-cover-vic-lockman-story-cgc-75-1962/21734272
hipcomic (95).csv,19,17319348,AtlantaClassicComics,189.99,USD,Mister Miracle # 2 CGC Graded 7.5 VF- DC Comic Book Jack Kirby JH9,no publication year in the title,https://www.hipcomic.com/listing/mister-miracle-2-cgc-graded-75-vf-dc-comic-book-jack-kirby-jh9/17319348
hipcomic (95).csv,26,19819400,Dave-pcs,149.00,USD,The Boys #7 Virgin Variant - CGC 9.8 - Homelander WHATNOT Exclusive Kirkham,publisher not stated and not determinable from the series; no publication year in the title,https://www.hipcomic.com/listing/the-boys-7-virgin-variant-cgc-98-homelander-whatnot-exclusive-kirkham/19819400
hipcomic (95).csv,29,18796539,comicage,300.00,CAD,Star Wars :High Republic-Eye Of Storm (2022) #1 (CGC 9.8) Signed Charles Soule,signed or conserved book without a stated label type; publisher not stated and not determinable from the series,https://www.hipcomic.com/listing/star-wars-high-republic-eye-of-storm-2022-1-cgc-98-signed-charles-soule/18796539
hipcomic (95).csv,32,8975667,anthonyscomicbookart,149.97,USD,INVESTMENT LOT OF 20 OMEGA MEN #1 UNREAD! (9.2 OR BETTER) CGC THEM!,lot or multi-issue set; publisher not stated and not determinable from the series; no publication year in the title,https://www.hipcomic.com/listing/investment-lot-of-20-omega-men-1-unread-92-or-better-cgc-them/8975667
hipcomic (95).csv,36,18322216,anthonyscomicbookart,174.88,USD,Superman #100 CGC (9.6) Signed by Dan Jurgens & Joe Rubinstein - 1995,signed or conserved book without a stated label type,https://www.hipcomic.com/listing/superman-100-cgc-96-signed-by-dan-jurgens-joe-rubinstein-1995/18322216
hipcomic (95).csv,38,20504735,AtlantaClassicComics,249.99,USD,Marvel Team-Up # 65 CGC Graded 9.0 Comic Book Captain Briatin Spider-Man JH26,no publication year in the title,https://www.hipcomic.com/listing/marvel-team-up-65-cgc-graded-90-comic-book-captain-briatin-spider-man-jh26/20504735
hipcomic (95).csv,39,19098646,papercinema,325.00,USD,Disney's Darkwing Duck Limited Series #1 // CGC 9.6 // First issue // 1998430015,publisher not stated and not determinable from the series; no publication year in the title,https://www.hipcomic.com/listing/disneys-darkwing-duck-limited-series-1-cgc-96-first-issue-1998430015/19098646
hipcomic (95).csv,40,10239559,comicage,270.00,CAD,Road Rage (2012) # 1 (CGC 9.8 WP) Stephen King Joe Hill | New TV Show,publisher not stated and not determinable from the series,https://www.hipcomic.com/listing/road-rage-2012-1-cgc-98-wp-stephen-king-joe-hill-new-tv-show/10239559
hipcomic (95).csv,42,10237663,comicage,90.00,CAD,X-Corp (2021)  # 1 (CGC 9.8) Young Variant Cover,publisher not stated and not determinable from the series,https://www.hipcomic.com/listing/x-corp-2021-1-cgc-98-young-variant-cover/10237663
hipcomic (95).csv,47,10226301,comicage,300.00,CAD,Death Of Doctor Strange (2021) # 2 (CGC 9.8 WP)  1:25 |Signed Mackay | Census=1,signed or conserved book without a stated label type; publisher not stated and not determinable from the series,https://www.hipcomic.com/listing/death-of-doctor-strange-2021-2-cgc-98-wp-125-signed-mackay-census1/10226301
hipcomic (95).csv,48,17798041,comicage,250.00,CAD,Star Wars: Mara Jade (1998) #5 (CGC 9.4 SS) Story And Signed Timothy Zahn,publisher not stated and not determinable from the series,https://www.hipcomic.com/listing/star-wars-mara-jade-1998-5-cgc-94-ss-story-and-signed-timothy-zahn/17798041
hipcomic (96).csv,2,15669691,dtacollectibles,140.00,USD,Criminal Macabre: A Cal McDonald Mystery #3 2003 CGC 9.8 Signed TEMPLESMITH-1...,signed or conserved book without a stated label type; publisher not stated and not determinable from the series,https://www.hipcomic.com/listing/criminal-macabre-a-cal-mcdonald-mystery-3-2003-cgc-98-signed-templesmith-1/15669691
hipcomic (96).csv,3,21738870,shauk786,149.99,USD,FAME: SATOSHI TAJIRI: “ DRAGONCHU/PIKACHU’’ SPOT FOIL VIRGIN EDITION CGC 9.8.,no issue number in the title; publisher not stated and not determinable from the series; no publication year in the title,https://www.hipcomic.com/listing/fame-satoshi-tajiri-dragonchu-pikachu-spot-foil-virgin-edition-cgc-98/21738870
hipcomic (96).csv,8,11243491,comicage,250.00,CAD,Strange (2022) #1 (CGC 9.8 SS WP) Signed M. Asrar & J. Mackay| Variant Cover,publisher not stated and not determinable from the series,https://www.hipcomic.com/listing/strange-2022-1-cgc-98-ss-wp-signed-m-asrar-j-mackay-variant-cover/11243491
hipcomic (96).csv,16,12778260,comicage,300.00,CAD,Persuasion (2022) # 4 (CGC 9.8 SS) Who Did It Better Foil A •Signed Ryan Kincaid,publisher not stated and not determinable from the series,https://www.hipcomic.com/listing/persuasion-2022-4-cgc-98-ss-who-did-it-better-foil-a-osigned-ryan-kincaid/12778260
hipcomic (96).csv,18,12921691,comicage,250.00,CAD,Way Of X (2021) #1 (CGC 9.8 SS) Signed Jay Anacleto Variant Cover A,publisher not stated and not determinable from the series,https://www.hipcomic.com/listing/way-of-x-2021-1-cgc-98-ss-signed-jay-anacleto-variant-cover-a/12921691
hipcomic (96).csv,20,11431971,Killenenterprises,250.00,USD,CGC 8.0 Public Enemy #1 Comic Book 2007 Chuck D Story American Mule,publisher not stated and not determinable from the series,https://www.hipcomic.com/listing/cgc-80-public-enemy-1-comic-book-2007-chuck-d-story-american-mule/11431971
hipcomic (96).csv,21,2665671,dtacollectibles,105.00,USD,3-D COLOR CLASSICS #2 GULLIVERS TRAVELS CGC SS GRADED 7.5 - 1187290005,publisher not stated and not determinable from the series; no publication year in the title,https://www.hipcomic.com/listing/3-d-color-classics-2-gullivers-travels-cgc-ss-graded-75-1187290005/2665671
hipcomic (96).csv,24,13827225,comicage,250.00,CAD,Tokyo Ghost (2015) # 1 (CGC 9.8) Pink Debbie Variant Image | 1st App Led Dent,publisher not stated and not determinable from the series,https://www.hipcomic.com/listing/tokyo-ghost-2015-1-cgc-98-pink-debbie-variant-image-1st-app-led-dent/13827225
hipcomic (96).csv,27,16556368,anthonyscomicbookart,149.88,USD,Superman/Wonder Woman #9 (CGC 9.8) Signed by Tony Daniel - 2014,signed or conserved book without a stated label type; publisher not stated and not determinable from the series,https://www.hipcomic.com/listing/superman-wonder-woman-9-cgc-98-signed-by-tony-daniel-2014/16556368
hipcomic (96).csv,30,19099874,papercinema,162.50,USD,AMAZING SPIDER-MAN #360 // 1st Carnage // CGC 9.6 // MARVEL // 1993024006,no publication year in the title,https://www.hipcomic.com/listing/amazing-spider-man-360-1st-carnage-cgc-96-marvel-1993024006/19099874
hipcomic (96).csv,32,20905601,AtlantaClassicComics,212.49,USD,Ultimate Spider-Man # 3 CGC Graded 9.8 3rd Print Variant Marvel Comic Book JH29,no publication year in the title,https://www.hipcomic.com/listing/ultimate-spider-man-3-cgc-graded-98-3rd-print-variant-marvel-comic-book-jh29/20905601
hipcomic (96).csv,34,21767368,RandyPierce3,145.00,USD,Spawn #290 CGC 9.8 NM/M Todd McFarlane Cover/Art Image Comics,no publication year in the title,https://www.hipcomic.com/listing/spawn-290-cgc-98-nm-m-todd-mcfarlane-cover-art-image-comics/21767368
hipcomic (96).csv,39,12778262,comicage,225.00,CAD,Persuasion (2022) # 4 (CGC 9.8 SS) Who Did It Better A • Signed Ryan Kincaid,publisher not stated and not determinable from the series,https://www.hipcomic.com/listing/persuasion-2022-4-cgc-98-ss-who-did-it-better-a-o-signed-ryan-kincaid/12778262
hipcomic (96).csv,42,17673469,comicage,250.00,CAD,G. Joe Yearbook #1 (CGC 7.5) Signed Michael Golden *Hama* Canadian Price Variant,signed or conserved book without a stated label type; publisher not stated and not determinable from the series; no publication year in the title,https://www.hipcomic.com/listing/g-joe-yearbook-1-cgc-75-signed-michael-golden-hama-canadian-price-variant/17673469
hipcomic (96).csv,43,12436535,Killenenterprises,175.00,USD,CGC 9.8 Star Wars the Mandalorian #2 Larroca Virgin Variant Comic Book 2022,publisher not stated and not determinable from the series,https://www.hipcomic.com/listing/cgc-98-star-wars-the-mandalorian-2-larroca-virgin-variant-comic-book-2022/12436535
hipcomic (96).csv,44,10483905,comicage,250.00,CAD,House Of Slaughter (2021) # 1 (CGC 9.8) Signed Tynion IV  & Dell’Edera (1:50),signed or conserved book without a stated label type,https://www.hipcomic.com/listing/house-of-slaughter-2021-1-cgc-98-signed-tynion-iv-delledera-150/10483905
hipcomic (96).csv,48,19099772,papercinema,227.50,USD,Rock N Roll #26  1990 - Revolutionary -CGC 9.8 - Comic Book-4393769002,publisher not stated and not determinable from the series,https://www.hipcomic.com/listing/rock-n-roll-26-1990-revolutionary-cgc-98-comic-book-4393769002/19099772
hipcomic (96).csv,49,19415813,AtlantaClassicComics,262.49,USD,JSA Secret Files # 1 CGC Graded 9.6 DC Comic Book 1st Hawkgirl Ken Saunders JH19,no publication year in the title,https://www.hipcomic.com/listing/jsa-secret-files-1-cgc-graded-96-dc-comic-book-1st-hawkgirl-ken-saunders-jh19/19415813
hipcomic (97).csv,7,20668144,anthonyscomicbookart,249.95,USD,"X-Men #1 - Mexican/ Signed Claremont, Lee, Williams/ Cover 1 (CGC Qual 9.4) 2019",signed or conserved book without a stated label type,https://www.hipcomic.com/listing/x-men-1-mexican-signed-claremont-lee-williams-cover-1-cgc-qual-94-2019/20668144
hipcomic (97).csv,8,21329275,AtlantaClassicComics,249.99,USD,Superman Adventures # 29 CGC Graded 9.6 DC Comic Book Smallville Lex Luthor JH38,no publication year in the title,https://www.hipcomic.com/listing/superman-adventures-29-cgc-graded-96-dc-comic-book-smallville-lex-luthor-jh38/21329275
hipcomic (97).csv,10,19097372,papercinema,279.50,USD,Combat Kelly #31 // CGC 5.0 // 1955 //  Russ Heath cvr // Atlas War // 381133...,publisher not stated and not determinable from the series,https://www.hipcomic.com/listing/combat-kelly-31-cgc-50-1955-russ-heath-cvr-atlas-war-381133/19097372
hipcomic (97).csv,11,14135261,comicage,300.00,CAD,X-lives Of Wolverine (2022) #1 (CGC 9.8 SS) Signed Todd Nauck • Census = 3,publisher not stated and not determinable from the series,https://www.hipcomic.com/listing/x-lives-of-wolverine-2022-1-cgc-98-ss-signed-todd-nauck-o-census-3/14135261
hipcomic (97).csv,12,15360322,anthonyscomicbookart,199.64,USD,"Tom Corbett, Space Cadet #v2 #3 - Mort Meskin Cover - CGC Grade 5.5 - 1955",publisher not stated and not determinable from the series,https://www.hipcomic.com/listing/tom-corbett-space-cadet-v2-3-mort-meskin-cover-cgc-grade-55-1955/15360322
hipcomic (97).csv,14,21767423,RandyPierce3,120.00,USD,Spawn #283 CGC 9.8 NM/M Todd McFarlane story Image Comics,no publication year in the title,https://www.hipcomic.com/listing/spawn-283-cgc-98-nm-m-todd-mcfarlane-story-image-comics/21767423
hipcomic (97).csv,15,10238324,comicage,187.50,CAD,"Carnage: Black, White & Blood (2021) # 1 (CGC 9.8) Ottley Variant Cover 1:25",publisher not stated and not determinable from the series,https://www.hipcomic.com/listing/carnage-black-white-blood-2021-1-cgc-98-ottley-variant-cover-125/10238324
hipcomic (97).csv,19,10401988,comicage,300.00,CAD,Crisis On The Infinite Earths (1985) # 1 (CGC 9.2 WP SS) CPV | Signed Wolfman,publisher not stated and not determinable from the series,https://www.hipcomic.com/listing/crisis-on-the-infinite-earths-1985-1-cgc-92-wp-ss-cpv-signed-wolfman/10401988
hipcomic (97).csv,20,21837386,CollectorZone,40.00,USD,New Avengers #31 - 2007 - CGC 9.8,lot or multi-issue set,https://www.hipcomic.com/listing/new-avengers-31-2007-cgc-98/21837386
hipcomic (97).csv,21,11431970,Killenenterprises,200.00,USD,CGC 9.0 Public Enemy #3 Comic Book 2007 Chuck D Story American Mule,publisher not stated and not determinable from the series,https://www.hipcomic.com/listing/cgc-90-public-enemy-3-comic-book-2007-chuck-d-story-american-mule/11431970
hipcomic (97).csv,22,11236395,Killenenterprises,115.00,USD,CGC 8.5 Vampirella Year One #1 Guillem March Variant Comic Book 2022,publisher not stated and not determinable from the series,https://www.hipcomic.com/listing/cgc-85-vampirella-year-one-1-guillem-march-variant-comic-book-2022/11236395
hipcomic (97).csv,23,13296931,comicage,300.00,CAD,Joker: Year Of The Villain (2019) #1 (CGC 9.8 WPSS) Signed By Ryan Kincaid,signed or conserved book without a stated label type; publisher not stated and not determinable from the series,https://www.hipcomic.com/listing/joker-year-of-the-villain-2019-1-cgc-98-wpss-signed-by-ryan-kincaid/13296931
hipcomic (97).csv,25,15706020,vintageexplosion,110.00,USD,Batman #663--CGC 9.8--Joker--comic book--DC-- 4346835012,no publication year in the title,https://www.hipcomic.com/listing/batman-663-cgc-98-joker-comic-book-dc-4346835012/15706020
hipcomic (97).csv,26,12880689,comicage,135.00,CAD,Uncanny X-Force (2013) # 35 (CGC SS 9.0) Signed Mark Brooks • Variant,publisher not stated and not determinable from the series,https://www.hipcomic.com/listing/uncanny-x-force-2013-35-cgc-ss-90-signed-mark-brooks-o-variant/12880689
hipcomic (97).csv,27,20025184,Subz100,390.00,USD,Street Fighter 2021 Sci-Fi & Fantasy Special 1 Kunkka Lim Variant CGC 9.9 NT 9.8,no issue number in the title; publisher not stated and not determinable from the series,https://www.hipcomic.com/listing/street-fighter-2021-sci-fi-fantasy-special-1-kunkka-lim-variant-cgc-99-nt-98/20025184
hipcomic (97).csv,28,12373884,rkornblow,39.95,USD,Batman Secret Files: Huntress Federici Cover (2021) CGC 9.6,no issue number in the title; publisher not stated and not determinable from the series,https://www.hipcomic.com/listing/batman-secret-files-huntress-federici-cover-2021-cgc-96/12373884
hipcomic (97).csv,29,20020025,anthonyscomicbookart,139.95,USD,Batman Returns: Official Motion Picture Adaptation - Dave Dorman (CGC 9.8) 1992,no issue number in the title; publisher not stated and not determinable from the series,https://www.hipcomic.com/listing/batman-returns-official-motion-picture-adaptation-dave-dorman-cgc-98-1992/20020025
hipcomic (97).csv,30,14377207,comicage,300.00,CAD,Star Wars:Han Solo & Chewbacca(2022)#1 (CGC 9.6) Signed Hughes*Variant Cover*C=1,signed or conserved book without a stated label type; publisher not stated and not determinable from the series,https://www.hipcomic.com/listing/star-warshan-solo-chewbacca20221-cgc-96-signed-hughesvariant-coverc1/14377207
hipcomic (97).csv,31,12263663,comicage,150.00,CAD,Strange (2022) #1 (CGC 9.8 ) Asrar Variant Cover | Doctor Strange # 417,publisher not stated and not determinable from the series,https://www.hipcomic.com/listing/strange-2022-1-cgc-98-asrar-variant-cover-doctor-strange-417/12263663
hipcomic (97).csv,33,13794013,dtacollectibles,105.00,USD,DC/Marvel: All Access #1 CGC 9.6 1997 comic book-4318362009,publisher not stated and not determinable from the series,https://www.hipcomic.com/listing/dc-marvel-all-access-1-cgc-96-1997-comic-book-4318362009/13794013
hipcomic (97).csv,35,12436676,Killenenterprises,175.00,USD,CGC 9.2 Amazing Spider-man Riot at Robotworld #2 Comic Book 1991 NACME Special,publisher not stated and not determinable from the series,https://www.hipcomic.com/listing/cgc-92-amazing-spider-man-riot-at-robotworld-2-comic-book-1991-nacme-special/12436676
hipcomic (97).csv,39,20260706,Subz100,290.00,USD,"Lady Death Unholy Ruin  1, Naughty Metal Edition McTeigue Variant CGC 9.8 Ltd 26",adult-variant wording (needs a manual look before Merchant Center); publisher not stated and not determinable from the series; no publication year in the title,https://www.hipcomic.com/listing/lady-death-unholy-ruin-1-naughty-metal-edition-mcteigue-variant-cgc-98-ltd-26/20260706
hipcomic (97).csv,43,21837481,CollectorZone,49.99,USD,Blood Hunt #3 - 2024 - CGC 9.8,lot or multi-issue set,https://www.hipcomic.com/listing/blood-hunt-3-2024-cgc-98/21837481
hipcomic (97).csv,44,16463322,comicage,250.00,CAD,Aquaman and the Lost Kingdom Special (2023) # 1 (CGC 9.6) Signed Sketch Lobdell,signed or conserved book without a stated label type; publisher not stated and not determinable from the series,https://www.hipcomic.com/listing/aquaman-and-the-lost-kingdom-special-2023-1-cgc-96-signed-sketch-lobdell/16463322
hipcomic (97).csv,47,15998571,vintageexplosion,110.00,USD,Bloodshot #6 -- CGC 9.8 -- Valiant -- 1st Ninjak -- comic book,no publication year in the title,https://www.hipcomic.com/listing/bloodshot-6-cgc-98-valiant-1st-ninjak-comic-book/15998571
hipcomic (98).csv,4,21365181,papercinema,260.00,USD,WEIRD MYSTERIES #8 CGC 1.5 1953-PRE-CODE HORROR-Wolverton-2033761013,publisher not stated and not determinable from the series,https://www.hipcomic.com/listing/weird-mysteries-8-cgc-15-1953-pre-code-horror-wolverton-2033761013/21365181
hipcomic (98).csv,7,12925824,comicage,250.00,CAD,The Killer: Affairs Of The State (2022) #1 (CGC 9.8 SS) Signed Jonboy Meyers,publisher not stated and not determinable from the series,https://www.hipcomic.com/listing/the-killer-affairs-of-the-state-2022-1-cgc-98-ss-signed-jonboy-meyers/12925824
hipcomic (98).csv,9,16005747,dtacollectibles,126.00,USD,Curse of the Spawn #22 1998 CGC 9.8 White Pages-comic book 3842444012,publisher not stated and not determinable from the series,https://www.hipcomic.com/listing/curse-of-the-spawn-22-1998-cgc-98-white-pages-comic-book-3842444012/16005747
hipcomic (98).csv,10,20931836,AtlantaClassicComics,299.99,USD,Werewolf By Night # 14 CGC Graded 9.2 Marvel Comic Book Mike Ploog Cover JH33,no publication year in the title,https://www.hipcomic.com/listing/werewolf-by-night-14-cgc-graded-92-marvel-comic-book-mike-ploog-cover-jh33/20931836
hipcomic (98).csv,11,10478341,comicage,250.00,CAD,The Joker Presents: A Puzzlebox (2021) #1 (CGC 9.8) Mooneyham Var Cover Census 5,publisher not stated and not determinable from the series,https://www.hipcomic.com/listing/the-joker-presents-a-puzzlebox-2021-1-cgc-98-mooneyham-var-cover-census-5/10478341
hipcomic (98).csv,13,15842088,dtacollectibles,154.00,USD,AMAZING SPIDER-MAN #344 CGC 9.6 comic book -1st CLETUS KASADY (CARNAGE) 38048...,no publication year in the title,https://www.hipcomic.com/listing/amazing-spider-man-344-cgc-96-comic-book-1st-cletus-kasady-carnage-38048/15842088
hipcomic (98).csv,16,10239520,comicage,270.00,CAD,Star Wars: X-wing Rogue Squadron (1997) #1/2 (CGC 9.8) | Silver Logo | Wizard,publisher not stated and not determinable from the series,https://www.hipcomic.com/listing/star-wars-x-wing-rogue-squadron-1997-1-2-cgc-98-silver-logo-wizard/10239520
hipcomic (98).csv,17,13311092,comicage,175.00,CAD,Fairest (2012) #7 (CGC 9.6 SS) Signed Adam Hughes  Matthew Sturges Story,publisher not stated and not determinable from the series,https://www.hipcomic.com/listing/fairest-2012-7-cgc-96-ss-signed-adam-hughes-matthew-sturges-story/13311092
hipcomic (98).csv,18,15998174,vintageexplosion,148.50,USD,Moon Knight #25 CGC 9.6--1ST Black Spectre--comic book--Marvel,no publication year in the title,https://www.hipcomic.com/listing/moon-knight-25-cgc-96-1st-black-spectre-comic-book-marvel/15998174
hipcomic (98).csv,19,2665174,dtacollectibles,161.00,USD,Li'l Kids #3 1971 CGC 9.4 -stan Goldberg-off-white To White 0775195010,publisher not stated and not determinable from the series,https://www.hipcomic.com/listing/lil-kids-3-1971-cgc-94-stan-goldberg-off-white-to-white-0775195010/2665174
hipcomic (98).csv,23,19146226,anthonyscomicbookart,249.95,USD,Lady Death: Pin Ups #1 - Pencils - LTD 20 / Signed Ryan Kincaid - CGC 9.6 - 2019,signed or conserved book without a stated label type; publisher not stated and not determinable from the series,https://www.hipcomic.com/listing/lady-death-pin-ups-1-pencils-ltd-20-signed-ryan-kincaid-cgc-96-2019/19146226
hipcomic (98).csv,25,19554753,Dave-pcs,89.00,USD,Venom: Lethal Protector #1 - 1993 Marvel Red Foil Graded CGC 9.6 ?,lot or multi-issue set,https://www.hipcomic.com/listing/venom-lethal-protector-1-1993-marvel-red-foil-graded-cgc-96/19554753
hipcomic (98).csv,28,16489772,anthonyscomicbookart,99.88,USD,Truckin' #1 (CGC 7.5) George Metzger Art - White Pages - 1972,publisher not stated and not determinable from the series,https://www.hipcomic.com/listing/truckin-1-cgc-75-george-metzger-art-white-pages-1972/16489772
hipcomic (98).csv,30,21837392,CollectorZone,100.00,USD,Battle Chasers #3 Madureira cover - Red Monika - 1998 - CGC 9.6,publisher not stated and not determinable from the series,https://www.hipcomic.com/listing/battle-chasers-3-madureira-cover-red-monika-1998-cgc-96/21837392
hipcomic (98).csv,31,12677622,comicage,200.00,CAD,Spider-Man Marvel Tales (1984) # 164 (CGC 9.4 WP) Canadian Price variant CPV,publisher not stated and not determinable from the series,https://www.hipcomic.com/listing/spider-man-marvel-tales-1984-164-cgc-94-wp-canadian-price-variant-cpv/12677622
hipcomic (98).csv,38,20644644,anthonyscomicbookart,149.95,USD,Punisher/Batman: Deadly Knights - Signed Chuck Dixon (CGC Qual 9.8) 1994,no issue number in the title; signed or conserved book without a stated label type; publisher not stated and not determinable from the series,https://www.hipcomic.com/listing/punisher-batman-deadly-knights-signed-chuck-dixon-cgc-qual-98-1994/20644644
hipcomic (98).csv,39,19765589,papercinema,406.25,USD,TEENAGE MUTANT NINJA TURTLES III: The Movie CGC 9.8 1993 RARE prestige NEWSSTAND,no issue number in the title; publisher not stated and not determinable from the series,https://www.hipcomic.com/listing/teenage-mutant-ninja-turtles-iii-the-movie-cgc-98-1993-rare-prestige-newsstand/19765589
hipcomic (98).csv,40,15453332,dtacollectibles,105.00,USD,House of M #4 CGC 9.8-Hawkeye-Marvel comic book 4393772006,no publication year in the title,https://www.hipcomic.com/listing/house-of-m-4-cgc-98-hawkeye-marvel-comic-book-4393772006/15453332
hipcomic (98).csv,42,10412319,comicage,200.00,CAD,Heathen (2017) # 1 (CGC 9.8 WP) 1:5 Ratio Rare In Production,publisher not stated and not determinable from the series,https://www.hipcomic.com/listing/heathen-2017-1-cgc-98-wp-15-ratio-rare-in-production/10412319
hipcomic (98).csv,45,21344375,avfdesign,299.90,USD,GI Combat 1977 DC #200 CGC 9.0 Mark Jewelers Insert - Rare!,publisher not stated and not determinable from the series,https://www.hipcomic.com/listing/gi-combat-1977-dc-200-cgc-90-mark-jewelers-insert-rare/21344375
hipcomic (98).csv,46,12653125,Killenenterprises,200.00,USD,CGC 8.5 Lady Death Unholy Ruin #1 Comic Book 2018 Coffin Creepy Crawler Holidays,publisher not stated and not determinable from the series,https://www.hipcomic.com/listing/cgc-85-lady-death-unholy-ruin-1-comic-book-2018-coffin-creepy-crawler-holidays/12653125
hipcomic (98).csv,49,11432029,Killenenterprises,250.00,USD,CGC 9.2 A Nightmare on Elm Street Paranoid #1 Red Foil Variant Comic Book 2005,publisher not stated and not determinable from the series,https://www.hipcomic.com/listing/cgc-92-a-nightmare-on-elm-street-paranoid-1-red-foil-variant-comic-book-2005/11432029
